clip_id,blues,classical,country,jazz,pop,rock,techno
32957,1,0,0,0,0,0,0
11455,1,0,0,0,0,0,0
52328,1,0,0,0,0,0,0
53525,1,0,0,0,0,0,0
45825,1,0,0,0,0,0,0
30821,1,0,0,0,0,0,0
29272,1,0,0,0,0,0,0
5399,1,0,0,0,0,0,0
39429,1,0,0,0,0,0,0
4869,1,0,0,0,0,0,0
42856,1,0,0,0,0,0,0
54355,1,0,0,0,0,0,0
11764,1,0,0,0,0,0,0
28301,1,0,0,0,0,0,0
8162,1,0,0,0,0,0,0
52571,1,0,0,0,0,0,0
11684,1,0,0,0,0,0,0
47799,1,0,0,0,0,0,0
24535,1,0,0,0,0,0,0
28195,1,0,0,0,0,0,0
55772,1,0,0,0,0,0,0
45944,1,0,0,0,0,0,0
48607,1,0,0,0,0,0,0
1848,1,0,0,0,0,0,0
17903,1,0,0,0,0,0,0
55112,1,0,0,0,0,0,0
8160,1,0,0,0,0,0,0
53523,1,0,0,0,0,0,0
53035,1,0,0,0,0,0,0
26184,1,0,0,0,0,0,0
47311,0,1,0,0,0,0,0
56338,0,1,0,0,0,0,0
58898,0,1,0,0,0,0,0
52098,0,1,0,0,0,0,0
18256,0,1,0,0,0,0,0
3150,0,1,0,0,0,0,0
46678,0,1,0,0,0,0,0
36631,0,1,0,0,0,0,0
11740,0,1,0,0,0,0,0
52834,0,1,0,0,0,0,0
10903,0,1,0,0,0,0,0
12026,0,1,0,0,0,0,0
27075,0,1,0,0,0,0,0
3171,0,1,0,0,0,0,0
24347,0,1,0,0,0,0,0
40186,0,1,0,0,0,0,0
12758,0,1,0,0,0,0,0
15404,0,1,0,0,0,0,0
33017,0,1,0,0,0,0,0
5446,0,1,0,0,0,0,0
58124,0,1,0,0,0,0,0
27403,0,1,0,0,0,0,0
23853,0,1,0,0,0,0,0
18293,0,1,0,0,0,0,0
51232,0,1,0,0,0,0,0
33345,0,1,0,0,0,0,0
246,0,1,0,0,0,0,0
31469,0,1,0,0,0,0,0
35108,0,1,0,0,0,0,0
9997,0,1,0,0,0,0,0
52438,0,1,0,0,0,0,0
52859,0,1,0,0,0,0,0
7169,0,1,0,0,0,0,0
48894,0,1,0,0,0,0,0
55751,0,1,0,0,0,0,0
11324,0,1,0,0,0,0,0
37905,0,1,0,0,0,0,0
56884,0,1,0,0,0,0,0
17851,0,1,0,0,0,0,0
36541,0,1,0,0,0,0,0
47772,0,1,0,0,0,0,0
44239,0,1,0,0,0,0,0
38956,0,1,0,0,0,0,0
11758,0,1,0,0,0,0,0
45608,0,1,0,0,0,0,0
35545,0,1,0,0,0,0,0
5953,0,1,0,0,0,0,0
54520,0,1,0,0,0,0,0
17262,0,1,0,0,0,0,0
53262,0,1,0,0,0,0,0
12769,0,1,0,0,0,0,0
51140,0,1,0,0,0,0,0
9925,0,1,0,0,0,0,0
6862,0,1,0,0,0,0,0
30928,0,1,0,0,0,0,0
28270,0,1,0,0,0,0,0
15930,0,1,0,0,0,0,0
38398,0,1,0,0,0,0,0
35447,0,1,0,0,0,0,0
4061,0,1,0,0,0,0,0
54517,0,1,0,0,0,0,0
29841,0,1,0,0,0,0,0
58569,0,1,0,0,0,0,0
55784,0,1,0,0,0,0,0
29737,0,1,0,0,0,0,0
53134,0,1,0,0,0,0,0
6106,0,1,0,0,0,0,0
46012,0,1,0,0,0,0,0
46161,0,1,0,0,0,0,0
33304,0,1,0,0,0,0,0
55614,0,1,0,0,0,0,0
9939,0,1,0,0,0,0,0
58018,0,1,0,0,0,0,0
38526,0,1,0,0,0,0,0
19493,0,1,0,0,0,0,0
12826,0,1,0,0,0,0,0
31416,0,1,0,0,0,0,0
52541,0,1,0,0,0,0,0
26685,0,1,0,0,0,0,0
48275,0,1,0,0,0,0,0
8977,0,1,0,0,0,0,0
144,0,1,0,0,0,0,0
41825,0,1,0,0,0,0,0
42175,0,1,0,0,0,0,0
19243,0,1,0,0,0,0,0
36405,0,1,0,0,0,0,0
5475,0,1,0,0,0,0,0
54310,0,1,0,0,0,0,0
49879,0,1,0,0,0,0,0
40468,0,1,0,0,0,0,0
1064,0,1,0,0,0,0,0
41655,0,1,0,0,0,0,0
53898,0,1,0,0,0,0,0
28891,0,1,0,0,0,0,0
44945,0,1,0,0,0,0,0
53184,0,1,0,0,0,0,0
22620,0,1,0,0,0,0,0
16463,0,1,0,0,0,0,0
28236,0,1,0,0,0,0,0
7189,0,1,0,0,0,0,0
47717,0,1,0,0,0,0,0
32850,0,1,0,0,0,0,0
49705,0,1,0,0,0,0,0
29685,0,1,0,0,0,0,0
39490,0,1,0,0,0,0,0
30933,0,1,0,0,0,0,0
51,0,1,0,0,0,0,0
57258,0,1,0,0,0,0,0
29419,0,1,0,0,0,0,0
35589,0,1,0,0,0,0,0
56036,0,1,0,0,0,0,0
21430,0,1,0,0,0,0,0
42186,0,1,0,0,0,0,0
37494,0,1,0,0,0,0,0
53155,0,1,0,0,0,0,0
54507,0,1,0,0,0,0,0
38191,0,1,0,0,0,0,0
17043,0,1,0,0,0,0,0
4507,0,1,0,0,0,0,0
12055,0,1,0,0,0,0,0
56867,0,1,0,0,0,0,0
16579,0,1,0,0,0,0,0
52158,0,1,0,0,0,0,0
56815,0,1,0,0,0,0,0
30674,0,1,0,0,0,0,0
22525,0,1,0,0,0,0,0
12800,0,1,0,0,0,0,0
22328,0,1,0,0,0,0,0
54670,0,1,0,0,0,0,0
46006,0,1,0,0,0,0,0
45101,0,1,0,0,0,0,0
57973,0,1,0,0,0,0,0
35464,0,1,0,0,0,0,0
34495,0,1,0,0,0,0,0
6848,0,1,0,0,0,0,0
48314,0,1,0,0,0,0,0
25607,0,1,0,0,0,0,0
28672,0,1,0,0,0,0,0
145,0,1,0,0,0,0,0
56749,0,1,0,0,0,0,0
1655,0,1,0,0,0,0,0
19939,0,1,0,0,0,0,0
46009,0,1,0,0,0,0,0
35105,0,1,0,0,0,0,0
40537,0,1,0,0,0,0,0
31358,0,1,0,0,0,0,0
46007,0,1,0,0,0,0,0
35899,0,1,0,0,0,0,0
42950,0,1,0,0,0,0,0
7198,0,1,0,0,0,0,0
54169,0,1,0,0,0,0,0
48303,0,1,0,0,0,0,0
26979,0,1,0,0,0,0,0
26349,0,1,0,0,0,0,0
34729,0,1,0,0,0,0,0
24556,0,1,0,0,0,0,0
33437,0,1,0,0,0,0,0
28648,0,1,0,0,0,0,0
21462,0,1,0,0,0,0,0
15266,0,1,0,0,0,0,0
57694,0,1,0,0,0,0,0
48149,0,1,0,0,0,0,0
49566,0,1,0,0,0,0,0
31455,0,1,0,0,0,0,0
14360,0,1,0,0,0,0,0
54000,0,1,0,0,0,0,0
4615,0,1,0,0,0,0,0
16777,0,1,0,0,0,0,0
44895,0,1,0,0,0,0,0
57972,0,1,0,0,0,0,0
4288,0,1,0,0,0,0,0
53054,0,1,0,0,0,0,0
34390,0,1,0,0,0,0,0
2314,0,1,0,0,0,0,0
58573,0,1,0,0,0,0,0
12844,0,1,0,0,0,0,0
16229,0,1,0,0,0,0,0
33717,0,1,0,0,0,0,0
21949,0,1,0,0,0,0,0
16226,0,1,0,0,0,0,0
17031,0,1,0,0,0,0,0
7205,0,1,0,0,0,0,0
52505,0,1,0,0,0,0,0
48791,0,1,0,0,0,0,0
44228,0,1,0,0,0,0,0
32327,0,1,0,0,0,0,0
31472,0,1,0,0,0,0,0
38604,0,1,0,0,0,0,0
6476,0,1,0,0,0,0,0
42948,0,1,0,0,0,0,0
23138,0,1,0,0,0,0,0
51258,0,1,0,0,0,0,0
44892,0,1,0,0,0,0,0
3350,0,1,0,0,0,0,0
6860,0,1,0,0,0,0,0
54403,0,1,0,0,0,0,0
13573,0,1,0,0,0,0,0
55583,0,1,0,0,0,0,0
57734,0,1,0,0,0,0,0
30631,0,1,0,0,0,0,0
42649,0,1,0,0,0,0,0
3348,0,1,0,0,0,0,0
31085,0,1,0,0,0,0,0
57239,0,1,0,0,0,0,0
58092,0,1,0,0,0,0,0
18283,0,1,0,0,0,0,0
52971,0,1,0,0,0,0,0
36050,0,1,0,0,0,0,0
5366,0,1,0,0,0,0,0
27713,0,1,0,0,0,0,0
55166,0,1,0,0,0,0,0
35778,0,1,0,0,0,0,0
53238,0,1,0,0,0,0,0
56161,0,1,0,0,0,0,0
32723,0,1,0,0,0,0,0
56869,0,1,0,0,0,0,0
57261,0,1,0,0,0,0,0
52688,0,1,0,0,0,0,0
40308,0,1,0,0,0,0,0
26844,0,1,0,0,0,0,0
53540,0,1,0,0,0,0,0
15175,0,1,0,0,0,0,0
35232,0,1,0,0,0,0,0
9494,0,1,0,0,0,0,0
38375,0,1,0,0,0,0,0
55652,0,1,0,0,0,0,0
17532,0,1,0,0,0,0,0
26405,0,1,0,0,0,0,0
35109,0,1,0,0,0,0,0
51336,0,1,0,0,0,0,0
58332,0,1,0,0,0,0,0
55196,0,1,0,0,0,0,0
42243,0,1,0,0,0,0,0
54414,0,1,0,0,0,0,0
12964,0,1,0,0,0,0,0
48514,0,1,0,0,0,0,0
18467,0,1,0,0,0,0,0
11345,0,1,0,0,0,0,0
11647,0,1,0,0,0,0,0
46611,0,1,0,0,0,0,0
3345,0,1,0,0,0,0,0
25581,0,1,0,0,0,0,0
16100,0,1,0,0,0,0,0
23643,0,1,0,0,0,0,0
30179,0,1,0,0,0,0,0
34971,0,1,0,0,0,0,0
48016,0,1,0,0,0,0,0
19010,0,1,0,0,0,0,0
42055,0,1,0,0,0,0,0
54955,0,1,0,0,0,0,0
54825,0,1,0,0,0,0,0
58346,0,1,0,0,0,0,0
8641,0,1,0,0,0,0,0
57065,0,1,0,0,0,0,0
17538,0,1,0,0,0,0,0
10898,0,1,0,0,0,0,0
8887,0,1,0,0,0,0,0
51801,0,1,0,0,0,0,0
35072,0,1,0,0,0,0,0
38239,0,1,0,0,0,0,0
53697,0,1,0,0,0,0,0
29082,0,1,0,0,0,0,0
22562,0,1,0,0,0,0,0
22541,0,1,0,0,0,0,0
18288,0,1,0,0,0,0,0
36539,0,1,0,0,0,0,0
20952,0,1,0,0,0,0,0
32730,0,1,0,0,0,0,0
9691,0,1,0,0,0,0,0
57578,0,1,0,0,0,0,0
32520,0,1,0,0,0,0,0
8828,0,1,0,0,0,0,0
28272,0,1,0,0,0,0,0
41472,0,1,0,0,0,0,0
22240,0,1,0,0,0,0,0
50778,0,1,0,0,0,0,0
3340,0,1,0,0,0,0,0
56213,0,1,0,0,0,0,0
20647,0,1,0,0,0,0,0
25622,0,1,0,0,0,0,0
26574,0,1,0,0,0,0,0
3156,0,1,0,0,0,0,0
6162,0,1,0,0,0,0,0
46191,0,1,0,0,0,0,0
56880,0,1,0,0,0,0,0
50147,0,1,0,0,0,0,0
57080,0,1,0,0,0,0,0
15167,0,1,0,0,0,0,0
53430,0,1,0,0,0,0,0
8965,0,1,0,0,0,0,0
45322,0,1,0,0,0,0,0
34499,0,1,0,0,0,0,0
33250,0,1,0,0,0,0,0
5713,0,1,0,0,0,0,0
53085,0,1,0,0,0,0,0
29026,0,1,0,0,0,0,0
57859,0,1,0,0,0,0,0
30585,0,1,0,0,0,0,0
46014,0,1,0,0,0,0,0
23128,0,1,0,0,0,0,0
55529,0,1,0,0,0,0,0
22357,0,1,0,0,0,0,0
50414,0,1,0,0,0,0,0
48922,0,1,0,0,0,0,0
35543,0,1,0,0,0,0,0
37626,0,1,0,0,0,0,0
51979,0,1,0,0,0,0,0
4586,0,1,0,0,0,0,0
45107,0,1,0,0,0,0,0
24868,0,1,0,0,0,0,0
32727,0,1,0,0,0,0,0
7185,0,1,0,0,0,0,0
34564,0,1,0,0,0,0,0
49310,0,1,0,0,0,0,0
51333,0,1,0,0,0,0,0
44311,0,1,0,0,0,0,0
24928,0,1,0,0,0,0,0
8975,0,1,0,0,0,0,0
56608,0,1,0,0,0,0,0
53853,0,1,0,0,0,0,0
42242,0,1,0,0,0,0,0
47590,0,1,0,0,0,0,0
19569,0,1,0,0,0,0,0
39454,0,1,0,0,0,0,0
58435,0,1,0,0,0,0,0
5718,0,1,0,0,0,0,0
55279,0,1,0,0,0,0,0
37594,0,1,0,0,0,0,0
55302,0,1,0,0,0,0,0
16280,0,1,0,0,0,0,0
566,0,1,0,0,0,0,0
52403,0,1,0,0,0,0,0
9938,0,1,0,0,0,0,0
20981,0,1,0,0,0,0,0
8808,0,1,0,0,0,0,0
11047,0,1,0,0,0,0,0
56613,0,1,0,0,0,0,0
28535,0,1,0,0,0,0,0
15103,0,1,0,0,0,0,0
17263,0,1,0,0,0,0,0
21434,0,1,0,0,0,0,0
7362,0,1,0,0,0,0,0
12961,0,1,0,0,0,0,0
7563,0,1,0,0,0,0,0
37125,0,1,0,0,0,0,0
31098,0,1,0,0,0,0,0
54627,0,1,0,0,0,0,0
56615,0,1,0,0,0,0,0
55368,0,1,0,0,0,0,0
38394,0,1,0,0,0,0,0
58608,0,1,0,0,0,0,0
6429,0,1,0,0,0,0,0
54195,0,1,0,0,0,0,0
56085,0,1,0,0,0,0,0
55024,0,1,0,0,0,0,0
4269,0,1,0,0,0,0,0
22614,0,1,0,0,0,0,0
3058,0,1,0,0,0,0,0
4275,0,1,0,0,0,0,0
19567,0,1,0,0,0,0,0
33247,0,1,0,0,0,0,0
19954,0,1,0,0,0,0,0
55186,0,1,0,0,0,0,0
2770,0,1,0,0,0,0,0
53033,0,1,0,0,0,0,0
46244,0,1,0,0,0,0,0
34361,0,1,0,0,0,0,0
29857,0,1,0,0,0,0,0
42699,0,1,0,0,0,0,0
6934,0,1,0,0,0,0,0
17717,0,1,0,0,0,0,0
10036,0,1,0,0,0,0,0
42705,0,1,0,0,0,0,0
52047,0,1,0,0,0,0,0
35110,0,1,0,0,0,0,0
52342,0,1,0,0,0,0,0
32859,0,1,0,0,0,0,0
28392,0,1,0,0,0,0,0
11818,0,1,0,0,0,0,0
28508,0,1,0,0,0,0,0
16282,0,1,0,0,0,0,0
30887,0,1,0,0,0,0,0
43263,0,1,0,0,0,0,0
139,0,1,0,0,0,0,0
6177,0,1,0,0,0,0,0
36897,0,1,0,0,0,0,0
53159,0,1,0,0,0,0,0
43909,0,1,0,0,0,0,0
53958,0,1,0,0,0,0,0
19985,0,1,0,0,0,0,0
54954,0,1,0,0,0,0,0
40937,0,1,0,0,0,0,0
43360,0,1,0,0,0,0,0
28271,0,1,0,0,0,0,0
10491,0,1,0,0,0,0,0
14376,0,1,0,0,0,0,0
23848,0,1,0,0,0,0,0
55525,0,1,0,0,0,0,0
18468,0,1,0,0,0,0,0
50781,0,1,0,0,0,0,0
31406,0,1,0,0,0,0,0
1380,0,1,0,0,0,0,0
14378,0,1,0,0,0,0,0
35069,0,1,0,0,0,0,0
50368,0,1,0,0,0,0,0
38427,0,1,0,0,0,0,0
26836,0,1,0,0,0,0,0
35373,0,1,0,0,0,0,0
4550,0,1,0,0,0,0,0
23844,0,1,0,0,0,0,0
24555,0,1,0,0,0,0,0
7196,0,1,0,0,0,0,0
38052,0,1,0,0,0,0,0
40303,0,1,0,0,0,0,0
34341,0,1,0,0,0,0,0
19764,0,1,0,0,0,0,0
56497,0,1,0,0,0,0,0
8888,0,1,0,0,0,0,0
19927,0,1,0,0,0,0,0
35895,0,1,0,0,0,0,0
46416,0,1,0,0,0,0,0
50609,0,1,0,0,0,0,0
19108,0,1,0,0,0,0,0
49858,0,1,0,0,0,0,0
40392,0,1,0,0,0,0,0
6475,0,1,0,0,0,0,0
12762,0,1,0,0,0,0,0
29941,0,1,0,0,0,0,0
53507,0,1,0,0,0,0,0
50233,0,1,0,0,0,0,0
38958,0,1,0,0,0,0,0
4342,0,1,0,0,0,0,0
54047,0,1,0,0,0,0,0
34966,0,1,0,0,0,0,0
39286,0,1,0,0,0,0,0
43623,0,1,0,0,0,0,0
37939,0,1,0,0,0,0,0
14864,0,1,0,0,0,0,0
2,0,1,0,0,0,0,0
37169,0,1,0,0,0,0,0
23864,0,1,0,0,0,0,0
41308,0,1,0,0,0,0,0
12963,0,1,0,0,0,0,0
53572,0,1,0,0,0,0,0
29788,0,1,0,0,0,0,0
25304,0,1,0,0,0,0,0
57693,0,1,0,0,0,0,0
35275,0,1,0,0,0,0,0
36615,0,1,0,0,0,0,0
52096,0,1,0,0,0,0,0
46363,0,1,0,0,0,0,0
46514,0,1,0,0,0,0,0
29637,0,1,0,0,0,0,0
23981,0,1,0,0,0,0,0
4554,0,1,0,0,0,0,0
3976,0,1,0,0,0,0,0
4925,0,1,0,0,0,0,0
55059,0,1,0,0,0,0,0
51663,0,1,0,0,0,0,0
55586,0,1,0,0,0,0,0
18953,0,1,0,0,0,0,0
56167,0,1,0,0,0,0,0
5275,0,1,0,0,0,0,0
34395,0,1,0,0,0,0,0
24908,0,1,0,0,0,0,0
6939,0,1,0,0,0,0,0
21714,0,1,0,0,0,0,0
9619,0,1,0,0,0,0,0
30509,0,1,0,0,0,0,0
57102,0,1,0,0,0,0,0
25424,0,1,0,0,0,0,0
674,0,1,0,0,0,0,0
51436,0,1,0,0,0,0,0
51052,0,1,0,0,0,0,0
52977,0,1,0,0,0,0,0
16335,0,1,0,0,0,0,0
45103,0,1,0,0,0,0,0
56119,0,1,0,0,0,0,0
58645,0,1,0,0,0,0,0
52945,0,1,0,0,0,0,0
3341,0,1,0,0,0,0,0
16333,0,1,0,0,0,0,0
47675,0,1,0,0,0,0,0
57418,0,1,0,0,0,0,0
29151,0,1,0,0,0,0,0
6051,0,1,0,0,0,0,0
46677,0,1,0,0,0,0,0
58815,0,1,0,0,0,0,0
38839,0,1,0,0,0,0,0
56545,0,1,0,0,0,0,0
26902,0,1,0,0,0,0,0
38190,0,1,0,0,0,0,0
36403,0,1,0,0,0,0,0
48909,0,1,0,0,0,0,0
39180,0,1,0,0,0,0,0
58225,0,1,0,0,0,0,0
25638,0,1,0,0,0,0,0
18917,0,1,0,0,0,0,0
2308,0,1,0,0,0,0,0
50508,0,1,0,0,0,0,0
13223,0,0,1,0,0,0,0
18233,0,0,1,0,0,0,0
30817,0,0,1,0,0,0,0
22967,0,0,1,0,0,0,0
7732,0,0,1,0,0,0,0
54649,0,0,1,0,0,0,0
37184,0,0,1,0,0,0,0
55334,0,0,1,0,0,0,0
39427,0,0,1,0,0,0,0
46646,0,0,1,0,0,0,0
18268,0,0,1,0,0,0,0
23427,0,0,1,0,0,0,0
50893,0,0,1,0,0,0,0
31225,0,0,1,0,0,0,0
20791,0,0,1,0,0,0,0
5761,0,0,1,0,0,0,0
3600,0,0,1,0,0,0,0
56524,0,0,1,0,0,0,0
48055,0,0,1,0,0,0,0
31168,0,0,1,0,0,0,0
49419,0,0,1,0,0,0,0
20524,0,0,1,0,0,0,0
15071,0,0,1,0,0,0,0
51216,0,0,1,0,0,0,0
1940,0,0,1,0,0,0,0
10855,0,0,1,0,0,0,0
5726,0,0,1,0,0,0,0
8668,0,0,1,0,0,0,0
16133,0,0,1,0,0,0,0
41201,0,0,1,0,0,0,0
30754,0,0,1,0,0,0,0
52922,0,0,1,0,0,0,0
55362,0,0,1,0,0,0,0
7726,0,0,1,0,0,0,0
48277,0,0,1,0,0,0,0
45943,0,0,1,0,0,0,0
56477,0,0,1,0,0,0,0
2344,0,0,1,0,0,0,0
39400,0,0,1,0,0,0,0
50579,0,0,1,0,0,0,0
34167,0,0,1,0,0,0,0
11683,0,0,1,0,0,0,0
23601,0,0,1,0,0,0,0
41202,0,0,1,0,0,0,0
5727,0,0,1,0,0,0,0
20743,0,0,1,0,0,0,0
29011,0,0,1,0,0,0,0
33168,0,0,1,0,0,0,0
27108,0,0,1,0,0,0,0
32567,0,0,1,0,0,0,0
55331,0,0,1,0,0,0,0
41558,0,0,1,0,0,0,0
33167,0,0,1,0,0,0,0
45243,0,0,1,0,0,0,0
52814,0,0,1,0,0,0,0
47063,0,0,1,0,0,0,0
32036,0,0,1,0,0,0,0
50151,0,0,1,0,0,0,0
21891,0,0,1,0,0,0,0
49689,0,0,1,0,0,0,0
18859,0,0,1,0,0,0,0
51773,0,0,1,0,0,0,0
51776,0,0,1,0,0,0,0
43096,0,0,1,0,0,0,0
56476,0,0,1,0,0,0,0
21571,0,0,1,0,0,0,0
45349,0,0,1,0,0,0,0
14403,0,0,1,0,0,0,0
23424,0,0,1,0,0,0,0
50110,0,0,1,0,0,0,0
1943,0,0,1,0,0,0,0
57301,0,0,1,0,0,0,0
57299,0,0,1,0,0,0,0
9477,0,0,1,0,0,0,0
48097,0,0,1,0,0,0,0
50892,0,0,1,0,0,0,0
51778,0,0,1,0,0,0,0
46647,0,0,1,0,0,0,0
4870,0,0,1,0,0,0,0
50481,0,0,1,0,0,0,0
5674,0,0,1,0,0,0,0
21077,0,0,1,0,0,0,0
45180,0,0,1,0,0,0,0
44180,0,0,1,0,0,0,0
35244,0,0,1,0,0,0,0
15299,0,0,1,0,0,0,0
39877,0,0,1,0,0,0,0
22914,0,0,1,0,0,0,0
52813,0,0,1,0,0,0,0
11821,0,0,1,0,0,0,0
19641,0,0,1,0,0,0,0
46649,0,0,1,0,0,0,0
35738,0,0,1,0,0,0,0
51746,0,0,1,0,0,0,0
39392,0,0,1,0,0,0,0
56809,0,0,1,0,0,0,0
44178,0,0,1,0,0,0,0
35352,0,0,1,0,0,0,0
56681,0,0,1,0,0,0,0
51646,0,0,1,0,0,0,0
17366,0,0,1,0,0,0,0
48278,0,0,1,0,0,0,0
44296,0,0,1,0,0,0,0
26187,0,0,1,0,0,0,0
25730,0,0,1,0,0,0,0
32975,0,0,1,0,0,0,0
37378,0,0,1,0,0,0,0
57795,0,0,1,0,0,0,0
44951,0,0,1,0,0,0,0
25375,0,0,1,0,0,0,0
39958,0,0,1,0,0,0,0
36202,0,0,1,0,0,0,0
6386,0,0,1,0,0,0,0
8667,0,0,1,0,0,0,0
48072,0,0,1,0,0,0,0
57791,0,0,1,0,0,0,0
39437,0,0,1,0,0,0,0
7727,0,0,1,0,0,0,0
38099,0,0,1,0,0,0,0
21248,0,0,1,0,0,0,0
12651,0,0,1,0,0,0,0
45353,0,0,1,0,0,0,0
40794,0,0,1,0,0,0,0
21246,0,0,1,0,0,0,0
45734,0,0,1,0,0,0,0
5725,0,0,1,0,0,0,0
43098,0,0,1,0,0,0,0
49157,0,0,1,0,0,0,0
55646,0,0,1,0,0,0,0
52554,0,0,1,0,0,0,0
27978,0,0,1,0,0,0,0
57838,0,0,1,0,0,0,0
55765,0,0,1,0,0,0,0
29406,0,0,1,0,0,0,0
43099,0,0,1,0,0,0,0
43894,0,0,1,0,0,0,0
44177,0,0,1,0,0,0,0
50899,0,0,1,0,0,0,0
4325,0,0,1,0,0,0,0
31230,0,0,1,0,0,0,0
17860,0,0,1,0,0,0,0
7876,0,0,1,0,0,0,0
54904,0,0,1,0,0,0,0
27314,0,0,1,0,0,0,0
8670,0,0,1,0,0,0,0
39404,0,0,1,0,0,0,0
7689,0,0,1,0,0,0,0
51777,0,0,1,0,0,0,0
53632,0,0,1,0,0,0,0
47475,0,0,1,0,0,0,0
49155,0,0,1,0,0,0,0
45738,0,0,1,0,0,0,0
9584,0,0,1,0,0,0,0
35127,0,0,1,0,0,0,0
47631,0,0,1,0,0,0,0
7368,0,0,1,0,0,0,0
52632,0,0,1,0,0,0,0
14402,0,0,1,0,0,0,0
20793,0,0,1,0,0,0,0
22846,0,0,1,0,0,0,0
33144,0,0,1,0,0,0,0
56958,0,0,1,0,0,0,0
5235,0,0,1,0,0,0,0
17937,0,0,1,0,0,0,0
45740,0,0,1,0,0,0,0
4867,0,0,1,0,0,0,0
49286,0,0,1,0,0,0,0
8301,0,0,1,0,0,0,0
11181,0,0,1,0,0,0,0
52816,0,0,1,0,0,0,0
17955,0,0,1,0,0,0,0
48608,0,0,1,0,0,0,0
7671,0,0,1,0,0,0,0
27288,0,0,1,0,0,0,0
18459,0,0,1,0,0,0,0
56507,0,0,1,0,0,0,0
53090,0,0,1,0,0,0,0
10403,0,0,1,0,0,0,0
43275,0,0,1,0,0,0,0
55328,0,0,1,0,0,0,0
17694,0,0,1,0,0,0,0
49070,0,0,1,0,0,0,0
15301,0,0,1,0,0,0,0
43595,0,0,1,0,0,0,0
49151,0,0,1,0,0,0,0
40785,0,0,1,0,0,0,0
28609,0,0,1,0,0,0,0
45990,0,0,1,0,0,0,0
21904,0,0,1,0,0,0,0
49687,0,0,1,0,0,0,0
47716,0,0,1,0,0,0,0
44174,0,0,1,0,0,0,0
23253,0,0,1,0,0,0,0
40968,0,0,1,0,0,0,0
29402,0,0,1,0,0,0,0
35737,0,0,1,0,0,0,0
50157,0,0,1,0,0,0,0
33785,0,0,1,0,0,0,0
24534,0,0,1,0,0,0,0
1541,0,0,1,0,0,0,0
33145,0,0,1,0,0,0,0
51748,0,0,1,0,0,0,0
45329,0,0,1,0,0,0,0
49283,0,0,1,0,0,0,0
48605,0,0,1,0,0,0,0
50526,0,0,1,0,0,0,0
46228,0,0,1,0,0,0,0
44316,0,0,1,0,0,0,0
55115,0,0,1,0,0,0,0
33591,0,0,1,0,0,0,0
7364,0,0,1,0,0,0,0
47713,0,0,1,0,0,0,0
1509,0,0,1,0,0,0,0
17914,0,0,1,0,0,0,0
57794,0,0,1,0,0,0,0
7923,0,0,1,0,0,0,0
49158,0,0,1,0,0,0,0
36364,0,0,1,0,0,0,0
41554,0,0,1,0,0,0,0
15567,0,0,1,0,0,0,0
27946,0,0,1,0,0,0,0
7550,0,0,1,0,0,0,0
10852,0,0,1,0,0,0,0
45351,0,0,1,0,0,0,0
22997,0,0,1,0,0,0,0
35353,0,0,1,0,0,0,0
8671,0,0,1,0,0,0,0
45181,0,0,1,0,0,0,0
4313,0,0,1,0,0,0,0
19636,0,0,1,0,0,0,0
57842,0,0,1,0,0,0,0
31228,0,0,1,0,0,0,0
43339,0,0,1,0,0,0,0
28967,0,0,1,0,0,0,0
32573,0,0,1,0,0,0,0
31224,0,0,1,0,0,0,0
20840,0,0,1,0,0,0,0
27114,0,0,1,0,0,0,0
45736,0,0,1,0,0,0,0
37370,0,0,1,0,0,0,0
18511,0,0,1,0,0,0,0
47669,0,0,1,0,0,0,0
1814,0,0,1,0,0,0,0
20790,0,0,1,0,0,0,0
41555,0,0,1,0,0,0,0
50819,0,0,1,0,0,0,0
23255,0,0,1,0,0,0,0
7874,0,0,1,0,0,0,0
55766,0,0,1,0,0,0,0
40792,0,0,1,0,0,0,0
44815,0,0,1,0,0,0,0
27910,0,0,1,0,0,0,0
45183,0,0,1,0,0,0,0
41347,0,0,1,0,0,0,0
51745,0,0,1,0,0,0,0
44813,0,0,1,0,0,0,0
34583,0,0,1,0,0,0,0
39546,0,0,1,0,0,0,0
45179,0,0,1,0,0,0,0
49149,0,0,1,0,0,0,0
41341,0,0,1,0,0,0,0
56886,0,0,1,0,0,0,0
37795,0,0,1,0,0,0,0
55973,0,0,1,0,0,0,0
42380,0,0,1,0,0,0,0
17230,0,0,0,1,0,0,0
49395,0,0,0,1,0,0,0
36322,0,0,0,1,0,0,0
3469,0,0,0,1,0,0,0
19832,0,0,0,1,0,0,0
43244,0,0,0,1,0,0,0
22020,0,0,0,1,0,0,0
18044,0,0,0,1,0,0,0
43940,0,0,0,1,0,0,0
22019,0,0,0,1,0,0,0
41905,0,0,0,1,0,0,0
2185,0,0,0,1,0,0,0
43978,0,0,0,1,0,0,0
11058,0,0,0,1,0,0,0
23697,0,0,0,1,0,0,0
33223,0,0,0,1,0,0,0
11102,0,0,0,1,0,0,0
5789,0,0,0,1,0,0,0
32922,0,0,0,1,0,0,0
47752,0,0,0,1,0,0,0
7508,0,0,0,1,0,0,0
49390,0,0,0,1,0,0,0
28079,0,0,0,1,0,0,0
33735,0,0,0,1,0,0,0
25532,0,0,0,1,0,0,0
45731,0,0,0,1,0,0,0
43446,0,0,0,1,0,0,0
25740,0,0,0,1,0,0,0
8114,0,0,0,1,0,0,0
2441,0,0,0,1,0,0,0
11950,0,0,0,1,0,0,0
17685,0,0,0,1,0,0,0
43945,0,0,0,1,0,0,0
20389,0,0,0,1,0,0,0
25745,0,0,0,1,0,0,0
19685,0,0,0,1,0,0,0
11384,0,0,0,1,0,0,0
37250,0,0,0,1,0,0,0
18426,0,0,0,1,0,0,0
17313,0,0,0,1,0,0,0
5329,0,0,0,1,0,0,0
34853,0,0,0,1,0,0,0
13809,0,0,0,1,0,0,0
50093,0,0,0,1,0,0,0
16669,0,0,0,1,0,0,0
38264,0,0,0,1,0,0,0
39258,0,0,0,1,0,0,0
12861,0,0,0,1,0,0,0
10848,0,0,0,1,0,0,0
19681,0,0,0,1,0,0,0
48995,0,0,0,1,0,0,0
37323,0,0,0,1,0,0,0
13585,0,0,0,1,0,0,0
28071,0,0,0,1,0,0,0
27491,0,0,0,1,0,0,0
50964,0,0,0,1,0,0,0
27216,0,0,0,1,0,0,0
39903,0,0,0,1,0,0,0
13587,0,0,0,1,0,0,0
36218,0,0,0,1,0,0,0
45905,0,0,0,1,0,0,0
49223,0,0,0,1,0,0,0
10842,0,0,0,1,0,0,0
46195,0,0,0,1,0,0,0
33217,0,0,0,1,0,0,0
2063,0,0,0,1,0,0,0
19679,0,0,0,1,0,0,0
30706,0,0,0,1,0,0,0
37682,0,0,0,1,0,0,0
19676,0,0,0,1,0,0,0
34229,0,0,0,1,0,0,0
2839,0,0,0,1,0,0,0
28281,0,0,0,1,0,0,0
45913,0,0,0,1,0,0,0
19680,0,0,0,1,0,0,0
30838,0,0,0,1,0,0,0
25483,0,0,0,1,0,0,0
31902,0,0,0,1,0,0,0
11073,0,0,0,1,0,0,0
9935,0,0,0,1,0,0,0
7509,0,0,0,1,0,0,0
39401,0,0,0,1,0,0,0
48570,0,0,0,1,0,0,0
53591,0,0,0,1,0,0,0
13251,0,0,0,1,0,0,0
18230,0,0,0,1,0,0,0
2053,0,0,0,1,0,0,0
12864,0,0,0,1,0,0,0
2182,0,0,0,1,0,0,0
9659,0,0,0,1,0,0,0
9478,0,0,0,1,0,0,0
47757,0,0,0,1,0,0,0
35642,0,0,0,1,0,0,0
12883,0,0,0,1,0,0,0
5652,0,0,0,1,0,0,0
25939,0,0,0,1,0,0,0
37230,0,0,0,1,0,0,0
53105,0,0,0,1,0,0,0
36220,0,0,0,1,0,0,0
20737,0,0,0,1,0,0,0
4334,0,0,0,1,0,0,0
29882,0,0,0,1,0,0,0
11387,0,0,0,1,0,0,0
49048,0,0,0,1,0,0,0
32585,0,0,0,1,0,0,0
31920,0,0,0,1,0,0,0
11382,0,0,0,1,0,0,0
41819,0,0,0,1,0,0,0
23901,0,0,0,1,0,0,0
43994,0,0,0,1,0,0,0
11426,0,0,0,1,0,0,0
36217,0,0,0,1,0,0,0
17234,0,0,0,1,0,0,0
22654,0,0,0,1,0,0,0
52265,0,0,0,1,0,0,0
16572,0,0,0,1,0,0,0
11392,0,0,0,1,0,0,0
20578,0,0,0,1,0,0,0
12875,0,0,0,1,0,0,0
27492,0,0,0,1,0,0,0
30408,0,0,0,1,0,0,0
43706,0,0,0,1,0,0,0
20584,0,0,0,1,0,0,0
25092,0,0,0,1,0,0,0
11065,0,0,0,1,0,0,0
36546,0,0,0,1,0,0,0
38201,0,0,0,1,0,0,0
52194,0,0,0,1,0,0,0
8219,0,0,0,1,0,0,0
2052,0,0,0,1,0,0,0
19074,0,0,0,1,0,0,0
20330,0,0,0,1,0,0,0
32675,0,0,0,1,0,0,0
34849,0,0,0,1,0,0,0
17862,0,0,0,1,0,0,0
18475,0,0,0,1,0,0,0
30735,0,0,0,1,0,0,0
2055,0,0,0,1,0,0,0
32680,0,0,0,1,0,0,0
24024,0,0,0,1,0,0,0
52195,0,0,0,1,0,0,0
34883,0,0,0,1,0,0,0
47747,0,0,0,1,0,0,0
28076,0,0,0,1,0,0,0
53095,0,0,0,1,0,0,0
1235,0,0,0,1,0,0,0
22226,0,0,0,1,0,0,0
19191,0,0,0,1,0,0,0
12882,0,0,0,1,0,0,0
11219,0,0,0,1,0,0,0
2445,0,0,0,1,0,0,0
21200,0,0,0,1,0,0,0
52430,0,0,0,1,0,0,0
8907,0,0,0,1,0,0,0
36221,0,0,0,1,0,0,0
36222,0,0,0,1,0,0,0
20395,0,0,0,1,0,0,0
50960,0,0,0,1,0,0,0
53110,0,0,0,1,0,0,0
37247,0,0,0,1,0,0,0
41667,0,0,0,1,0,0,0
45910,0,0,0,1,0,0,0
36548,0,0,0,1,0,0,0
9475,0,0,0,1,0,0,0
39947,0,0,0,1,0,0,0
20579,0,0,0,1,0,0,0
26440,0,0,0,1,0,0,0
45727,0,0,0,1,0,0,0
44189,0,0,0,1,0,0,0
2451,0,0,0,1,0,0,0
17861,0,0,0,1,0,0,0
11063,0,0,0,1,0,0,0
41818,0,0,0,1,0,0,0
38614,0,0,0,1,0,0,0
45918,0,0,0,1,0,0,0
50192,0,0,0,1,0,0,0
41670,0,0,0,1,0,0,0
5645,0,0,0,1,0,0,0
23899,0,0,0,1,0,0,0
20752,0,0,0,1,0,0,0
50958,0,0,0,1,0,0,0
41672,0,0,0,1,0,0,0
15810,0,0,0,1,0,0,0
48865,0,0,0,1,0,0,0
33220,0,0,0,1,0,0,0
19688,0,0,0,1,0,0,0
14754,0,0,0,1,0,0,0
42285,0,0,0,1,0,0,0
6280,0,0,0,1,0,0,0
11730,0,0,0,1,0,0,0
52196,0,0,0,1,0,0,0
41673,0,0,0,1,0,0,0
20393,0,0,0,1,0,0,0
56652,0,0,0,1,0,0,0
50959,0,0,0,1,0,0,0
18023,0,0,0,1,0,0,0
45333,0,0,0,1,0,0,0
2142,0,0,0,1,0,0,0
13814,0,0,0,1,0,0,0
28282,0,0,0,1,0,0,0
48102,0,0,0,1,0,0,0
51583,0,0,0,1,0,0,0
23903,0,0,0,1,0,0,0
25452,0,0,0,1,0,0,0
34349,0,0,0,1,0,0,0
16104,0,0,0,1,0,0,0
30829,0,0,0,1,0,0,0
53586,0,0,0,1,0,0,0
8127,0,0,0,1,0,0,0
11106,0,0,0,1,0,0,0
28080,0,0,0,1,0,0,0
34347,0,0,0,1,0,0,0
2146,0,0,0,1,0,0,0
36623,0,0,0,1,0,0,0
25488,0,0,0,1,0,0,0
2443,0,0,0,1,0,0,0
2067,0,0,0,1,0,0,0
36549,0,0,0,1,0,0,0
30831,0,0,0,1,0,0,0
15098,0,0,0,1,0,0,0
10419,0,0,0,1,0,0,0
13810,0,0,0,1,0,0,0
19677,0,0,0,1,0,0,0
23897,0,0,0,1,0,0,0
13973,0,0,0,1,0,0,0
41536,0,0,0,1,0,0,0
44869,0,0,0,1,0,0,0
37322,0,0,0,1,0,0,0
52190,0,0,0,1,0,0,0
7868,0,0,0,1,0,0,0
13812,0,0,0,1,0,0,0
25536,0,0,0,1,0,0,0
54961,0,0,0,1,0,0,0
18470,0,0,0,1,0,0,0
20734,0,0,0,1,0,0,0
23475,0,0,0,1,0,0,0
44602,0,0,0,1,0,0,0
40112,0,0,0,1,0,0,0
40117,0,0,0,1,0,0,0
39257,0,0,0,1,0,0,0
37777,0,0,0,1,0,0,0
29888,0,0,0,1,0,0,0
25104,0,0,0,1,0,0,0
19678,0,0,0,1,0,0,0
45250,0,0,0,1,0,0,0
42172,0,0,0,1,0,0,0
11686,0,0,0,1,0,0,0
41911,0,0,0,1,0,0,0
45823,0,0,0,1,0,0,0
39664,0,0,0,1,0,0,0
43175,0,0,0,1,0,0,0
13263,0,0,0,1,0,0,0
50484,0,0,0,1,0,0,0
35165,0,0,0,1,0,0,0
15945,0,0,0,1,0,0,0
37095,0,0,0,1,0,0,0
41979,0,0,0,1,0,0,0
19831,0,0,0,1,0,0,0
11101,0,0,0,1,0,0,0
41678,0,0,0,1,0,0,0
52202,0,0,0,1,0,0,0
16661,0,0,0,1,0,0,0
2446,0,0,0,1,0,0,0
41928,0,0,0,1,0,0,0
50963,0,0,0,1,0,0,0
39256,0,0,0,1,0,0,0
2060,0,0,0,1,0,0,0
15455,0,0,0,1,0,0,0
37251,0,0,0,1,0,0,0
5791,0,0,0,1,0,0,0
20117,0,0,0,1,0,0,0
2838,0,0,0,1,0,0,0
11105,0,0,0,1,0,0,0
52429,0,0,0,1,0,0,0
32677,0,0,0,1,0,0,0
45255,0,0,0,1,0,0,0
45907,0,0,0,1,0,0,0
37679,0,0,0,1,0,0,0
10840,0,0,0,1,0,0,0
45325,0,0,0,1,0,0,0
25447,0,0,0,1,0,0,0
7504,0,0,0,1,0,0,0
25485,0,0,0,1,0,0,0
24748,0,0,0,1,0,0,0
34230,0,0,0,1,0,0,0
18575,0,0,0,1,0,0,0
41293,0,0,0,1,0,0,0
8908,0,0,0,1,0,0,0
12874,0,0,0,1,0,0,0
30832,0,0,0,1,0,0,0
32583,0,0,0,1,0,0,0
39259,0,0,0,1,0,0,0
32678,0,0,0,1,0,0,0
47377,0,0,0,1,0,0,0
2062,0,0,0,1,0,0,0
44191,0,0,0,1,0,0,0
50305,0,0,0,1,0,0,0
41861,0,0,0,1,0,0,0
43237,0,0,0,1,0,0,0
17305,0,0,0,1,0,0,0
46653,0,0,0,1,0,0,0
53111,0,0,0,1,0,0,0
15099,0,0,0,1,0,0,0
25662,0,0,0,1,0,0,0
49392,0,0,0,1,0,0,0
25446,0,0,0,1,0,0,0
35164,0,0,0,1,0,0,0
7505,0,0,0,1,0,0,0
22653,0,0,0,1,0,0,0
923,0,0,0,1,0,0,0
36528,0,0,0,1,0,0,0
45251,0,0,0,1,0,0,0
41978,0,0,0,1,0,0,0
9663,0,0,0,1,0,0,0
20551,0,0,0,1,0,0,0
33224,0,0,0,1,0,0,0
25737,0,0,0,1,0,0,0
48568,0,0,0,1,0,0,0
23896,0,0,0,1,0,0,0
33185,0,0,0,1,0,0,0
16659,0,0,0,1,0,0,0
35657,0,0,0,1,0,0,0
18474,0,0,0,1,0,0,0
802,0,0,0,1,0,0,0
18122,0,0,0,1,0,0,0
49420,0,0,0,1,0,0,0
25449,0,0,0,1,0,0,0
37256,0,0,0,1,0,0,0
48566,0,0,0,1,0,0,0
25738,0,0,0,1,0,0,0
24018,0,0,0,1,0,0,0
40851,0,0,0,1,0,0,0
27881,0,0,0,1,0,0,0
721,0,0,0,1,0,0,0
10846,0,0,0,1,0,0,0
5644,0,0,0,1,0,0,0
30830,0,0,0,1,0,0,0
9774,0,0,0,1,0,0,0
2450,0,0,0,1,0,0,0
42847,0,0,0,1,0,0,0
25453,0,0,0,1,0,0,0
48997,0,0,0,1,0,0,0
5917,0,0,0,1,0,0,0
25256,0,0,0,1,0,0,0
2057,0,0,0,1,0,0,0
45908,0,0,0,1,0,0,0
56278,0,0,0,1,0,0,0
17684,0,0,0,1,0,0,0
16136,0,0,0,1,0,0,0
17886,0,0,0,1,0,0,0
11393,0,0,0,1,0,0,0
50306,0,0,0,1,0,0,0
19684,0,0,0,1,0,0,0
45906,0,0,0,1,0,0,0
37680,0,0,0,1,0,0,0
45920,0,0,0,1,0,0,0
21197,0,0,0,1,0,0,0
49080,0,0,0,1,0,0,0
5328,0,0,0,1,0,0,0
15804,0,0,0,1,0,0,0
20751,0,0,0,1,0,0,0
18478,0,0,0,1,0,0,0
20391,0,0,0,1,0,0,0
25100,0,0,0,1,0,0,0
53094,0,0,0,1,0,0,0
30568,0,0,0,1,0,0,0
20741,0,0,0,1,0,0,0
41666,0,0,0,1,0,0,0
37324,0,0,0,1,0,0,0
19687,0,0,0,1,0,0,0
37246,0,0,0,1,0,0,0
21775,0,0,0,1,0,0,0
52835,0,0,0,1,0,0,0
11618,0,0,0,0,1,0,0
45989,0,0,0,0,1,0,0
16178,0,0,0,0,1,0,0
42855,0,0,0,0,1,0,0
42867,0,0,0,0,1,0,0
28943,0,0,0,0,1,0,0
25667,0,0,0,0,1,0,0
46486,0,0,0,0,1,0,0
17178,0,0,0,0,1,0,0
43548,0,0,0,0,1,0,0
11117,0,0,0,0,1,0,0
19531,0,0,0,0,1,0,0
49873,0,0,0,0,1,0,0
15879,0,0,0,0,1,0,0
12418,0,0,0,0,1,0,0
38567,0,0,0,0,1,0,0
11050,0,0,0,0,1,0,0
33727,0,0,0,0,1,0,0
2746,0,0,0,0,1,0,0
25195,0,0,0,0,1,0,0
5942,0,0,0,0,1,0,0
44518,0,0,0,0,1,0,0
2515,0,0,0,0,1,0,0
31914,0,0,0,0,1,0,0
2744,0,0,0,0,1,0,0
22370,0,0,0,0,1,0,0
28085,0,0,0,0,1,0,0
12168,0,0,0,0,1,0,0
17664,0,0,0,0,1,0,0
45026,0,0,0,0,1,0,0
24334,0,0,0,0,1,0,0
31898,0,0,0,0,1,0,0
15705,0,0,0,0,1,0,0
32264,0,0,0,0,1,0,0
12648,0,0,0,0,1,0,0
19774,0,0,0,0,1,0,0
17942,0,0,0,0,1,0,0
44482,0,0,0,0,1,0,0
27547,0,0,0,0,1,0,0
38528,0,0,0,0,1,0,0
7729,0,0,0,0,1,0,0
13221,0,0,0,0,1,0,0
13922,0,0,0,0,1,0,0
16860,0,0,0,0,1,0,0
28091,0,0,0,0,1,0,0
20893,0,0,0,0,1,0,0
17466,0,0,0,0,1,0,0
37197,0,0,0,0,1,0,0
34906,0,0,0,0,1,0,0
17952,0,0,0,0,1,0,0
18893,0,0,0,0,1,0,0
32268,0,0,0,0,1,0,0
28945,0,0,0,0,1,0,0
14139,0,0,0,0,1,0,0
40419,0,0,0,0,1,0,0
50485,0,0,0,0,1,0,0
38697,0,0,0,0,1,0,0
32571,0,0,0,0,1,0,0
28830,0,0,0,0,1,0,0
45379,0,0,0,0,1,0,0
21560,0,0,0,0,1,0,0
13919,0,0,0,0,1,0,0
10439,0,0,0,0,1,0,0
23606,0,0,0,0,1,0,0
26317,0,0,0,0,1,0,0
10271,0,0,0,0,1,0,0
18461,0,0,0,0,1,0,0
17182,0,0,0,0,1,0,0
42837,0,0,0,0,1,0,0
50307,0,0,0,0,1,0,0
32748,0,0,0,0,1,0,0
9513,0,0,0,0,1,0,0
15069,0,0,0,0,1,0,0
13062,0,0,0,0,1,0,0
5512,0,0,0,0,1,0,0
23517,0,0,0,0,1,0,0
6212,0,0,0,0,1,0,0
31816,0,0,0,0,1,0,0
36572,0,0,0,0,1,0,0
13921,0,0,0,0,1,0,0
38084,0,0,0,0,1,0,0
30026,0,0,0,0,1,0,0
7632,0,0,0,0,1,0,0
24143,0,0,0,0,1,0,0
49470,0,0,0,0,1,0,0
35216,0,0,0,0,1,0,0
55761,0,0,0,0,1,0,0
19534,0,0,0,0,1,0,0
19651,0,0,0,0,1,0,0
31657,0,0,0,0,1,0,0
34266,0,0,0,0,1,0,0
53294,0,0,0,0,1,0,0
29995,0,0,0,0,1,0,0
41059,0,0,0,0,1,0,0
52564,0,0,0,0,1,0,0
47570,0,0,0,0,1,0,0
15964,0,0,0,0,1,0,0
29969,0,0,0,0,1,0,0
41343,0,0,0,0,1,0,0
34442,0,0,0,0,1,0,0
9512,0,0,0,0,1,0,0
20284,0,0,0,0,1,0,0
50480,0,0,0,0,1,0,0
17162,0,0,0,0,1,0,0
41768,0,0,0,0,1,0,0
30723,0,0,0,0,1,0,0
17857,0,0,0,0,1,0,0
27951,0,0,0,0,1,0,0
40789,0,0,0,0,1,0,0
47763,0,0,0,0,1,0,0
46578,0,0,0,0,1,0,0
28029,0,0,0,0,1,0,0
22875,0,0,0,0,1,0,0
33722,0,0,0,0,1,0,0
24046,0,0,0,0,1,0,0
17323,0,0,0,0,1,0,0
40133,0,0,0,0,1,0,0
41244,0,0,0,0,1,0,0
12580,0,0,0,0,1,0,0
32265,0,0,0,0,1,0,0
8920,0,0,0,0,1,0,0
23814,0,0,0,0,1,0,0
12654,0,0,0,0,1,0,0
44486,0,0,0,0,1,0,0
44515,0,0,0,0,1,0,0
8604,0,0,0,0,1,0,0
13651,0,0,0,0,1,0,0
2049,0,0,0,0,1,0,0
20128,0,0,0,0,1,0,0
44420,0,0,0,0,1,0,0
42804,0,0,0,0,1,0,0
11630,0,0,0,0,1,0,0
28400,0,0,0,0,1,0,0
26788,0,0,0,0,1,0,0
32237,0,0,0,0,1,0,0
5019,0,0,0,0,1,0,0
20844,0,0,0,0,1,0,0
28560,0,0,0,0,1,0,0
22906,0,0,0,0,1,0,0
8459,0,0,0,0,1,0,0
7636,0,0,0,0,1,0,0
25139,0,0,0,0,1,0,0
1089,0,0,0,0,1,0,0
11775,0,0,0,0,1,0,0
18381,0,0,0,0,1,0,0
7944,0,0,0,0,1,0,0
7934,0,0,0,0,1,0,0
11506,0,0,0,0,1,0,0
53356,0,0,0,0,1,0,0
12165,0,0,0,0,1,0,0
6154,0,0,0,0,1,0,0
2095,0,0,0,0,1,0,0
44519,0,0,0,0,1,0,0
49225,0,0,0,0,1,0,0
24126,0,0,0,0,1,0,0
16160,0,0,0,0,1,0,0
5805,0,0,0,0,1,0,0
10893,0,0,0,0,1,0,0
47758,0,0,0,0,1,0,0
41246,0,0,0,0,1,0,0
28813,0,0,0,0,1,0,0
35122,0,0,0,0,1,0,0
49678,0,0,0,0,1,0,0
11203,0,0,0,0,1,0,0
23967,0,0,0,0,1,0,0
11922,0,0,0,0,1,0,0
31020,0,0,0,0,1,0,0
54270,0,0,0,0,1,0,0
39375,0,0,0,0,1,0,0
10124,0,0,0,0,1,0,0
17165,0,0,0,0,1,0,0
7773,0,0,0,0,1,0,0
879,0,0,0,0,1,0,0
16663,0,0,0,0,1,0,0
30024,0,0,0,0,1,0,0
25617,0,0,0,0,1,0,0
31119,0,0,0,0,1,0,0
43238,0,0,0,0,1,0,0
40801,0,0,0,0,1,0,0
15648,0,0,0,0,1,0,0
16271,0,0,0,0,1,0,0
31790,0,0,0,0,1,0,0
30991,0,0,0,0,1,0,0
1532,0,0,0,0,1,0,0
48326,0,0,0,0,1,0,0
28399,0,0,0,0,1,0,0
24733,0,0,0,0,1,0,0
31523,0,0,0,0,1,0,0
28312,0,0,0,0,1,0,0
24128,0,0,0,0,1,0,0
31077,0,0,0,0,1,0,0
27885,0,0,0,0,1,0,0
44540,0,0,0,0,1,0,0
798,0,0,0,0,1,0,0
25616,0,0,0,0,1,0,0
16859,0,0,0,0,1,0,0
12138,0,0,0,0,1,0,0
47550,0,0,0,0,1,0,0
32908,0,0,0,0,1,0,0
27452,0,0,0,0,1,0,0
10609,0,0,0,0,1,0,0
2871,0,0,0,0,1,0,0
35593,0,0,0,0,1,0,0
19395,0,0,0,0,1,0,0
50161,0,0,0,0,1,0,0
7924,0,0,0,0,1,0,0
22448,0,0,0,0,1,0,0
40329,0,0,0,0,1,0,0
20527,0,0,0,0,1,0,0
33444,0,0,0,0,1,0,0
18323,0,0,0,0,1,0,0
41460,0,0,0,0,1,0,0
48814,0,0,0,0,1,0,0
51656,0,0,0,0,1,0,0
34844,0,0,0,0,1,0,0
39233,0,0,0,0,1,0,0
37233,0,0,0,0,1,0,0
20970,0,0,0,0,1,0,0
42802,0,0,0,0,1,0,0
7930,0,0,0,0,1,0,0
49190,0,0,0,0,1,0,0
18457,0,0,0,0,1,0,0
39230,0,0,0,0,1,0,0
30724,0,0,0,0,1,0,0
29056,0,0,0,0,1,0,0
7759,0,0,0,0,1,0,0
29363,0,0,0,0,1,0,0
4143,0,0,0,0,1,0,0
33164,0,0,0,0,1,0,0
15434,0,0,0,0,1,0,0
21888,0,0,0,0,1,0,0
9555,0,0,0,0,1,0,0
39621,0,0,0,0,1,0,0
25027,0,0,0,0,1,0,0
36057,0,0,0,0,1,0,0
33059,0,0,0,0,1,0,0
49351,0,0,0,0,1,0,0
48091,0,0,0,0,1,0,0
21349,0,0,0,0,1,0,0
6153,0,0,0,0,1,0,0
28401,0,0,0,0,1,0,0
20515,0,0,0,0,1,0,0
18928,0,0,0,0,1,0,0
47710,0,0,0,0,1,0,0
48525,0,0,0,0,1,0,0
24731,0,0,0,0,1,0,0
46562,0,0,0,0,1,0,0
13394,0,0,0,0,1,0,0
32267,0,0,0,0,1,0,0
45416,0,0,0,0,1,0,0
27313,0,0,0,0,1,0,0
12866,0,0,0,0,1,0,0
17506,0,0,0,0,1,0,0
23193,0,0,0,0,1,0,0
49186,0,0,0,0,1,0,0
29962,0,0,0,0,1,0,0
13311,0,0,0,0,1,0,0
6924,0,0,0,0,1,0,0
26786,0,0,0,0,1,0,0
11600,0,0,0,0,1,0,0
27306,0,0,0,0,1,0,0
31125,0,0,0,0,1,0,0
39575,0,0,0,0,1,0,0
48571,0,0,0,0,1,0,0
2120,0,0,0,0,1,0,0
24485,0,0,0,0,1,0,0
26118,0,0,0,0,1,0,0
44997,0,0,0,0,1,0,0
28315,0,0,0,0,1,0,0
43398,0,0,0,0,1,0,0
35394,0,0,0,0,1,0,0
50571,0,0,0,0,1,0,0
13583,0,0,0,0,1,0,0
41301,0,0,0,0,1,0,0
10608,0,0,0,0,1,0,0
27380,0,0,0,0,1,0,0
13511,0,0,0,0,1,0,0
2139,0,0,0,0,1,0,0
2748,0,0,0,0,1,0,0
37807,0,0,0,0,1,0,0
29339,0,0,0,0,1,0,0
40327,0,0,0,0,1,0,0
25292,0,0,0,0,1,0,0
13320,0,0,0,0,1,0,0
33014,0,0,0,0,1,0,0
7655,0,0,0,0,1,0,0
13007,0,0,0,0,1,0,0
22725,0,0,0,0,1,0,0
39971,0,0,0,0,1,0,0
18685,0,0,0,0,1,0,0
19775,0,0,0,0,1,0,0
42369,0,0,0,0,1,0,0
38104,0,0,0,0,1,0,0
40072,0,0,0,0,1,0,0
35660,0,0,0,0,1,0,0
24732,0,0,0,0,1,0,0
33165,0,0,0,0,1,0,0
11507,0,0,0,0,1,0,0
39939,0,0,0,0,1,0,0
42869,0,0,0,0,1,0,0
37859,0,0,0,0,1,0,0
40551,0,0,0,0,1,0,0
48310,0,0,0,0,1,0,0
40299,0,0,0,0,1,0,0
17566,0,0,0,0,1,0,0
10426,0,0,0,0,1,0,0
39587,0,0,0,0,1,0,0
49682,0,0,0,0,1,0,0
13748,0,0,0,0,1,0,0
2888,0,0,0,0,1,0,0
44507,0,0,0,0,1,0,0
48094,0,0,0,0,1,0,0
31117,0,0,0,0,1,0,0
32020,0,0,0,0,1,0,0
1770,0,0,0,0,1,0,0
36056,0,0,0,0,1,0,0
32270,0,0,0,0,1,0,0
49651,0,0,0,0,1,0,0
13377,0,0,0,0,1,0,0
29996,0,0,0,0,1,0,0
6369,0,0,0,0,1,0,0
17669,0,0,0,0,1,0,0
4862,0,0,0,0,1,0,0
10607,0,0,0,0,1,0,0
49784,0,0,0,0,1,0,0
26500,0,0,0,0,1,0,0
42833,0,0,0,0,1,0,0
43403,0,0,0,0,1,0,0
30404,0,0,0,0,1,0,0
8815,0,0,0,0,1,0,0
42834,0,0,0,0,1,0,0
21505,0,0,0,0,1,0,0
7445,0,0,0,0,1,0,0
21911,0,0,0,0,1,0,0
20895,0,0,0,0,1,0,0
27816,0,0,0,0,1,0,0
16660,0,0,0,0,1,0,0
32016,0,0,0,0,1,0,0
7929,0,0,0,0,1,0,0
34653,0,0,0,0,1,0,0
38323,0,0,0,0,1,0,0
11897,0,0,0,0,1,0,0
25463,0,0,0,0,1,0,0
25956,0,0,0,0,1,0,0
31522,0,0,0,0,1,0,0
36522,0,0,0,0,1,0,0
26504,0,0,0,0,1,0,0
44517,0,0,0,0,1,0,0
1771,0,0,0,0,1,0,0
48812,0,0,0,0,1,0,0
43547,0,0,0,0,1,0,0
32619,0,0,0,0,1,0,0
33471,0,0,0,0,1,0,0
14059,0,0,0,0,1,0,0
36537,0,0,0,0,1,0,0
44516,0,0,0,0,1,0,0
52207,0,0,0,0,1,0,0
13375,0,0,0,0,1,0,0
22728,0,0,0,0,1,0,0
37227,0,0,0,0,1,0,0
47574,0,0,0,0,1,0,0
21416,0,0,0,0,1,0,0
28286,0,0,0,0,1,0,0
49049,0,0,0,0,1,0,0
7514,0,0,0,0,1,0,0
19771,0,0,0,0,1,0,0
582,0,0,0,0,1,0,0
28850,0,0,0,0,1,0,0
35834,0,0,0,0,1,0,0
33036,0,0,0,0,1,0,0
7946,0,0,0,0,1,0,0
18365,0,0,0,0,1,0,0
27423,0,0,0,0,1,0,0
41012,0,0,0,0,1,0,0
22765,0,0,0,0,1,0,0
39381,0,0,0,0,1,0,0
45192,0,0,0,0,1,0,0
20129,0,0,0,0,1,0,0
39935,0,0,0,0,1,0,0
27302,0,0,0,0,1,0,0
13734,0,0,0,0,1,0,0
43829,0,0,0,0,1,0,0
28396,0,0,0,0,1,0,0
45985,0,0,0,0,1,0,0
16179,0,0,0,0,1,0,0
40124,0,0,0,0,1,0,0
530,0,0,0,0,1,0,0
15943,0,0,0,0,1,0,0
47760,0,0,0,0,1,0,0
21508,0,0,0,0,1,0,0
30020,0,0,0,0,1,0,0
45022,0,0,0,0,1,0,0
22804,0,0,0,0,1,0,0
20874,0,0,0,0,1,0,0
43076,0,0,0,0,1,0,0
31917,0,0,0,0,1,0,0
24033,0,0,0,0,1,0,0
38,0,0,0,0,1,0,0
9509,0,0,0,0,1,0,0
43402,0,0,0,0,1,0,0
6151,0,0,0,0,1,0,0
25288,0,0,0,0,1,0,0
44485,0,0,0,0,1,0,0
8230,0,0,0,0,1,0,0
40800,0,0,0,0,1,0,0
2999,0,0,0,0,1,0,0
33408,0,0,0,0,1,0,0
21772,0,0,0,0,1,0,0
39681,0,0,0,0,1,0,0
43807,0,0,0,0,1,0,0
6472,0,0,0,0,1,0,0
21351,0,0,0,0,1,0,0
1618,0,0,0,0,1,0,0
37236,0,0,0,0,1,0,0
54992,0,0,0,0,1,0,0
14912,0,0,0,0,1,0,0
48092,0,0,0,0,1,0,0
13611,0,0,0,0,1,0,0
15702,0,0,0,0,1,0,0
42038,0,0,0,0,1,0,0
11503,0,0,0,0,1,0,0
40415,0,0,0,0,1,0,0
17328,0,0,0,0,1,0,0
37231,0,0,0,0,1,0,0
30544,0,0,0,0,1,0,0
38085,0,0,0,0,1,0,0
18932,0,0,0,0,1,0,0
39936,0,0,0,0,1,0,0
5807,0,0,0,0,1,0,0
45716,0,0,0,0,1,0,0
49185,0,0,0,0,1,0,0
13393,0,0,0,0,1,0,0
49412,0,0,0,0,1,0,0
18897,0,0,0,0,1,0,0
49071,0,0,0,0,1,0,0
16613,0,0,0,0,1,0,0
47554,0,0,0,0,1,0,0
17944,0,0,0,0,1,0,0
21228,0,0,0,0,1,0,0
42572,0,0,0,0,1,0,0
24812,0,0,0,0,1,0,0
18895,0,0,0,0,1,0,0
32174,0,0,0,0,1,0,0
30204,0,0,0,0,1,0,0
50679,0,0,0,0,1,0,0
17468,0,0,0,0,1,0,0
29966,0,0,0,0,1,0,0
19400,0,0,0,0,1,0,0
42414,0,0,0,0,1,0,0
1104,0,0,0,0,0,1,0
50875,0,0,0,0,0,1,0
23723,0,0,0,0,0,1,0
40670,0,0,0,0,0,1,0
13655,0,0,0,0,0,1,0
15661,0,0,0,0,0,1,0
45585,0,0,0,0,0,1,0
30070,0,0,0,0,0,1,0
21028,0,0,0,0,0,1,0
28798,0,0,0,0,0,1,0
17768,0,0,0,0,0,1,0
5157,0,0,0,0,0,1,0
12745,0,0,0,0,0,1,0
30655,0,0,0,0,0,1,0
17990,0,0,0,0,0,1,0
40890,0,0,0,0,0,1,0
6380,0,0,0,0,0,1,0
6928,0,0,0,0,0,1,0
20779,0,0,0,0,0,1,0
30656,0,0,0,0,0,1,0
41620,0,0,0,0,0,1,0
22028,0,0,0,0,0,1,0
31272,0,0,0,0,0,1,0
13533,0,0,0,0,0,1,0
26460,0,0,0,0,0,1,0
38786,0,0,0,0,0,1,0
40896,0,0,0,0,0,1,0
32313,0,0,0,0,0,1,0
4887,0,0,0,0,0,1,0
36791,0,0,0,0,0,1,0
17330,0,0,0,0,0,1,0
30237,0,0,0,0,0,1,0
45587,0,0,0,0,0,1,0
38457,0,0,0,0,0,1,0
7232,0,0,0,0,0,1,0
44804,0,0,0,0,0,1,0
29466,0,0,0,0,0,1,0
37965,0,0,0,0,0,1,0
46692,0,0,0,0,0,1,0
10148,0,0,0,0,0,1,0
47816,0,0,0,0,0,1,0
7438,0,0,0,0,0,1,0
24519,0,0,0,0,0,1,0
13109,0,0,0,0,0,1,0
26463,0,0,0,0,0,1,0
47228,0,0,0,0,0,1,0
21275,0,0,0,0,0,1,0
28339,0,0,0,0,0,1,0
31946,0,0,0,0,0,1,0
15470,0,0,0,0,0,1,0
184,0,0,0,0,0,1,0
24503,0,0,0,0,0,1,0
8818,0,0,0,0,0,1,0
13391,0,0,0,0,0,1,0
31950,0,0,0,0,0,1,0
45315,0,0,0,0,0,1,0
32387,0,0,0,0,0,1,0
28663,0,0,0,0,0,1,0
9780,0,0,0,0,0,1,0
39685,0,0,0,0,0,1,0
3238,0,0,0,0,0,1,0
18746,0,0,0,0,0,1,0
12778,0,0,0,0,0,1,0
32064,0,0,0,0,0,1,0
12341,0,0,0,0,0,1,0
18234,0,0,0,0,0,1,0
8880,0,0,0,0,0,1,0
11816,0,0,0,0,0,1,0
8689,0,0,0,0,0,1,0
13604,0,0,0,0,0,1,0
12653,0,0,0,0,0,1,0
2099,0,0,0,0,0,1,0
32982,0,0,0,0,0,1,0
37350,0,0,0,0,0,1,0
10121,0,0,0,0,0,1,0
185,0,0,0,0,0,1,0
23676,0,0,0,0,0,1,0
7314,0,0,0,0,0,1,0
1083,0,0,0,0,0,1,0
31930,0,0,0,0,0,1,0
48706,0,0,0,0,0,1,0
46693,0,0,0,0,0,1,0
25849,0,0,0,0,0,1,0
22841,0,0,0,0,0,1,0
28072,0,0,0,0,0,1,0
35336,0,0,0,0,0,1,0
19214,0,0,0,0,0,1,0
23721,0,0,0,0,0,1,0
32373,0,0,0,0,0,1,0
5762,0,0,0,0,0,1,0
43032,0,0,0,0,0,1,0
13881,0,0,0,0,0,1,0
45375,0,0,0,0,0,1,0
44095,0,0,0,0,0,1,0
16558,0,0,0,0,0,1,0
253,0,0,0,0,0,1,0
10703,0,0,0,0,0,1,0
41573,0,0,0,0,0,1,0
2103,0,0,0,0,0,1,0
2245,0,0,0,0,0,1,0
5635,0,0,0,0,0,1,0
12339,0,0,0,0,0,1,0
45493,0,0,0,0,0,1,0
6880,0,0,0,0,0,1,0
41230,0,0,0,0,0,1,0
33081,0,0,0,0,0,1,0
6094,0,0,0,0,0,1,0
15450,0,0,0,0,0,1,0
2243,0,0,0,0,0,1,0
44673,0,0,0,0,0,1,0
23167,0,0,0,0,0,1,0
27121,0,0,0,0,0,1,0
13309,0,0,0,0,0,1,0
14876,0,0,0,0,0,1,0
14503,0,0,0,0,0,1,0
42627,0,0,0,0,0,1,0
30536,0,0,0,0,0,1,0
28229,0,0,0,0,0,1,0
19193,0,0,0,0,0,1,0
28725,0,0,0,0,0,1,0
1995,0,0,0,0,0,1,0
36100,0,0,0,0,0,1,0
13030,0,0,0,0,0,1,0
34302,0,0,0,0,0,1,0
44461,0,0,0,0,0,1,0
27618,0,0,0,0,0,1,0
19452,0,0,0,0,0,1,0
44160,0,0,0,0,0,1,0
14154,0,0,0,0,0,1,0
5217,0,0,0,0,0,1,0
49789,0,0,0,0,0,1,0
22834,0,0,0,0,0,1,0
28519,0,0,0,0,0,1,0
10624,0,0,0,0,0,1,0
33422,0,0,0,0,0,1,0
42377,0,0,0,0,0,1,0
35629,0,0,0,0,0,1,0
16124,0,0,0,0,0,1,0
6817,0,0,0,0,0,1,0
25593,0,0,0,0,0,1,0
41224,0,0,0,0,0,1,0
24289,0,0,0,0,0,1,0
18800,0,0,0,0,0,1,0
26694,0,0,0,0,0,1,0
10625,0,0,0,0,0,1,0
15583,0,0,0,0,0,1,0
41360,0,0,0,0,0,1,0
33125,0,0,0,0,0,1,0
49958,0,0,0,0,0,1,0
48816,0,0,0,0,0,1,0
32182,0,0,0,0,0,1,0
18975,0,0,0,0,0,1,0
16231,0,0,0,0,0,1,0
47079,0,0,0,0,0,1,0
5913,0,0,0,0,0,1,0
32363,0,0,0,0,0,1,0
51285,0,0,0,0,0,1,0
44412,0,0,0,0,0,1,0
40836,0,0,0,0,0,1,0
23013,0,0,0,0,0,1,0
5158,0,0,0,0,0,1,0
41552,0,0,0,0,0,1,0
31819,0,0,0,0,0,1,0
17726,0,0,0,0,0,1,0
10675,0,0,0,0,0,1,0
8686,0,0,0,0,0,1,0
35335,0,0,0,0,0,1,0
27367,0,0,0,0,0,1,0
28727,0,0,0,0,0,1,0
7589,0,0,0,0,0,1,0
43813,0,0,0,0,0,1,0
40898,0,0,0,0,0,1,0
53348,0,0,0,0,0,1,0
39555,0,0,0,0,0,1,0
55978,0,0,0,0,0,1,0
30225,0,0,0,0,0,1,0
2823,0,0,0,0,0,1,0
40140,0,0,0,0,0,1,0
13529,0,0,0,0,0,1,0
26221,0,0,0,0,0,1,0
2230,0,0,0,0,0,1,0
19201,0,0,0,0,0,1,0
38785,0,0,0,0,0,1,0
39502,0,0,0,0,0,1,0
40370,0,0,0,0,0,1,0
1988,0,0,0,0,0,1,0
22194,0,0,0,0,0,1,0
16823,0,0,0,0,0,1,0
45473,0,0,0,0,0,1,0
57570,0,0,0,0,0,1,0
7100,0,0,0,0,0,1,0
32317,0,0,0,0,0,1,0
21575,0,0,0,0,0,1,0
29401,0,0,0,0,0,1,0
6213,0,0,0,0,0,1,0
55423,0,0,0,0,0,1,0
42726,0,0,0,0,0,1,0
2098,0,0,0,0,0,1,0
44574,0,0,0,0,0,1,0
16540,0,0,0,0,0,1,0
22248,0,0,0,0,0,1,0
32579,0,0,0,0,0,1,0
26461,0,0,0,0,0,1,0
17991,0,0,0,0,0,1,0
18781,0,0,0,0,0,1,0
28930,0,0,0,0,0,1,0
25194,0,0,0,0,0,1,0
27016,0,0,0,0,0,1,0
4859,0,0,0,0,0,1,0
34306,0,0,0,0,0,1,0
27673,0,0,0,0,0,1,0
48628,0,0,0,0,0,1,0
31219,0,0,0,0,0,1,0
25599,0,0,0,0,0,1,0
11008,0,0,0,0,0,1,0
14390,0,0,0,0,0,1,0
23009,0,0,0,0,0,1,0
11637,0,0,0,0,0,1,0
32978,0,0,0,0,0,1,0
1936,0,0,0,0,0,1,0
23015,0,0,0,0,0,1,0
48005,0,0,0,0,0,1,0
35929,0,0,0,0,0,1,0
44492,0,0,0,0,0,1,0
1932,0,0,0,0,0,1,0
15580,0,0,0,0,0,1,0
47472,0,0,0,0,0,1,0
45950,0,0,0,0,0,1,0
44477,0,0,0,0,0,1,0
9715,0,0,0,0,0,1,0
27365,0,0,0,0,0,1,0
17154,0,0,0,0,0,1,0
10440,0,0,0,0,0,1,0
57429,0,0,0,0,0,1,0
42313,0,0,0,0,0,1,0
37796,0,0,0,0,0,1,0
33005,0,0,0,0,0,1,0
23014,0,0,0,0,0,1,0
1621,0,0,0,0,0,1,0
53222,0,0,0,0,0,1,0
17730,0,0,0,0,0,1,0
26339,0,0,0,0,0,1,0
15913,0,0,0,0,0,1,0
12954,0,0,0,0,0,1,0
13147,0,0,0,0,0,1,0
25213,0,0,0,0,0,1,0
40779,0,0,0,0,0,1,0
46351,0,0,0,0,0,1,0
2190,0,0,0,0,0,1,0
54760,0,0,0,0,0,1,0
32104,0,0,0,0,0,1,0
36745,0,0,0,0,0,1,0
18213,0,0,0,0,0,1,0
44030,0,0,0,0,0,1,0
34739,0,0,0,0,0,1,0
11232,0,0,0,0,0,1,0
7321,0,0,0,0,0,1,0
47493,0,0,0,0,0,1,0
24297,0,0,0,0,0,1,0
13396,0,0,0,0,0,1,0
51280,0,0,0,0,0,1,0
11814,0,0,0,0,0,1,0
21284,0,0,0,0,0,1,0
32314,0,0,0,0,0,1,0
49602,0,0,0,0,0,1,0
24502,0,0,0,0,0,1,0
2246,0,0,0,0,0,1,0
21277,0,0,0,0,0,1,0
15472,0,0,0,0,0,1,0
56910,0,0,0,0,0,1,0
8259,0,0,0,0,0,1,0
57874,0,0,0,0,0,1,0
5159,0,0,0,0,0,1,0
39861,0,0,0,0,0,1,0
26708,0,0,0,0,0,1,0
17732,0,0,0,0,0,1,0
53563,0,0,0,0,0,1,0
23665,0,0,0,0,0,1,0
38226,0,0,0,0,0,1,0
24428,0,0,0,0,0,1,0
31893,0,0,0,0,0,1,0
23031,0,0,0,0,0,1,0
26763,0,0,0,0,0,1,0
15039,0,0,0,0,0,1,0
55272,0,0,0,0,0,1,0
22447,0,0,0,0,0,1,0
49152,0,0,0,0,0,1,0
29407,0,0,0,0,0,1,0
26682,0,0,0,0,0,1,0
38889,0,0,0,0,0,1,0
34033,0,0,0,0,0,1,0
54481,0,0,0,0,0,1,0
35331,0,0,0,0,0,1,0
50537,0,0,0,0,0,1,0
1626,0,0,0,0,0,1,0
5193,0,0,0,0,0,1,0
35518,0,0,0,0,0,1,0
30075,0,0,0,0,0,1,0
25208,0,0,0,0,0,1,0
24523,0,0,0,0,0,1,0
27900,0,0,0,0,0,1,0
26061,0,0,0,0,0,1,0
23655,0,0,0,0,0,1,0
1934,0,0,0,0,0,1,0
31834,0,0,0,0,0,1,0
48630,0,0,0,0,0,1,0
27905,0,0,0,0,0,1,0
36439,0,0,0,0,0,1,0
22509,0,0,0,0,0,1,0
25073,0,0,0,0,0,1,0
7588,0,0,0,0,0,1,0
2101,0,0,0,0,0,1,0
9719,0,0,0,0,0,1,0
35637,0,0,0,0,0,1,0
6093,0,0,0,0,0,1,0
27278,0,0,0,0,0,1,0
44672,0,0,0,0,0,1,0
8246,0,0,0,0,0,1,0
24288,0,0,0,0,0,1,0
5161,0,0,0,0,0,1,0
41651,0,0,0,0,0,1,0
24371,0,0,0,0,0,1,0
41359,0,0,0,0,0,1,0
12945,0,0,0,0,0,1,0
21269,0,0,0,0,0,1,0
11002,0,0,0,0,0,1,0
2580,0,0,0,0,0,1,0
56326,0,0,0,0,0,1,0
41014,0,0,0,0,0,1,0
32097,0,0,0,0,0,1,0
26470,0,0,0,0,0,1,0
6803,0,0,0,0,0,1,0
29260,0,0,0,0,0,1,0
48629,0,0,0,0,0,1,0
5660,0,0,0,0,0,1,0
45316,0,0,0,0,0,1,0
54061,0,0,0,0,0,1,0
4040,0,0,0,0,0,1,0
34158,0,0,0,0,0,1,0
8877,0,0,0,0,0,1,0
45935,0,0,0,0,0,1,0
36334,0,0,0,0,0,1,0
18219,0,0,0,0,0,1,0
7231,0,0,0,0,0,1,0
22877,0,0,0,0,0,1,0
3120,0,0,0,0,0,1,0
53216,0,0,0,0,0,1,0
34843,0,0,0,0,0,1,0
18342,0,0,0,0,0,1,0
28671,0,0,0,0,0,1,0
34907,0,0,0,0,0,1,0
4848,0,0,0,0,0,1,0
22836,0,0,0,0,0,1,0
9096,0,0,0,0,0,1,0
7700,0,0,0,0,0,1,0
29695,0,0,0,0,0,1,0
7767,0,0,0,0,0,1,0
39322,0,0,0,0,0,1,0
23667,0,0,0,0,0,1,0
28716,0,0,0,0,0,1,0
28795,0,0,0,0,0,1,0
6838,0,0,0,0,0,1,0
18851,0,0,0,0,0,1,0
51459,0,0,0,0,0,1,0
24293,0,0,0,0,0,1,0
54762,0,0,0,0,0,1,0
10151,0,0,0,0,0,1,0
23040,0,0,0,0,0,1,0
50872,0,0,0,0,0,1,0
37358,0,0,0,0,0,1,0
18739,0,0,0,0,0,1,0
14650,0,0,0,0,0,1,0
45588,0,0,0,0,0,1,0
37397,0,0,0,0,0,1,0
46689,0,0,0,0,0,1,0
31079,0,0,0,0,0,1,0
11636,0,0,0,0,0,1,0
4690,0,0,0,0,0,1,0
21764,0,0,0,0,0,1,0
44417,0,0,0,0,0,1,0
27417,0,0,0,0,0,1,0
4248,0,0,0,0,0,1,0
31236,0,0,0,0,0,1,0
1954,0,0,0,0,0,1,0
55421,0,0,0,0,0,1,0
54759,0,0,0,0,0,1,0
11007,0,0,0,0,0,1,0
44094,0,0,0,0,0,1,0
21576,0,0,0,0,0,1,0
48707,0,0,0,0,0,1,0
12944,0,0,0,0,0,1,0
25802,0,0,0,0,0,1,0
31897,0,0,0,0,0,1,0
50870,0,0,0,0,0,1,0
35925,0,0,0,0,0,1,0
6925,0,0,0,0,0,1,0
1955,0,0,0,0,0,1,0
7956,0,0,0,0,0,1,0
10679,0,0,0,0,0,1,0
21260,0,0,0,0,0,1,0
31890,0,0,0,0,0,1,0
18724,0,0,0,0,0,1,0
29773,0,0,0,0,0,1,0
2836,0,0,0,0,0,1,0
7311,0,0,0,0,0,1,0
31826,0,0,0,0,0,1,0
39564,0,0,0,0,0,1,0
21759,0,0,0,0,0,1,0
47104,0,0,0,0,0,1,0
25861,0,0,0,0,0,1,0
45313,0,0,0,0,0,1,0
18741,0,0,0,0,0,1,0
11037,0,0,0,0,0,1,0
18344,0,0,0,0,0,1,0
188,0,0,0,0,0,1,0
22593,0,0,0,0,0,1,0
35119,0,0,0,0,0,1,0
32162,0,0,0,0,0,1,0
45573,0,0,0,0,0,1,0
20930,0,0,0,0,0,1,0
33420,0,0,0,0,0,1,0
38362,0,0,0,0,0,1,0
11023,0,0,0,0,0,1,0
45961,0,0,0,0,0,1,0
17989,0,0,0,0,0,1,0
41072,0,0,0,0,0,1,0
39179,0,0,0,0,0,1,0
34337,0,0,0,0,0,1,0
7758,0,0,0,0,0,1,0
41462,0,0,0,0,0,1,0
1100,0,0,0,0,0,1,0
15282,0,0,0,0,0,1,0
54502,0,0,0,0,0,1,0
25597,0,0,0,0,0,1,0
21285,0,0,0,0,0,1,0
32186,0,0,0,0,0,1,0
38891,0,0,0,0,0,1,0
31075,0,0,0,0,0,1,0
13497,0,0,0,0,0,1,0
34335,0,0,0,0,0,1,0
31821,0,0,0,0,0,1,0
33824,0,0,0,0,0,1,0
10136,0,0,0,0,0,1,0
45894,0,0,0,0,0,1,0
41616,0,0,0,0,0,1,0
32361,0,0,0,0,0,1,0
28666,0,0,0,0,0,1,0
2220,0,0,0,0,0,1,0
21761,0,0,0,0,0,1,0
5101,0,0,0,0,0,1,0
11997,0,0,0,0,0,1,0
27509,0,0,0,0,0,1,0
45724,0,0,0,0,0,1,0
18722,0,0,0,0,0,1,0
26736,0,0,0,0,0,1,0
9716,0,0,0,0,0,1,0
22988,0,0,0,0,0,1,0
13071,0,0,0,0,0,1,0
9579,0,0,0,0,0,1,0
5706,0,0,0,0,0,1,0
53560,0,0,0,0,0,1,0
39964,0,0,0,0,0,1,0
31447,0,0,0,0,0,1,0
39310,0,0,0,0,0,1,0
101,0,0,0,0,0,1,0
11038,0,0,0,0,0,1,0
38436,0,0,0,0,0,1,0
20497,0,0,0,0,0,1,0
39079,0,0,0,0,0,1,0
49607,0,0,0,0,0,1,0
26332,0,0,0,0,0,1,0
46069,0,0,0,0,0,1,0
23535,0,0,0,0,0,1,0
23055,0,0,0,0,0,1,0
28146,0,0,0,0,0,1,0
1103,0,0,0,0,0,1,0
6801,0,0,0,0,0,1,0
11250,0,0,0,0,0,1,0
31949,0,0,0,0,0,1,0
7699,0,0,0,0,0,1,0
18752,0,0,0,0,0,1,0
33123,0,0,0,0,0,1,0
49156,0,0,0,0,0,1,0
16790,0,0,0,0,0,1,0
8248,0,0,0,0,0,1,0
14976,0,0,0,0,0,1,0
9714,0,0,0,0,0,1,0
21011,0,0,0,0,0,1,0
38097,0,0,0,0,0,1,0
43409,0,0,0,0,0,1,0
6379,0,0,0,0,0,1,0
31959,0,0,0,0,0,1,0
40894,0,0,0,0,0,1,0
27369,0,0,0,0,0,1,0
30550,0,0,0,0,0,1,0
45892,0,0,0,0,0,1,0
45491,0,0,0,0,0,1,0
53532,0,0,0,0,0,1,0
39154,0,0,0,0,0,1,0
20771,0,0,0,0,0,1,0
24382,0,0,0,0,0,0,1
41334,0,0,0,0,0,0,1
23483,0,0,0,0,0,0,1
47287,0,0,0,0,0,0,1
39089,0,0,0,0,0,0,1
37926,0,0,0,0,0,0,1
4177,0,0,0,0,0,0,1
50862,0,0,0,0,0,0,1
7253,0,0,0,0,0,0,1
7791,0,0,0,0,0,0,1
47322,0,0,0,0,0,0,1
17290,0,0,0,0,0,0,1
49270,0,0,0,0,0,0,1
29920,0,0,0,0,0,0,1
31689,0,0,0,0,0,0,1
43777,0,0,0,0,0,0,1
33865,0,0,0,0,0,0,1
853,0,0,0,0,0,0,1
30060,0,0,0,0,0,0,1
23764,0,0,0,0,0,0,1
26010,0,0,0,0,0,0,1
12550,0,0,0,0,0,0,1
6833,0,0,0,0,0,0,1
20288,0,0,0,0,0,0,1
29899,0,0,0,0,0,0,1
20314,0,0,0,0,0,0,1
17474,0,0,0,0,0,0,1
37945,0,0,0,0,0,0,1
19816,0,0,0,0,0,0,1
12895,0,0,0,0,0,0,1
33643,0,0,0,0,0,0,1
42457,0,0,0,0,0,0,1
38043,0,0,0,0,0,0,1
20227,0,0,0,0,0,0,1
25231,0,0,0,0,0,0,1
819,0,0,0,0,0,0,1
23834,0,0,0,0,0,0,1
48365,0,0,0,0,0,0,1
7635,0,0,0,0,0,0,1
39481,0,0,0,0,0,0,1
24053,0,0,0,0,0,0,1
39005,0,0,0,0,0,0,1
24300,0,0,0,0,0,0,1
38467,0,0,0,0,0,0,1
13363,0,0,0,0,0,0,1
29896,0,0,0,0,0,0,1
34175,0,0,0,0,0,0,1
40864,0,0,0,0,0,0,1
6435,0,0,0,0,0,0,1
36086,0,0,0,0,0,0,1
5335,0,0,0,0,0,0,1
39483,0,0,0,0,0,0,1
10259,0,0,0,0,0,0,1
20229,0,0,0,0,0,0,1
28031,0,0,0,0,0,0,1
41251,0,0,0,0,0,0,1
29624,0,0,0,0,0,0,1
21738,0,0,0,0,0,0,1
7641,0,0,0,0,0,0,1
35029,0,0,0,0,0,0,1
40172,0,0,0,0,0,0,1
25675,0,0,0,0,0,0,1
21363,0,0,0,0,0,0,1
46666,0,0,0,0,0,0,1
27357,0,0,0,0,0,0,1
3486,0,0,0,0,0,0,1
13362,0,0,0,0,0,0,1
50389,0,0,0,0,0,0,1
19034,0,0,0,0,0,0,1
32546,0,0,0,0,0,0,1
4997,0,0,0,0,0,0,1
37277,0,0,0,0,0,0,1
43074,0,0,0,0,0,0,1
42499,0,0,0,0,0,0,1
26475,0,0,0,0,0,0,1
12898,0,0,0,0,0,0,1
29708,0,0,0,0,0,0,1
42388,0,0,0,0,0,0,1
42998,0,0,0,0,0,0,1
12907,0,0,0,0,0,0,1
53362,0,0,0,0,0,0,1
7793,0,0,0,0,0,0,1
37834,0,0,0,0,0,0,1
5110,0,0,0,0,0,0,1
27869,0,0,0,0,0,0,1
7577,0,0,0,0,0,0,1
2148,0,0,0,0,0,0,1
9820,0,0,0,0,0,0,1
24997,0,0,0,0,0,0,1
43405,0,0,0,0,0,0,1
8713,0,0,0,0,0,0,1
5349,0,0,0,0,0,0,1
49177,0,0,0,0,0,0,1
232,0,0,0,0,0,0,1
5350,0,0,0,0,0,0,1
43863,0,0,0,0,0,0,1
7329,0,0,0,0,0,0,1
51158,0,0,0,0,0,0,1
32633,0,0,0,0,0,0,1
23019,0,0,0,0,0,0,1
33465,0,0,0,0,0,0,1
5986,0,0,0,0,0,0,1
30294,0,0,0,0,0,0,1
34254,0,0,0,0,0,0,1
22821,0,0,0,0,0,0,1
21072,0,0,0,0,0,0,1
28304,0,0,0,0,0,0,1
39948,0,0,0,0,0,0,1
48778,0,0,0,0,0,0,1
34021,0,0,0,0,0,0,1
28559,0,0,0,0,0,0,1
46075,0,0,0,0,0,0,1
10661,0,0,0,0,0,0,1
22630,0,0,0,0,0,0,1
37732,0,0,0,0,0,0,1
31679,0,0,0,0,0,0,1
2828,0,0,0,0,0,0,1
1391,0,0,0,0,0,0,1
45490,0,0,0,0,0,0,1
18149,0,0,0,0,0,0,1
47963,0,0,0,0,0,0,1
17238,0,0,0,0,0,0,1
6893,0,0,0,0,0,0,1
15725,0,0,0,0,0,0,1
6541,0,0,0,0,0,0,1
45707,0,0,0,0,0,0,1
18436,0,0,0,0,0,0,1
11034,0,0,0,0,0,0,1
23762,0,0,0,0,0,0,1
35571,0,0,0,0,0,0,1
26004,0,0,0,0,0,0,1
14283,0,0,0,0,0,0,1
37833,0,0,0,0,0,0,1
22059,0,0,0,0,0,0,1
10666,0,0,0,0,0,0,1
12060,0,0,0,0,0,0,1
42757,0,0,0,0,0,0,1
29649,0,0,0,0,0,0,1
1900,0,0,0,0,0,0,1
24821,0,0,0,0,0,0,1
36656,0,0,0,0,0,0,1
22824,0,0,0,0,0,0,1
28405,0,0,0,0,0,0,1
4831,0,0,0,0,0,0,1
43833,0,0,0,0,0,0,1
12382,0,0,0,0,0,0,1
13250,0,0,0,0,0,0,1
19753,0,0,0,0,0,0,1
31404,0,0,0,0,0,0,1
33869,0,0,0,0,0,0,1
45806,0,0,0,0,0,0,1
37553,0,0,0,0,0,0,1
7249,0,0,0,0,0,0,1
46218,0,0,0,0,0,0,1
27200,0,0,0,0,0,0,1
22979,0,0,0,0,0,0,1
49796,0,0,0,0,0,0,1
34022,0,0,0,0,0,0,1
50801,0,0,0,0,0,0,1
36026,0,0,0,0,0,0,1
43786,0,0,0,0,0,0,1
25897,0,0,0,0,0,0,1
51351,0,0,0,0,0,0,1
50881,0,0,0,0,0,0,1
27728,0,0,0,0,0,0,1
1408,0,0,0,0,0,0,1
22735,0,0,0,0,0,0,1
39498,0,0,0,0,0,0,1
37278,0,0,0,0,0,0,1
41017,0,0,0,0,0,0,1
43000,0,0,0,0,0,0,1
24486,0,0,0,0,0,0,1
27315,0,0,0,0,0,0,1
46202,0,0,0,0,0,0,1
33451,0,0,0,0,0,0,1
180,0,0,0,0,0,0,1
36733,0,0,0,0,0,0,1
36028,0,0,0,0,0,0,1
40349,0,0,0,0,0,0,1
49299,0,0,0,0,0,0,1
10260,0,0,0,0,0,0,1
15021,0,0,0,0,0,0,1
22780,0,0,0,0,0,0,1
45487,0,0,0,0,0,0,1
36476,0,0,0,0,0,0,1
29554,0,0,0,0,0,0,1
733,0,0,0,0,0,0,1
32504,0,0,0,0,0,0,1
24813,0,0,0,0,0,0,1
12207,0,0,0,0,0,0,1
48882,0,0,0,0,0,0,1
19476,0,0,0,0,0,0,1
26086,0,0,0,0,0,0,1
32481,0,0,0,0,0,0,1
21490,0,0,0,0,0,0,1
41119,0,0,0,0,0,0,1
1727,0,0,0,0,0,0,1
16405,0,0,0,0,0,0,1
37280,0,0,0,0,0,0,1
6830,0,0,0,0,0,0,1
22497,0,0,0,0,0,0,1
31802,0,0,0,0,0,0,1
25042,0,0,0,0,0,0,1
32485,0,0,0,0,0,0,1
18408,0,0,0,0,0,0,1
29537,0,0,0,0,0,0,1
5171,0,0,0,0,0,0,1
29897,0,0,0,0,0,0,1
8652,0,0,0,0,0,0,1
13729,0,0,0,0,0,0,1
19752,0,0,0,0,0,0,1
2265,0,0,0,0,0,0,1
12501,0,0,0,0,0,0,1
9498,0,0,0,0,0,0,1
25907,0,0,0,0,0,0,1
10411,0,0,0,0,0,0,1
52427,0,0,0,0,0,0,1
35569,0,0,0,0,0,0,1
2859,0,0,0,0,0,0,1
45667,0,0,0,0,0,0,1
25033,0,0,0,0,0,0,1
15490,0,0,0,0,0,0,1
35976,0,0,0,0,0,0,1
13059,0,0,0,0,0,0,1
33656,0,0,0,0,0,0,1
36970,0,0,0,0,0,0,1
53081,0,0,0,0,0,0,1
49274,0,0,0,0,0,0,1
38024,0,0,0,0,0,0,1
39010,0,0,0,0,0,0,1
37527,0,0,0,0,0,0,1
31128,0,0,0,0,0,0,1
31533,0,0,0,0,0,0,1
45546,0,0,0,0,0,0,1
204,0,0,0,0,0,0,1
8058,0,0,0,0,0,0,1
15539,0,0,0,0,0,0,1
19518,0,0,0,0,0,0,1
39825,0,0,0,0,0,0,1
41266,0,0,0,0,0,0,1
18411,0,0,0,0,0,0,1
22039,0,0,0,0,0,0,1
21746,0,0,0,0,0,0,1
32602,0,0,0,0,0,0,1
25975,0,0,0,0,0,0,1
13181,0,0,0,0,0,0,1
21367,0,0,0,0,0,0,1
10905,0,0,0,0,0,0,1
32508,0,0,0,0,0,0,1
33049,0,0,0,0,0,0,1
33810,0,0,0,0,0,0,1
47272,0,0,0,0,0,0,1
23075,0,0,0,0,0,0,1
39281,0,0,0,0,0,0,1
49425,0,0,0,0,0,0,1
42787,0,0,0,0,0,0,1
4961,0,0,0,0,0,0,1
35869,0,0,0,0,0,0,1
6596,0,0,0,0,0,0,1
36480,0,0,0,0,0,0,1
25670,0,0,0,0,0,0,1
48591,0,0,0,0,0,0,1
39032,0,0,0,0,0,0,1
31066,0,0,0,0,0,0,1
22686,0,0,0,0,0,0,1
5170,0,0,0,0,0,0,1
30054,0,0,0,0,0,0,1
31971,0,0,0,0,0,0,1
17830,0,0,0,0,0,0,1
26526,0,0,0,0,0,0,1
40821,0,0,0,0,0,0,1
44714,0,0,0,0,0,0,1
43001,0,0,0,0,0,0,1
7863,0,0,0,0,0,0,1
13039,0,0,0,0,0,0,1
15316,0,0,0,0,0,0,1
6825,0,0,0,0,0,0,1
53126,0,0,0,0,0,0,1
45929,0,0,0,0,0,0,1
27469,0,0,0,0,0,0,1
25378,0,0,0,0,0,0,1
48397,0,0,0,0,0,0,1
28047,0,0,0,0,0,0,1
4981,0,0,0,0,0,0,1
20269,0,0,0,0,0,0,1
28536,0,0,0,0,0,0,1
6317,0,0,0,0,0,0,1
34612,0,0,0,0,0,0,1
6713,0,0,0,0,0,0,1
26984,0,0,0,0,0,0,1
32598,0,0,0,0,0,0,1
24828,0,0,0,0,0,0,1
28809,0,0,0,0,0,0,1
46595,0,0,0,0,0,0,1
27453,0,0,0,0,0,0,1
19466,0,0,0,0,0,0,1
34377,0,0,0,0,0,0,1
13186,0,0,0,0,0,0,1
23077,0,0,0,0,0,0,1
25113,0,0,0,0,0,0,1
8584,0,0,0,0,0,0,1
6598,0,0,0,0,0,0,1
13371,0,0,0,0,0,0,1
1283,0,0,0,0,0,0,1
41086,0,0,0,0,0,0,1
17616,0,0,0,0,0,0,1
21068,0,0,0,0,0,0,1
28189,0,0,0,0,0,0,1
12494,0,0,0,0,0,0,1
12327,0,0,0,0,0,0,1
37972,0,0,0,0,0,0,1
1857,0,0,0,0,0,0,1
25015,0,0,0,0,0,0,1
29621,0,0,0,0,0,0,1
9807,0,0,0,0,0,0,1
50393,0,0,0,0,0,0,1
22453,0,0,0,0,0,0,1
40754,0,0,0,0,0,0,1
22045,0,0,0,0,0,0,1
20540,0,0,0,0,0,0,1
50799,0,0,0,0,0,0,1
25674,0,0,0,0,0,0,1
33638,0,0,0,0,0,0,1
17680,0,0,0,0,0,0,1
28628,0,0,0,0,0,0,1
2906,0,0,0,0,0,0,1
852,0,0,0,0,0,0,1
6303,0,0,0,0,0,0,1
34290,0,0,0,0,0,0,1
5299,0,0,0,0,0,0,1
29541,0,0,0,0,0,0,1
7606,0,0,0,0,0,0,1
11837,0,0,0,0,0,0,1
33449,0,0,0,0,0,0,1
16309,0,0,0,0,0,0,1
19031,0,0,0,0,0,0,1
32612,0,0,0,0,0,0,1
33198,0,0,0,0,0,0,1
26638,0,0,0,0,0,0,1
10654,0,0,0,0,0,0,1
49163,0,0,0,0,0,0,1
43601,0,0,0,0,0,0,1
35972,0,0,0,0,0,0,1
443,0,0,0,0,0,0,1
17488,0,0,0,0,0,0,1
17681,0,0,0,0,0,0,1
5631,0,0,0,0,0,0,1
32881,0,0,0,0,0,0,1
41718,0,0,0,0,0,0,1
19362,0,0,0,0,0,0,1
25138,0,0,0,0,0,0,1
39305,0,0,0,0,0,0,1
12372,0,0,0,0,0,0,1
36417,0,0,0,0,0,0,1
22734,0,0,0,0,0,0,1
38731,0,0,0,0,0,0,1
13360,0,0,0,0,0,0,1
42083,0,0,0,0,0,0,1
26989,0,0,0,0,0,0,1
25037,0,0,0,0,0,0,1
43779,0,0,0,0,0,0,1
54155,0,0,0,0,0,0,1
26632,0,0,0,0,0,0,1
56841,0,0,0,0,0,0,1
1904,0,0,0,0,0,0,1
33866,0,0,0,0,0,0,1
45302,0,0,0,0,0,0,1
9675,0,0,0,0,0,0,1
24047,0,0,0,0,0,0,1
6315,0,0,0,0,0,0,1
2796,0,0,0,0,0,0,1
45779,0,0,0,0,0,0,1
14659,0,0,0,0,0,0,1
32879,0,0,0,0,0,0,1
55535,0,0,0,0,0,0,1
7784,0,0,0,0,0,0,1
23081,0,0,0,0,0,0,1
28847,0,0,0,0,0,0,1
6998,0,0,0,0,0,0,1
19478,0,0,0,0,0,0,1
33237,0,0,0,0,0,0,1
26490,0,0,0,0,0,0,1
23760,0,0,0,0,0,0,1
27804,0,0,0,0,0,0,1
13778,0,0,0,0,0,0,1
38573,0,0,0,0,0,0,1
22490,0,0,0,0,0,0,1
11838,0,0,0,0,0,0,1
35753,0,0,0,0,0,0,1
16043,0,0,0,0,0,0,1
37956,0,0,0,0,0,0,1
39261,0,0,0,0,0,0,1
27464,0,0,0,0,0,0,1
25978,0,0,0,0,0,0,1
4995,0,0,0,0,0,0,1
9362,0,0,0,0,0,0,1
26085,0,0,0,0,0,0,1
442,0,0,0,0,0,0,1
26907,0,0,0,0,0,0,1
9816,0,0,0,0,0,0,1
26774,0,0,0,0,0,0,1
6994,0,0,0,0,0,0,1
36988,0,0,0,0,0,0,1
38875,0,0,0,0,0,0,1
45450,0,0,0,0,0,0,1
38977,0,0,0,0,0,0,1
37836,0,0,0,0,0,0,1
30869,0,0,0,0,0,0,1
21054,0,0,0,0,0,0,1
14611,0,0,0,0,0,0,1
24815,0,0,0,0,0,0,1
22458,0,0,0,0,0,0,1
12375,0,0,0,0,0,0,1
13067,0,0,0,0,0,0,1
41747,0,0,0,0,0,0,1
23956,0,0,0,0,0,0,1
23915,0,0,0,0,0,0,1
10657,0,0,0,0,0,0,1
1399,0,0,0,0,0,0,1
38277,0,0,0,0,0,0,1
37390,0,0,0,0,0,0,1
39038,0,0,0,0,0,0,1
43782,0,0,0,0,0,0,1
25676,0,0,0,0,0,0,1
13345,0,0,0,0,0,0,1
4834,0,0,0,0,0,0,1
47089,0,0,0,0,0,0,1
41122,0,0,0,0,0,0,1
35792,0,0,0,0,0,0,1
17677,0,0,0,0,0,0,1
13150,0,0,0,0,0,0,1
38750,0,0,0,0,0,0,1
17567,0,0,0,0,0,0,1
36622,0,0,0,0,0,0,1
26573,0,0,0,0,0,0,1
2702,0,0,0,0,0,0,1
45995,0,0,0,0,0,0,1
21938,0,0,0,0,0,0,1
51344,0,0,0,0,0,0,1
14296,0,0,0,0,0,0,1
28025,0,0,0,0,0,0,1
36570,0,0,0,0,0,0,1
36294,0,0,0,0,0,0,1
40484,0,0,0,0,0,0,1
44052,0,0,0,0,0,0,1
7779,0,0,0,0,0,0,1
42039,0,0,0,0,0,0,1
38186,0,0,0,0,0,0,1
27163,0,0,0,0,0,0,1
18034,0,0,0,0,0,0,1
19029,0,0,0,0,0,0,1
36653,0,0,0,0,0,0,1
19841,0,0,0,0,0,0,1
16202,0,0,0,0,0,0,1
41719,0,0,0,0,0,0,1
1212,0,0,0,0,0,0,1
40074,0,0,0,0,0,0,1
35379,0,0,0,0,0,0,1
457,0,0,0,0,0,0,1
23765,0,0,0,0,0,0,1
48885,0,0,0,0,0,0,1
15310,0,0,0,0,0,0,1
26941,0,0,0,0,0,0,1
18409,0,0,0,0,0,0,1
18840,0,0,0,0,0,0,1
5935,0,0,0,0,0,0,1
5315,0,0,0,0,0,0,1
4945,0,0,0,0,0,0,1
4946,0,0,0,0,0,0,1
32197,0,0,0,0,0,0,1
13628,0,0,0,0,0,0,1
18447,0,0,0,0,0,0,1
32696,0,0,0,0,0,0,1
34250,0,0,0,0,0,0,1
1088,0,0,0,0,0,0,1
21057,0,0,0,0,0,0,1
48219,0,0,0,0,0,0,1
29525,0,0,0,0,0,0,1
8906,0,0,0,0,0,0,1
33862,0,0,0,0,0,0,1
47511,0,0,0,0,0,0,1
12990,0,0,0,0,0,0,1
6185,0,0,0,0,0,0,1
38974,0,0,0,0,0,0,1
32497,0,0,0,0,0,0,1
4240,0,0,0,0,0,0,1
19098,0,0,0,0,0,0,1
5945,0,0,0,0,0,0,1
51871,0,0,0,0,0,0,1
15824,0,0,0,0,0,0,1
24814,0,0,0,0,0,0,1
36241,0,0,0,0,0,0,1
29747,0,0,0,0,0,0,1
10316,0,0,0,0,0,0,1
25899,0,0,0,0,0,0,1
22661,0,0,0,0,0,0,1
19477,0,0,0,0,0,0,1
37837,0,0,0,0,0,0,1
448,0,0,0,0,0,0,1
25227,0,0,0,0,0,0,1
