,blues,classical,country,jazz,pop,rock,techno
15066,1,0,0,0,0,0,0
5256,1,0,0,0,0,0,0
23603,1,0,0,0,0,0,0
24083,1,0,0,0,0,0,0
20833,1,0,0,0,0,0,0
14015,1,0,0,0,0,0,0
13354,1,0,0,0,0,0,0
2484,1,0,0,0,0,0,0
17984,1,0,0,0,0,0,0
2226,1,0,0,0,0,0,0
19499,1,0,0,0,0,0,0
24374,1,0,0,0,0,0,0
5396,1,0,0,0,0,0,0
12902,1,0,0,0,0,0,0
3703,1,0,0,0,0,0,0
23711,1,0,0,0,0,0,0
5358,1,0,0,0,0,0,0
21762,1,0,0,0,0,0,0
11168,1,0,0,0,0,0,0
12849,1,0,0,0,0,0,0
24874,1,0,0,0,0,0,0
20889,1,0,0,0,0,0,0
22120,1,0,0,0,0,0,0
784,1,0,0,0,0,0,0
8145,1,0,0,0,0,0,0
24646,1,0,0,0,0,0,0
3701,1,0,0,0,0,0,0
24082,1,0,0,0,0,0,0
23884,1,0,0,0,0,0,0
11919,1,0,0,0,0,0,0
21524,0,1,0,0,0,0,0
25053,0,1,0,0,0,0,0
25857,0,1,0,0,0,0,0
23519,0,1,0,0,0,0,0
8319,0,1,0,0,0,0,0
1470,0,1,0,0,0,0,0
21261,0,1,0,0,0,0,0
16676,0,1,0,0,0,0,0
5386,0,1,0,0,0,0,0
23804,0,1,0,0,0,0,0
4979,0,1,0,0,0,0,0
5519,0,1,0,0,0,0,0
12314,0,1,0,0,0,0,0
1485,0,1,0,0,0,0,0
11076,0,1,0,0,0,0,0
18321,0,1,0,0,0,0,0
5813,0,1,0,0,0,0,0
7062,0,1,0,0,0,0,0
15101,0,1,0,0,0,0,0
2511,0,1,0,0,0,0,0
25643,0,1,0,0,0,0,0
12492,0,1,0,0,0,0,0
10850,0,1,0,0,0,0,0
8341,0,1,0,0,0,0,0
23186,0,1,0,0,0,0,0
15251,0,1,0,0,0,0,0
125,0,1,0,0,0,0,0
14342,0,1,0,0,0,0,0
16025,0,1,0,0,0,0,0
4575,0,1,0,0,0,0,0
23658,0,1,0,0,0,0,0
23813,0,1,0,0,0,0,0
3245,0,1,0,0,0,0,0
22235,0,1,0,0,0,0,0
24865,0,1,0,0,0,0,0
5199,0,1,0,0,0,0,0
17269,0,1,0,0,0,0,0
25234,0,1,0,0,0,0,0
8118,0,1,0,0,0,0,0
16640,0,1,0,0,0,0,0
21748,0,1,0,0,0,0,0
20142,0,1,0,0,0,0,0
17759,0,1,0,0,0,0,0
5395,0,1,0,0,0,0,0
20746,0,1,0,0,0,0,0
16212,0,1,0,0,0,0,0
2743,0,1,0,0,0,0,0
24446,0,1,0,0,0,0,0
7859,0,1,0,0,0,0,0
23987,0,1,0,0,0,0,0
5820,0,1,0,0,0,0,0
23155,0,1,0,0,0,0,0
4553,0,1,0,0,0,0,0
3133,0,1,0,0,0,0,0
14055,0,1,0,0,0,0,0
12885,0,1,0,0,0,0,0
7293,0,1,0,0,0,0,0
17518,0,1,0,0,0,0,0
16161,0,1,0,0,0,0,0
1886,0,1,0,0,0,0,0
24443,0,1,0,0,0,0,0
13593,0,1,0,0,0,0,0
25786,0,1,0,0,0,0,0
24882,0,1,0,0,0,0,0
13559,0,1,0,0,0,0,0
23937,0,1,0,0,0,0,0
2807,0,1,0,0,0,0,0
20923,0,1,0,0,0,0,0
21000,0,1,0,0,0,0,0
15242,0,1,0,0,0,0,0
24813,0,1,0,0,0,0,0
4558,0,1,0,0,0,0,0
25591,0,1,0,0,0,0,0
17564,0,1,0,0,0,0,0
8921,0,1,0,0,0,0,0
5847,0,1,0,0,0,0,0
14315,0,1,0,0,0,0,0
23694,0,1,0,0,0,0,0
12149,0,1,0,0,0,0,0
21973,0,1,0,0,0,0,0
4125,0,1,0,0,0,0,0
70,0,1,0,0,0,0,0
19088,0,1,0,0,0,0,0
19218,0,1,0,0,0,0,0
8783,0,1,0,0,0,0,0
16575,0,1,0,0,0,0,0
2529,0,1,0,0,0,0,0
24368,0,1,0,0,0,0,0
22637,0,1,0,0,0,0,0
18462,0,1,0,0,0,0,0
440,0,1,0,0,0,0,0
18994,0,1,0,0,0,0,0
24202,0,1,0,0,0,0,0
13198,0,1,0,0,0,0,0
20456,0,1,0,0,0,0,0
23960,0,1,0,0,0,0,0
10287,0,1,0,0,0,0,0
7520,0,1,0,0,0,0,0
12866,0,1,0,0,0,0,0
3256,0,1,0,0,0,0,0
21721,0,1,0,0,0,0,0
15018,0,1,0,0,0,0,0
22593,0,1,0,0,0,0,0
13534,0,1,0,0,0,0,0
18009,0,1,0,0,0,0,0
14058,0,1,0,0,0,0,0
22,0,1,0,0,0,0,0
25351,0,1,0,0,0,0,0
13422,0,1,0,0,0,0,0
16232,0,1,0,0,0,0,0
24951,0,1,0,0,0,0,0
9775,0,1,0,0,0,0,0
19224,0,1,0,0,0,0,0
17083,0,1,0,0,0,0,0
23947,0,1,0,0,0,0,0
24436,0,1,0,0,0,0,0
17411,0,1,0,0,0,0,0
7767,0,1,0,0,0,0,0
2055,0,1,0,0,0,0,0
5538,0,1,0,0,0,0,0
25227,0,1,0,0,0,0,0
7564,0,1,0,0,0,0,0
23529,0,1,0,0,0,0,0
25216,0,1,0,0,0,0,0
13956,0,1,0,0,0,0,0
10249,0,1,0,0,0,0,0
5837,0,1,0,0,0,0,0
10167,0,1,0,0,0,0,0
24498,0,1,0,0,0,0,0
20917,0,1,0,0,0,0,0
20526,0,1,0,0,0,0,0
25574,0,1,0,0,0,0,0
16171,0,1,0,0,0,0,0
15746,0,1,0,0,0,0,0
3122,0,1,0,0,0,0,0
21986,0,1,0,0,0,0,0
11647,0,1,0,0,0,0,0
13096,0,1,0,0,0,0,0
71,0,1,0,0,0,0,0
25191,0,1,0,0,0,0,0
700,0,1,0,0,0,0,0
9114,0,1,0,0,0,0,0
20920,0,1,0,0,0,0,0
16023,0,1,0,0,0,0,0
18483,0,1,0,0,0,0,0
14279,0,1,0,0,0,0,0
20918,0,1,0,0,0,0,0
16368,0,1,0,0,0,0,0
19550,0,1,0,0,0,0,0
3261,0,1,0,0,0,0,0
24300,0,1,0,0,0,0,0
21981,0,1,0,0,0,0,0
12268,0,1,0,0,0,0,0
12008,0,1,0,0,0,0,0
15851,0,1,0,0,0,0,0
11182,0,1,0,0,0,0,0
15288,0,1,0,0,0,0,0
13080,0,1,0,0,0,0,0
9788,0,1,0,0,0,0,0
6997,0,1,0,0,0,0,0
25483,0,1,0,0,0,0,0
21919,0,1,0,0,0,0,0
22512,0,1,0,0,0,0,0
14333,0,1,0,0,0,0,0
6608,0,1,0,0,0,0,0
24246,0,1,0,0,0,0,0
2094,0,1,0,0,0,0,0
7652,0,1,0,0,0,0,0
20427,0,1,0,0,0,0,0
25573,0,1,0,0,0,0,0
1989,0,1,0,0,0,0,0
23894,0,1,0,0,0,0,0
15700,0,1,0,0,0,0,0
1032,0,1,0,0,0,0,0
25788,0,1,0,0,0,0,0
5857,0,1,0,0,0,0,0
7415,0,1,0,0,0,0,0
15390,0,1,0,0,0,0,0
10008,0,1,0,0,0,0,0
7413,0,1,0,0,0,0,0
7762,0,1,0,0,0,0,0
3266,0,1,0,0,0,0,0
23686,0,1,0,0,0,0,0
22190,0,1,0,0,0,0,0
20137,0,1,0,0,0,0,0
14748,0,1,0,0,0,0,0
14344,0,1,0,0,0,0,0
17610,0,1,0,0,0,0,0
2988,0,1,0,0,0,0,0
19548,0,1,0,0,0,0,0
10567,0,1,0,0,0,0,0
23191,0,1,0,0,0,0,0
20425,0,1,0,0,0,0,0
1527,0,1,0,0,0,0,0
3131,0,1,0,0,0,0,0
24393,0,1,0,0,0,0,0
6222,0,1,0,0,0,0,0
24801,0,1,0,0,0,0,0
25496,0,1,0,0,0,0,0
13938,0,1,0,0,0,0,0
19391,0,1,0,0,0,0,0
1525,0,1,0,0,0,0,0
14148,0,1,0,0,0,0,0
25344,0,1,0,0,0,0,0
25631,0,1,0,0,0,0,0
8335,0,1,0,0,0,0,0
23860,0,1,0,0,0,0,0
16419,0,1,0,0,0,0,0
2467,0,1,0,0,0,0,0
12621,0,1,0,0,0,0,0
24658,0,1,0,0,0,0,0
16313,0,1,0,0,0,0,0
23979,0,1,0,0,0,0,0
25002,0,1,0,0,0,0,0
14968,0,1,0,0,0,0,0
25229,0,1,0,0,0,0,0
25353,0,1,0,0,0,0,0
23756,0,1,0,0,0,0,0
18391,0,1,0,0,0,0,0
12227,0,1,0,0,0,0,0
24093,0,1,0,0,0,0,0
6970,0,1,0,0,0,0,0
16079,0,1,0,0,0,0,0
4377,0,1,0,0,0,0,0
17502,0,1,0,0,0,0,0
24832,0,1,0,0,0,0,0
7959,0,1,0,0,0,0,0
12024,0,1,0,0,0,0,0
16026,0,1,0,0,0,0,0
23202,0,1,0,0,0,0,0
25707,0,1,0,0,0,0,0
24674,0,1,0,0,0,0,0
19239,0,1,0,0,0,0,0
24396,0,1,0,0,0,0,0
5915,0,1,0,0,0,0,0
22072,0,1,0,0,0,0,0
8425,0,1,0,0,0,0,0
5204,0,1,0,0,0,0,0
5345,0,1,0,0,0,0,0
21232,0,1,0,0,0,0,0
1523,0,1,0,0,0,0,0
11633,0,1,0,0,0,0,0
7349,0,1,0,0,0,0,0
10751,0,1,0,0,0,0,0
13760,0,1,0,0,0,0,0
15965,0,1,0,0,0,0,0
21854,0,1,0,0,0,0,0
8686,0,1,0,0,0,0,0
19158,0,1,0,0,0,0,0
24585,0,1,0,0,0,0,0
24539,0,1,0,0,0,0,0
25710,0,1,0,0,0,0,0
3946,0,1,0,0,0,0,0
25284,0,1,0,0,0,0,0
7963,0,1,0,0,0,0,0
4975,0,1,0,0,0,0,0
4075,0,1,0,0,0,0,0
23413,0,1,0,0,0,0,0
16007,0,1,0,0,0,0,0
17440,0,1,0,0,0,0,0
24139,0,1,0,0,0,0,0
13277,0,1,0,0,0,0,0
10263,0,1,0,0,0,0,0
10256,0,1,0,0,0,0,0
8338,0,1,0,0,0,0,0
16638,0,1,0,0,0,0,0
9554,0,1,0,0,0,0,0
14972,0,1,0,0,0,0,0
4465,0,1,0,0,0,0,0
25438,0,1,0,0,0,0,0
14859,0,1,0,0,0,0,0
4041,0,1,0,0,0,0,0
12887,0,1,0,0,0,0,0
18905,0,1,0,0,0,0,0
10131,0,1,0,0,0,0,0
22992,0,1,0,0,0,0,0
1519,0,1,0,0,0,0,0
25017,0,1,0,0,0,0,0
9418,0,1,0,0,0,0,0
11659,0,1,0,0,0,0,0
12101,0,1,0,0,0,0,0
1474,0,1,0,0,0,0,0
2838,0,1,0,0,0,0,0
21020,0,1,0,0,0,0,0
25231,0,1,0,0,0,0,0
22757,0,1,0,0,0,0,0
25289,0,1,0,0,0,0,0
6967,0,1,0,0,0,0,0
24049,0,1,0,0,0,0,0
4119,0,1,0,0,0,0,0
20628,0,1,0,0,0,0,0
15748,0,1,0,0,0,0,0
15235,0,1,0,0,0,0,0
2609,0,1,0,0,0,0,0
23915,0,1,0,0,0,0,0
13259,0,1,0,0,0,0,0
25538,0,1,0,0,0,0,0
13919,0,1,0,0,0,0,0
20925,0,1,0,0,0,0,0
10564,0,1,0,0,0,0,0
24783,0,1,0,0,0,0,0
10177,0,1,0,0,0,0,0
22866,0,1,0,0,0,0,0
22251,0,1,0,0,0,0,0
16210,0,1,0,0,0,0,0
17136,0,1,0,0,0,0,0
23475,0,1,0,0,0,0,0
2084,0,1,0,0,0,0,0
20530,0,1,0,0,0,0,0
11300,0,1,0,0,0,0,0
14970,0,1,0,0,0,0,0
3254,0,1,0,0,0,0,0
15755,0,1,0,0,0,0,0
22401,0,1,0,0,0,0,0
23201,0,1,0,0,0,0,0
20160,0,1,0,0,0,0,0
11325,0,1,0,0,0,0,0
4123,0,1,0,0,0,0,0
25139,0,1,0,0,0,0,0
24193,0,1,0,0,0,0,0
19238,0,1,0,0,0,0,0
21656,0,1,0,0,0,0,0
8956,0,1,0,0,0,0,0
17994,0,1,0,0,0,0,0
25734,0,1,0,0,0,0,0
2612,0,1,0,0,0,0,0
24709,0,1,0,0,0,0,0
17121,0,1,0,0,0,0,0
24719,0,1,0,0,0,0,0
7445,0,1,0,0,0,0,0
261,0,1,0,0,0,0,0
23637,0,1,0,0,0,0,0
4557,0,1,0,0,0,0,0
9568,0,1,0,0,0,0,0
4030,0,1,0,0,0,0,0
5046,0,1,0,0,0,0,0
25144,0,1,0,0,0,0,0
13019,0,1,0,0,0,0,0
6957,0,1,0,0,0,0,0
7860,0,1,0,0,0,0,0
9778,0,1,0,0,0,0,0
3322,0,1,0,0,0,0,0
5912,0,1,0,0,0,0,0
3414,0,1,0,0,0,0,0
16902,0,1,0,0,0,0,0
14156,0,1,0,0,0,0,0
24486,0,1,0,0,0,0,0
25145,0,1,0,0,0,0,0
24741,0,1,0,0,0,0,0
17515,0,1,0,0,0,0,0
25800,0,1,0,0,0,0,0
2966,0,1,0,0,0,0,0
24312,0,1,0,0,0,0,0
24966,0,1,0,0,0,0,0
24616,0,1,0,0,0,0,0
1979,0,1,0,0,0,0,0
10283,0,1,0,0,0,0,0
1431,0,1,0,0,0,0,0
1983,0,1,0,0,0,0,0
8955,0,1,0,0,0,0,0
15232,0,1,0,0,0,0,0
9119,0,1,0,0,0,0,0
24670,0,1,0,0,0,0,0
1285,0,1,0,0,0,0,0
23882,0,1,0,0,0,0,0
21051,0,1,0,0,0,0,0
15683,0,1,0,0,0,0,0
13606,0,1,0,0,0,0,0
19414,0,1,0,0,0,0,0
3165,0,1,0,0,0,0,0
8050,0,1,0,0,0,0,0
4588,0,1,0,0,0,0,0
19419,0,1,0,0,0,0,0
23503,0,1,0,0,0,0,0
16027,0,1,0,0,0,0,0
23615,0,1,0,0,0,0,0
15022,0,1,0,0,0,0,0
12951,0,1,0,0,0,0,0
5423,0,1,0,0,0,0,0
13009,0,1,0,0,0,0,0
7447,0,1,0,0,0,0,0
14045,0,1,0,0,0,0,0
19686,0,1,0,0,0,0,0
68,0,1,0,0,0,0,0
2846,0,1,0,0,0,0,0
16806,0,1,0,0,0,0,0
23949,0,1,0,0,0,0,0
19987,0,1,0,0,0,0,0
24226,0,1,0,0,0,0,0
9128,0,1,0,0,0,0,0
24584,0,1,0,0,0,0,0
18659,0,1,0,0,0,0,0
19726,0,1,0,0,0,0,0
12886,0,1,0,0,0,0,0
4768,0,1,0,0,0,0,0
6619,0,1,0,0,0,0,0
10846,0,1,0,0,0,0,0
24780,0,1,0,0,0,0,0
8426,0,1,0,0,0,0,0
22994,0,1,0,0,0,0,0
14308,0,1,0,0,0,0,0
562,0,1,0,0,0,0,0
6620,0,1,0,0,0,0,0
16005,0,1,0,0,0,0,0
22850,0,1,0,0,0,0,0
17530,0,1,0,0,0,0,0
12222,0,1,0,0,0,0,0
16139,0,1,0,0,0,0,0
2074,0,1,0,0,0,0,0
10844,0,1,0,0,0,0,0
11181,0,1,0,0,0,0,0
3259,0,1,0,0,0,0,0
17340,0,1,0,0,0,0,0
18386,0,1,0,0,0,0,0
15670,0,1,0,0,0,0,0
9054,0,1,0,0,0,0,0
25099,0,1,0,0,0,0,0
4076,0,1,0,0,0,0,0
9106,0,1,0,0,0,0,0
16365,0,1,0,0,0,0,0
21142,0,1,0,0,0,0,0
22934,0,1,0,0,0,0,0
8735,0,1,0,0,0,0,0
22626,0,1,0,0,0,0,0
18437,0,1,0,0,0,0,0
2987,0,1,0,0,0,0,0
5815,0,1,0,0,0,0,0
13644,0,1,0,0,0,0,0
24075,0,1,0,0,0,0,0
22793,0,1,0,0,0,0,0
17761,0,1,0,0,0,0,0
2018,0,1,0,0,0,0,0
24259,0,1,0,0,0,0,0
15962,0,1,0,0,0,0,0
17900,0,1,0,0,0,0,0
19852,0,1,0,0,0,0,0
17287,0,1,0,0,0,0,0
6845,0,1,0,0,0,0,0
0,0,1,0,0,0,0,0
16929,0,1,0,0,0,0,0
10855,0,1,0,0,0,0,0
18828,0,1,0,0,0,0,0
5914,0,1,0,0,0,0,0
24110,0,1,0,0,0,0,0
13578,0,1,0,0,0,0,0
11512,0,1,0,0,0,0,0
25482,0,1,0,0,0,0,0
16090,0,1,0,0,0,0,0
16667,0,1,0,0,0,0,0
23518,0,1,0,0,0,0,0
21114,0,1,0,0,0,0,0
21173,0,1,0,0,0,0,0
13509,0,1,0,0,0,0,0
10917,0,1,0,0,0,0,0
2076,0,1,0,0,0,0,0
1839,0,1,0,0,0,0,0
2250,0,1,0,0,0,0,0
24632,0,1,0,0,0,0,0
23351,0,1,0,0,0,0,0
24804,0,1,0,0,0,0,0
8664,0,1,0,0,0,0,0
25006,0,1,0,0,0,0,0
2412,0,1,0,0,0,0,0
15704,0,1,0,0,0,0,0
11315,0,1,0,0,0,0,0
3167,0,1,0,0,0,0,0
9906,0,1,0,0,0,0,0
4429,0,1,0,0,0,0,0
13893,0,1,0,0,0,0,0
25299,0,1,0,0,0,0,0
11545,0,1,0,0,0,0,0
314,0,1,0,0,0,0,0
23251,0,1,0,0,0,0,0
23119,0,1,0,0,0,0,0
23862,0,1,0,0,0,0,0
7466,0,1,0,0,0,0,0
20528,0,1,0,0,0,0,0
24982,0,1,0,0,0,0,0
25814,0,1,0,0,0,0,0
23845,0,1,0,0,0,0,0
1520,0,1,0,0,0,0,0
7465,0,1,0,0,0,0,0
21698,0,1,0,0,0,0,0
25403,0,1,0,0,0,0,0
13298,0,1,0,0,0,0,0
2785,0,1,0,0,0,0,0
21260,0,1,0,0,0,0,0
25843,0,1,0,0,0,0,0
17706,0,1,0,0,0,0,0
25117,0,1,0,0,0,0,0
12237,0,1,0,0,0,0,0
17410,0,1,0,0,0,0,0
16573,0,1,0,0,0,0,0
22244,0,1,0,0,0,0,0
17855,0,1,0,0,0,0,0
25680,0,1,0,0,0,0,0
11666,0,1,0,0,0,0,0
8638,0,1,0,0,0,0,0
1029,0,1,0,0,0,0,0
22893,0,1,0,0,0,0,0
6046,0,0,1,0,0,0,0
8309,0,0,1,0,0,0,0
14012,0,0,1,0,0,0,0
10476,0,0,1,0,0,0,0
3507,0,0,1,0,0,0,0
24494,0,0,1,0,0,0,0
16939,0,0,1,0,0,0,0
24733,0,0,1,0,0,0,0
17982,0,0,1,0,0,0,0
21244,0,0,1,0,0,0,0
8327,0,0,1,0,0,0,0
10666,0,0,1,0,0,0,0
23049,0,0,1,0,0,0,0
14216,0,0,1,0,0,0,0
9470,0,0,1,0,0,0,0
2632,0,0,1,0,0,0,0
1646,0,0,1,0,0,0,0
25109,0,0,1,0,0,0,0
21875,0,0,1,0,0,0,0
14196,0,0,1,0,0,0,0
22454,0,0,1,0,0,0,0
9352,0,0,1,0,0,0,0
6943,0,0,1,0,0,0,0
23179,0,0,1,0,0,0,0
835,0,0,1,0,0,0,0
4955,0,0,1,0,0,0,0
2619,0,0,1,0,0,0,0
3959,0,0,1,0,0,0,0
7372,0,0,1,0,0,0,0
18777,0,0,1,0,0,0,0
13985,0,0,1,0,0,0,0
23834,0,0,1,0,0,0,0
24738,0,0,1,0,0,0,0
3503,0,0,1,0,0,0,0
21975,0,0,1,0,0,0,0
20888,0,0,1,0,0,0,0
25091,0,0,1,0,0,0,0
1048,0,0,1,0,0,0,0
17963,0,0,1,0,0,0,0
22918,0,0,1,0,0,0,0
15582,0,0,1,0,0,0,0
5357,0,0,1,0,0,0,0
10734,0,0,1,0,0,0,0
18778,0,0,1,0,0,0,0
2620,0,0,1,0,0,0,0
9449,0,0,1,0,0,0,0
13249,0,0,1,0,0,0,0
15185,0,0,1,0,0,0,0
12325,0,0,1,0,0,0,0
14879,0,0,1,0,0,0,0
24732,0,0,1,0,0,0,0
18948,0,0,1,0,0,0,0
15184,0,0,1,0,0,0,0
20592,0,0,1,0,0,0,0
23792,0,0,1,0,0,0,0
21404,0,0,1,0,0,0,0
14618,0,0,1,0,0,0,0
22758,0,0,1,0,0,0,0
9974,0,0,1,0,0,0,0
22587,0,0,1,0,0,0,0
8604,0,0,1,0,0,0,0
23397,0,0,1,0,0,0,0
23398,0,0,1,0,0,0,0
19607,0,0,1,0,0,0,0
25090,0,0,1,0,0,0,0
9839,0,0,1,0,0,0,0
20641,0,0,1,0,0,0,0
6637,0,0,1,0,0,0,0
10663,0,0,1,0,0,0,0
22735,0,0,1,0,0,0,0
836,0,0,1,0,0,0,0
25367,0,0,1,0,0,0,0
25366,0,0,1,0,0,0,0
4370,0,0,1,0,0,0,0
21896,0,0,1,0,0,0,0
23048,0,0,1,0,0,0,0
23400,0,0,1,0,0,0,0
21245,0,0,1,0,0,0,0
2227,0,0,1,0,0,0,0
22879,0,0,1,0,0,0,0
2591,0,0,1,0,0,0,0
9619,0,0,1,0,0,0,0
20572,0,0,1,0,0,0,0
20112,0,0,1,0,0,0,0
16084,0,0,1,0,0,0,0
7013,0,0,1,0,0,0,0
18185,0,0,1,0,0,0,0
10448,0,0,1,0,0,0,0
23791,0,0,1,0,0,0,0
5425,0,0,1,0,0,0,0
8995,0,0,1,0,0,0,0
21247,0,0,1,0,0,0,0
16303,0,0,1,0,0,0,0
23381,0,0,1,0,0,0,0
17959,0,0,1,0,0,0,0
25211,0,0,1,0,0,0,0
20111,0,0,1,0,0,0,0
16128,0,0,1,0,0,0,0
25169,0,0,1,0,0,0,0
23344,0,0,1,0,0,0,0
7906,0,0,1,0,0,0,0
21976,0,0,1,0,0,0,0
20155,0,0,1,0,0,0,0
11920,0,0,1,0,0,0,0
11715,0,0,1,0,0,0,0
15076,0,0,1,0,0,0,0
17045,0,0,1,0,0,0,0
25514,0,0,1,0,0,0,0
20459,0,0,1,0,0,0,0
11527,0,0,1,0,0,0,0
18218,0,0,1,0,0,0,0
16484,0,0,1,0,0,0,0
2950,0,0,1,0,0,0,0
3958,0,0,1,0,0,0,0
21880,0,0,1,0,0,0,0
25511,0,0,1,0,0,0,0
17987,0,0,1,0,0,0,0
3504,0,0,1,0,0,0,0
17367,0,0,1,0,0,0,0
9686,0,0,1,0,0,0,0
5784,0,0,1,0,0,0,0
20644,0,0,1,0,0,0,0
18597,0,0,1,0,0,0,0
9685,0,0,1,0,0,0,0
20797,0,0,1,0,0,0,0
2618,0,0,1,0,0,0,0
19608,0,0,1,0,0,0,0
22325,0,0,1,0,0,0,0
24829,0,0,1,0,0,0,0
23704,0,0,1,0,0,0,0
12740,0,0,1,0,0,0,0
25528,0,0,1,0,0,0,0
24871,0,0,1,0,0,0,0
13419,0,0,1,0,0,0,0
19609,0,0,1,0,0,0,0
19979,0,0,1,0,0,0,0
20110,0,0,1,0,0,0,0
23050,0,0,1,0,0,0,0
2010,0,0,1,0,0,0,0
14219,0,0,1,0,0,0,0
8123,0,0,1,0,0,0,0
3586,0,0,1,0,0,0,0
24562,0,0,1,0,0,0,0
12434,0,0,1,0,0,0,0
3960,0,0,1,0,0,0,0
17967,0,0,1,0,0,0,0
3479,0,0,1,0,0,0,0
23399,0,0,1,0,0,0,0
24128,0,0,1,0,0,0,0
21604,0,0,1,0,0,0,0
22323,0,0,1,0,0,0,0
20800,0,0,1,0,0,0,0
4414,0,0,1,0,0,0,0
16039,0,0,1,0,0,0,0
21677,0,0,1,0,0,0,0
3326,0,0,1,0,0,0,0
23734,0,0,1,0,0,0,0
6636,0,0,1,0,0,0,0
9471,0,0,1,0,0,0,0
10409,0,0,1,0,0,0,0
15170,0,0,1,0,0,0,0
25251,0,0,1,0,0,0,0
2393,0,0,1,0,0,0,0
8164,0,0,1,0,0,0,0
20801,0,0,1,0,0,0,0
2225,0,0,1,0,0,0,0
22387,0,0,1,0,0,0,0
3768,0,0,1,0,0,0,0
5120,0,0,1,0,0,0,0
23793,0,0,1,0,0,0,0
8173,0,0,1,0,0,0,0
22121,0,0,1,0,0,0,0
3471,0,0,1,0,0,0,0
12415,0,0,1,0,0,0,0
8420,0,0,1,0,0,0,0
25101,0,0,1,0,0,0,0
23916,0,0,1,0,0,0,0
4729,0,0,1,0,0,0,0
19696,0,0,1,0,0,0,0
24731,0,0,1,0,0,0,0
8036,0,0,1,0,0,0,0
22298,0,0,1,0,0,0,0
7014,0,0,1,0,0,0,0
19837,0,0,1,0,0,0,0
22320,0,0,1,0,0,0,0
18591,0,0,1,0,0,0,0
13057,0,0,1,0,0,0,0
20909,0,0,1,0,0,0,0
9985,0,0,1,0,0,0,0
22586,0,0,1,0,0,0,0
21720,0,0,1,0,0,0,0
20109,0,0,1,0,0,0,0
10588,0,0,1,0,0,0,0
18671,0,0,1,0,0,0,0
13417,0,0,1,0,0,0,0
16302,0,0,1,0,0,0,0
22762,0,0,1,0,0,0,0
15413,0,0,1,0,0,0,0
11167,0,0,1,0,0,0,0
653,0,0,1,0,0,0,0
15171,0,0,1,0,0,0,0
23382,0,0,1,0,0,0,0
20632,0,0,1,0,0,0,0
22384,0,0,1,0,0,0,0
22118,0,0,1,0,0,0,0
22904,0,0,1,0,0,0,0
21039,0,0,1,0,0,0,0
20164,0,0,1,0,0,0,0
24648,0,0,1,0,0,0,0
15347,0,0,1,0,0,0,0
3323,0,0,1,0,0,0,0
21718,0,0,1,0,0,0,0
636,0,0,1,0,0,0,0
8151,0,0,1,0,0,0,0
25513,0,0,1,0,0,0,0
3601,0,0,1,0,0,0,0
22326,0,0,1,0,0,0,0
16561,0,0,1,0,0,0,0
18945,0,0,1,0,0,0,0
7140,0,0,1,0,0,0,0
12725,0,0,1,0,0,0,0
3411,0,0,1,0,0,0,0
4953,0,0,1,0,0,0,0
20642,0,0,1,0,0,0,0
10493,0,0,1,0,0,0,0
16129,0,0,1,0,0,0,0
3961,0,0,1,0,0,0,0
20573,0,0,1,0,0,0,0
2002,0,0,1,0,0,0,0
8992,0,0,1,0,0,0,0
25531,0,0,1,0,0,0,0
14218,0,0,1,0,0,0,0
19712,0,0,1,0,0,0,0
13232,0,0,1,0,0,0,0
14881,0,0,1,0,0,0,0
14215,0,0,1,0,0,0,0
9494,0,0,1,0,0,0,0
12329,0,0,1,0,0,0,0
20799,0,0,1,0,0,0,0
17041,0,0,1,0,0,0,0
8447,0,0,1,0,0,0,0
21696,0,0,1,0,0,0,0
781,0,0,1,0,0,0,0
9469,0,0,1,0,0,0,0
18946,0,0,1,0,0,0,0
23018,0,0,1,0,0,0,0
10589,0,0,1,0,0,0,0
3584,0,0,1,0,0,0,0
24872,0,0,1,0,0,0,0
18596,0,0,1,0,0,0,0
20387,0,0,1,0,0,0,0
12705,0,0,1,0,0,0,0
20574,0,0,1,0,0,0,0
18849,0,0,1,0,0,0,0
23380,0,0,1,0,0,0,0
20385,0,0,1,0,0,0,0
15766,0,0,1,0,0,0,0
18036,0,0,1,0,0,0,0
20571,0,0,1,0,0,0,0
22319,0,0,1,0,0,0,0
18845,0,0,1,0,0,0,0
25236,0,0,1,0,0,0,0
17208,0,0,1,0,0,0,0
24931,0,0,1,0,0,0,0
19290,0,0,1,0,0,0,0
7841,0,0,0,1,0,0,0
22442,0,0,0,1,0,0,0
16536,0,0,0,1,0,0,0
1585,0,0,0,1,0,0,0
9083,0,0,0,1,0,0,0
19675,0,0,0,1,0,0,0
10043,0,0,0,1,0,0,0
8212,0,0,0,1,0,0,0
20006,0,0,0,1,0,0,0
10042,0,0,0,1,0,0,0
19117,0,0,0,1,0,0,0
967,0,0,0,1,0,0,0
20021,0,0,0,1,0,0,0
5053,0,0,0,1,0,0,0
10779,0,0,0,1,0,0,0
15221,0,0,0,1,0,0,0
5074,0,0,0,1,0,0,0
2651,0,0,0,1,0,0,0
15049,0,0,0,1,0,0,0
21740,0,0,0,1,0,0,0
3393,0,0,0,1,0,0,0
22439,0,0,0,1,0,0,0
12792,0,0,0,1,0,0,0
15400,0,0,0,1,0,0,0
11605,0,0,0,1,0,0,0
20796,0,0,0,1,0,0,0
19768,0,0,0,1,0,0,0
11721,0,0,0,1,0,0,0
3684,0,0,0,1,0,0,0
1089,0,0,0,1,0,0,0
5482,0,0,0,1,0,0,0
8030,0,0,0,1,0,0,0
20009,0,0,0,1,0,0,0
9290,0,0,0,1,0,0,0
11724,0,0,0,1,0,0,0
9008,0,0,0,1,0,0,0
5221,0,0,0,1,0,0,0
16981,0,0,0,1,0,0,0
8397,0,0,0,1,0,0,0
7884,0,0,0,1,0,0,0
2447,0,0,0,1,0,0,0
15912,0,0,0,1,0,0,0
6346,0,0,0,1,0,0,0
22726,0,0,0,1,0,0,0
7602,0,0,0,1,0,0,0
17453,0,0,0,1,0,0,0
17887,0,0,0,1,0,0,0
5866,0,0,0,1,0,0,0
4950,0,0,0,1,0,0,0
9006,0,0,0,1,0,0,0
22269,0,0,0,1,0,0,0
17018,0,0,0,1,0,0,0
6227,0,0,0,1,0,0,0
12785,0,0,0,1,0,0,0
12538,0,0,0,1,0,0,0
23087,0,0,0,1,0,0,0
12381,0,0,0,1,0,0,0
18197,0,0,0,1,0,0,0
6229,0,0,0,1,0,0,0
16488,0,0,0,1,0,0,0
20863,0,0,0,1,0,0,0
22356,0,0,0,1,0,0,0
4945,0,0,0,1,0,0,0
21022,0,0,0,1,0,0,0
15218,0,0,0,1,0,0,0
902,0,0,0,1,0,0,0
9004,0,0,0,1,0,0,0
13965,0,0,0,1,0,0,0
17158,0,0,0,1,0,0,0
9001,0,0,0,1,0,0,0
15605,0,0,0,1,0,0,0
1323,0,0,0,1,0,0,0
12889,0,0,0,1,0,0,0
20869,0,0,0,1,0,0,0
9005,0,0,0,1,0,0,0
14025,0,0,0,1,0,0,0
11576,0,0,0,1,0,0,0
14553,0,0,0,1,0,0,0
5060,0,0,0,1,0,0,0
4555,0,0,0,1,0,0,0
3394,0,0,0,1,0,0,0
17964,0,0,0,1,0,0,0
22100,0,0,0,1,0,0,0
24120,0,0,0,1,0,0,0
6065,0,0,0,1,0,0,0
8306,0,0,0,1,0,0,0
897,0,0,0,1,0,0,0
5867,0,0,0,1,0,0,0
965,0,0,0,1,0,0,0
4446,0,0,0,1,0,0,0
4371,0,0,0,1,0,0,0
21741,0,0,0,1,0,0,0
16248,0,0,0,1,0,0,0
5874,0,0,0,1,0,0,0
2582,0,0,0,1,0,0,0
11807,0,0,0,1,0,0,0
16967,0,0,0,1,0,0,0
23924,0,0,0,1,0,0,0
16490,0,0,0,1,0,0,0
9444,0,0,0,1,0,0,0
2013,0,0,0,1,0,0,0
13621,0,0,0,1,0,0,0
5222,0,0,0,1,0,0,0
22290,0,0,0,1,0,0,0
14888,0,0,0,1,0,0,0
14562,0,0,0,1,0,0,0
5220,0,0,0,1,0,0,0
19083,0,0,0,1,0,0,0
10880,0,0,0,1,0,0,0
20032,0,0,0,1,0,0,0
5240,0,0,0,1,0,0,0
16487,0,0,0,1,0,0,0
7843,0,0,0,1,0,0,0
10306,0,0,0,1,0,0,0
23576,0,0,0,1,0,0,0
7561,0,0,0,1,0,0,0
5224,0,0,0,1,0,0,0
9378,0,0,0,1,0,0,0
5872,0,0,0,1,0,0,0
12539,0,0,0,1,0,0,0
13854,0,0,0,1,0,0,0
19888,0,0,0,1,0,0,0
9380,0,0,0,1,0,0,0
11397,0,0,0,1,0,0,0
5058,0,0,0,1,0,0,0
16642,0,0,0,1,0,0,0
17418,0,0,0,1,0,0,0
23547,0,0,0,1,0,0,0
3731,0,0,0,1,0,0,0
896,0,0,0,1,0,0,0
8720,0,0,0,1,0,0,0
9271,0,0,0,1,0,0,0
14935,0,0,0,1,0,0,0
15911,0,0,0,1,0,0,0
8125,0,0,0,1,0,0,0
8431,0,0,0,1,0,0,0
13981,0,0,0,1,0,0,0
898,0,0,0,1,0,0,0
14940,0,0,0,1,0,0,0
10937,0,0,0,1,0,0,0
23548,0,0,0,1,0,0,0
15930,0,0,0,1,0,0,0
21738,0,0,0,1,0,0,0
12790,0,0,0,1,0,0,0
23920,0,0,0,1,0,0,0
526,0,0,0,1,0,0,0
10126,0,0,0,1,0,0,0
8764,0,0,0,1,0,0,0
5873,0,0,0,1,0,0,0
5139,0,0,0,1,0,0,0
1091,0,0,0,1,0,0,0
9666,0,0,0,1,0,0,0
23654,0,0,0,1,0,0,0
4080,0,0,0,1,0,0,0
16491,0,0,0,1,0,0,0
16492,0,0,0,1,0,0,0
9294,0,0,0,1,0,0,0
23085,0,0,0,1,0,0,0
23926,0,0,0,1,0,0,0
16979,0,0,0,1,0,0,0
19000,0,0,0,1,0,0,0
20867,0,0,0,1,0,0,0
16643,0,0,0,1,0,0,0
4369,0,0,0,1,0,0,0
18211,0,0,0,1,0,0,0
9379,0,0,0,1,0,0,0
12029,0,0,0,1,0,0,0
20793,0,0,0,1,0,0,0
20118,0,0,0,1,0,0,0
1096,0,0,0,1,0,0,0
8124,0,0,0,1,0,0,0
5057,0,0,0,1,0,0,0
19082,0,0,0,1,0,0,0
17617,0,0,0,1,0,0,0
20872,0,0,0,1,0,0,0
22776,0,0,0,1,0,0,0
19001,0,0,0,1,0,0,0
2580,0,0,0,1,0,0,0
10879,0,0,0,1,0,0,0
9454,0,0,0,1,0,0,0
23083,0,0,0,1,0,0,0
19002,0,0,0,1,0,0,0
7236,0,0,0,1,0,0,0
22219,0,0,0,1,0,0,0
15219,0,0,0,1,0,0,0
9010,0,0,0,1,0,0,0
6791,0,0,0,1,0,0,0
19262,0,0,0,1,0,0,0
2897,0,0,0,1,0,0,0
5382,0,0,0,1,0,0,0
23549,0,0,0,1,0,0,0
19003,0,0,0,1,0,0,0
9293,0,0,0,1,0,0,0
25163,0,0,0,1,0,0,0
23084,0,0,0,1,0,0,0
8200,0,0,0,1,0,0,0
20634,0,0,0,1,0,0,0
947,0,0,0,1,0,0,0
6349,0,0,0,1,0,0,0
12890,0,0,0,1,0,0,0
21901,0,0,0,1,0,0,0
23311,0,0,0,1,0,0,0
10881,0,0,0,1,0,0,0
11558,0,0,0,1,0,0,0
15676,0,0,0,1,0,0,0
7353,0,0,0,1,0,0,0
14020,0,0,0,1,0,0,0
24118,0,0,0,1,0,0,0
3689,0,0,0,1,0,0,0
5076,0,0,0,1,0,0,0
12793,0,0,0,1,0,0,0
15675,0,0,0,1,0,0,0
951,0,0,0,1,0,0,0
16672,0,0,0,1,0,0,0
11579,0,0,0,1,0,0,0
1090,0,0,0,1,0,0,0
903,0,0,0,1,0,0,0
16644,0,0,0,1,0,0,0
14022,0,0,0,1,0,0,0
6953,0,0,0,1,0,0,0
4739,0,0,0,1,0,0,0
6347,0,0,0,1,0,0,0
9002,0,0,0,1,0,0,0
10878,0,0,0,1,0,0,0
6433,0,0,0,1,0,0,0
18932,0,0,0,1,0,0,0
20414,0,0,0,1,0,0,0
17017,0,0,0,1,0,0,0
23544,0,0,0,1,0,0,0
3582,0,0,0,1,0,0,0
6348,0,0,0,1,0,0,0
11609,0,0,0,1,0,0,0
24587,0,0,0,1,0,0,0
8428,0,0,0,1,0,0,0
9443,0,0,0,1,0,0,0
10681,0,0,0,1,0,0,0
20276,0,0,0,1,0,0,0
18281,0,0,0,1,0,0,0
18285,0,0,0,1,0,0,0
17886,0,0,0,1,0,0,0
17199,0,0,0,1,0,0,0
13624,0,0,0,1,0,0,0
11403,0,0,0,1,0,0,0
9003,0,0,0,1,0,0,0
20598,0,0,0,1,0,0,0
19215,0,0,0,1,0,0,0
5360,0,0,0,1,0,0,0
19122,0,0,0,1,0,0,0
20832,0,0,0,1,0,0,0
18095,0,0,0,1,0,0,0
19637,0,0,0,1,0,0,0
6075,0,0,0,1,0,0,0
22882,0,0,0,1,0,0,0
16059,0,0,0,1,0,0,0
7300,0,0,0,1,0,0,0
16888,0,0,0,1,0,0,0
19141,0,0,0,1,0,0,0
9082,0,0,0,1,0,0,0
5073,0,0,0,1,0,0,0
19005,0,0,0,1,0,0,0
23551,0,0,0,1,0,0,0
7596,0,0,0,1,0,0,0
1092,0,0,0,1,0,0,0
19123,0,0,0,1,0,0,0
23086,0,0,0,1,0,0,0
17885,0,0,0,1,0,0,0
900,0,0,0,1,0,0,0
7088,0,0,0,1,0,0,0
16982,0,0,0,1,0,0,0
2653,0,0,0,1,0,0,0
9180,0,0,0,1,0,0,0
1322,0,0,0,1,0,0,0
5075,0,0,0,1,0,0,0
23653,0,0,0,1,0,0,0
14937,0,0,0,1,0,0,0
20600,0,0,0,1,0,0,0
20865,0,0,0,1,0,0,0
17156,0,0,0,1,0,0,0
4944,0,0,0,1,0,0,0
20630,0,0,0,1,0,0,0
11556,0,0,0,1,0,0,0
3390,0,0,0,1,0,0,0
11578,0,0,0,1,0,0,0
11237,0,0,0,1,0,0,0
15606,0,0,0,1,0,0,0
8477,0,0,0,1,0,0,0
18823,0,0,0,1,0,0,0
4081,0,0,0,1,0,0,0
5871,0,0,0,1,0,0,0
14023,0,0,0,1,0,0,0
14886,0,0,0,1,0,0,0
17888,0,0,0,1,0,0,0
14938,0,0,0,1,0,0,0
21552,0,0,0,1,0,0,0
901,0,0,0,1,0,0,0
20119,0,0,0,1,0,0,0
22825,0,0,0,1,0,0,0
19106,0,0,0,1,0,0,0
19670,0,0,0,1,0,0,0
7881,0,0,0,1,0,0,0
21249,0,0,0,1,0,0,0
23927,0,0,0,1,0,0,0
6954,0,0,0,1,0,0,0
11676,0,0,0,1,0,0,0
22440,0,0,0,1,0,0,0
11555,0,0,0,1,0,0,0
16058,0,0,0,1,0,0,0
3391,0,0,0,1,0,0,0
10305,0,0,0,1,0,0,0
418,0,0,0,1,0,0,0
16632,0,0,0,1,0,0,0
20599,0,0,0,1,0,0,0
19140,0,0,0,1,0,0,0
4447,0,0,0,1,0,0,0
9365,0,0,0,1,0,0,0
15222,0,0,0,1,0,0,0
11719,0,0,0,1,0,0,0
22099,0,0,0,1,0,0,0
10877,0,0,0,1,0,0,0
15198,0,0,0,1,0,0,0
7594,0,0,0,1,0,0,0
16261,0,0,0,1,0,0,0
8430,0,0,0,1,0,0,0
365,0,0,0,1,0,0,0
8253,0,0,0,1,0,0,0
22455,0,0,0,1,0,0,0
11557,0,0,0,1,0,0,0
16984,0,0,0,1,0,0,0
22098,0,0,0,1,0,0,0
11720,0,0,0,1,0,0,0
10935,0,0,0,1,0,0,0
18626,0,0,0,1,0,0,0
12687,0,0,0,1,0,0,0
341,0,0,0,1,0,0,0
4949,0,0,0,1,0,0,0
2579,0,0,0,1,0,0,0
14021,0,0,0,1,0,0,0
4495,0,0,0,1,0,0,0
1095,0,0,0,1,0,0,0
19492,0,0,0,1,0,0,0
11559,0,0,0,1,0,0,0
22270,0,0,0,1,0,0,0
2721,0,0,0,1,0,0,0
11488,0,0,0,1,0,0,0
899,0,0,0,1,0,0,0
20866,0,0,0,1,0,0,0
25040,0,0,0,1,0,0,0
8029,0,0,0,1,0,0,0
7373,0,0,0,1,0,0,0
8141,0,0,0,1,0,0,0
5225,0,0,0,1,0,0,0
22826,0,0,0,1,0,0,0
9007,0,0,0,1,0,0,0
20864,0,0,0,1,0,0,0
17157,0,0,0,1,0,0,0
20874,0,0,0,1,0,0,0
9665,0,0,0,1,0,0,0
22302,0,0,0,1,0,0,0
2446,0,0,0,1,0,0,0
7231,0,0,0,1,0,0,0
9453,0,0,0,1,0,0,0
8432,0,0,0,1,0,0,0
9292,0,0,0,1,0,0,0
11401,0,0,0,1,0,0,0
23919,0,0,0,1,0,0,0
13914,0,0,0,1,0,0,0
9447,0,0,0,1,0,0,0
18999,0,0,0,1,0,0,0
17019,0,0,0,1,0,0,0
9009,0,0,0,1,0,0,0
16978,0,0,0,1,0,0,0
9942,0,0,0,1,0,0,0
23805,0,0,0,1,0,0,0
5327,0,0,0,0,1,0,0
20908,0,0,0,0,1,0,0
7387,0,0,0,0,1,0,0
19498,0,0,0,0,1,0,0
19505,0,0,0,0,1,0,0
13221,0,0,0,0,1,0,0
11678,0,0,0,0,1,0,0
21162,0,0,0,0,1,0,0
7819,0,0,0,0,1,0,0
19810,0,0,0,0,1,0,0
5080,0,0,0,0,1,0,0
8937,0,0,0,0,1,0,0
22632,0,0,0,0,1,0,0
7272,0,0,0,0,1,0,0
5675,0,0,0,0,1,0,0
17586,0,0,0,0,1,0,0
5049,0,0,0,0,1,0,0
15396,0,0,0,0,1,0,0
1269,0,0,0,0,1,0,0
11447,0,0,0,0,1,0,0
2737,0,0,0,0,1,0,0
20230,0,0,0,0,1,0,0
1131,0,0,0,0,1,0,0
14558,0,0,0,0,1,0,0
1268,0,0,0,0,1,0,0
10184,0,0,0,0,1,0,0
12795,0,0,0,0,1,0,0
5589,0,0,0,0,1,0,0
8013,0,0,0,0,1,0,0
20504,0,0,0,0,1,0,0
11068,0,0,0,0,1,0,0
14550,0,0,0,0,1,0,0
7204,0,0,0,0,1,0,0
14720,0,0,0,0,1,0,0
5782,0,0,0,0,1,0,0
9060,0,0,0,0,1,0,0
8166,0,0,0,0,1,0,0
20211,0,0,0,0,1,0,0
12559,0,0,0,0,1,0,0
17566,0,0,0,0,1,0,0
3505,0,0,0,0,1,0,0
6045,0,0,0,0,1,0,0
6402,0,0,0,0,1,0,0
7689,0,0,0,0,1,0,0
12797,0,0,0,0,1,0,0
9526,0,0,0,0,1,0,0
7920,0,0,0,0,1,0,0
16947,0,0,0,0,1,0,0
15944,0,0,0,0,1,0,0
8172,0,0,0,0,1,0,0
8621,0,0,0,0,1,0,0
14723,0,0,0,0,1,0,0
13222,0,0,0,0,1,0,0
6500,0,0,0,0,1,0,0
18449,0,0,0,0,1,0,0
22883,0,0,0,0,1,0,0
17652,0,0,0,0,1,0,0
14880,0,0,0,0,1,0,0
13172,0,0,0,0,1,0,0
20653,0,0,0,0,1,0,0
9832,0,0,0,0,1,0,0
6400,0,0,0,0,1,0,0
4751,0,0,0,0,1,0,0
10736,0,0,0,0,1,0,0
11991,0,0,0,0,1,0,0
4682,0,0,0,0,1,0,0
8421,0,0,0,0,1,0,0
7822,0,0,0,0,1,0,0
19486,0,0,0,0,1,0,0
22827,0,0,0,0,1,0,0
14978,0,0,0,0,1,0,0
4387,0,0,0,0,1,0,0
6942,0,0,0,0,1,0,0
5958,0,0,0,0,1,0,0
2549,0,0,0,0,1,0,0
10700,0,0,0,0,1,0,0
2858,0,0,0,0,1,0,0
14517,0,0,0,0,1,0,0
16651,0,0,0,0,1,0,0
6401,0,0,0,0,1,0,0
17356,0,0,0,0,1,0,0
13683,0,0,0,0,1,0,0
3448,0,0,0,0,1,0,0
10985,0,0,0,0,1,0,0
22478,0,0,0,0,1,0,0
16069,0,0,0,0,1,0,0
24869,0,0,0,0,1,0,0
8940,0,0,0,0,1,0,0
8998,0,0,0,0,1,0,0
14429,0,0,0,0,1,0,0
15630,0,0,0,0,1,0,0
23998,0,0,0,0,1,0,0
13674,0,0,0,0,1,0,0
18717,0,0,0,0,1,0,0
23707,0,0,0,0,1,0,0
21645,0,0,0,0,1,0,0
7309,0,0,0,0,1,0,0
13658,0,0,0,0,1,0,0
18847,0,0,0,0,1,0,0
15721,0,0,0,0,1,0,0
4386,0,0,0,0,1,0,0
9246,0,0,0,0,1,0,0
22878,0,0,0,0,1,0,0
7810,0,0,0,0,1,0,0
19056,0,0,0,0,1,0,0
13975,0,0,0,0,1,0,0
8121,0,0,0,0,1,0,0
12727,0,0,0,0,1,0,0
18594,0,0,0,0,1,0,0
21744,0,0,0,0,1,0,0
21210,0,0,0,0,1,0,0
12768,0,0,0,0,1,0,0
10421,0,0,0,0,1,0,0
15393,0,0,0,0,1,0,0
10945,0,0,0,0,1,0,0
7887,0,0,0,0,1,0,0
18294,0,0,0,0,1,0,0
18802,0,0,0,0,1,0,0
5755,0,0,0,0,1,0,0
14721,0,0,0,0,1,0,0
4088,0,0,0,0,1,0,0
10834,0,0,0,0,1,0,0
5786,0,0,0,0,1,0,0
20215,0,0,0,0,1,0,0
20227,0,0,0,0,1,0,0
3933,0,0,0,0,1,0,0
6259,0,0,0,0,1,0,0
894,0,0,0,0,1,0,0
9188,0,0,0,0,1,0,0
20195,0,0,0,0,1,0,0
19472,0,0,0,0,1,0,0
5333,0,0,0,0,1,0,0
12957,0,0,0,0,1,0,0
12197,0,0,0,0,1,0,0
14707,0,0,0,0,1,0,0
2291,0,0,0,0,1,0,0
9497,0,0,0,0,1,0,0
13031,0,0,0,0,1,0,0
10443,0,0,0,0,1,0,0
3858,0,0,0,0,1,0,0
3451,0,0,0,0,1,0,0
11415,0,0,0,0,1,0,0
453,0,0,0,0,1,0,0
5402,0,0,0,0,1,0,0
8377,0,0,0,0,1,0,0
3614,0,0,0,0,1,0,0
3609,0,0,0,0,1,0,0
5269,0,0,0,0,1,0,0
24014,0,0,0,0,1,0,0
5587,0,0,0,0,1,0,0
2833,0,0,0,0,1,0,0
918,0,0,0,0,1,0,0
20231,0,0,0,0,1,0,0
22357,0,0,0,0,1,0,0
10979,0,0,0,0,1,0,0
7380,0,0,0,0,1,0,0
2664,0,0,0,0,1,0,0
4972,0,0,0,0,1,0,0
21742,0,0,0,0,1,0,0
18804,0,0,0,0,1,0,0
13162,0,0,0,0,1,0,0
16034,0,0,0,0,1,0,0
22581,0,0,0,0,1,0,0
5129,0,0,0,0,1,0,0
10912,0,0,0,0,1,0,0
5472,0,0,0,0,1,0,0
14110,0,0,0,0,1,0,0
24347,0,0,0,0,1,0,0
17948,0,0,0,0,1,0,0
4628,0,0,0,0,1,0,0
7813,0,0,0,0,1,0,0
3529,0,0,0,0,1,0,0
399,0,0,0,0,1,0,0
7598,0,0,0,0,1,0,0
13682,0,0,0,0,1,0,0
11655,0,0,0,0,1,0,0
14169,0,0,0,0,1,0,0
19671,0,0,0,0,1,0,0
18601,0,0,0,0,1,0,0
7175,0,0,0,0,1,0,0
7441,0,0,0,0,1,0,0
14503,0,0,0,0,1,0,0
14092,0,0,0,0,1,0,0
649,0,0,0,0,1,0,0
21989,0,0,0,0,1,0,0
12956,0,0,0,0,1,0,0
11228,0,0,0,0,1,0,0
14366,0,0,0,0,1,0,0
12908,0,0,0,0,1,0,0
10980,0,0,0,0,1,0,0
14143,0,0,0,0,1,0,0
12689,0,0,0,0,1,0,0
20244,0,0,0,0,1,0,0
363,0,0,0,0,1,0,0
11654,0,0,0,0,1,0,0
7688,0,0,0,0,1,0,0
5575,0,0,0,0,1,0,0
21634,0,0,0,0,1,0,0
15047,0,0,0,0,1,0,0
12517,0,0,0,0,1,0,0
4816,0,0,0,0,1,0,0
1336,0,0,0,0,1,0,0
16235,0,0,0,0,1,0,0
8869,0,0,0,0,1,0,0
22766,0,0,0,0,1,0,0
3602,0,0,0,0,1,0,0
10225,0,0,0,0,1,0,0
18405,0,0,0,0,1,0,0
9354,0,0,0,0,1,0,0
15293,0,0,0,0,1,0,0
8353,0,0,0,0,1,0,0
18900,0,0,0,0,1,0,0
22199,0,0,0,0,1,0,0
23347,0,0,0,0,1,0,0
15908,0,0,0,0,1,0,0
17877,0,0,0,0,1,0,0
16970,0,0,0,0,1,0,0
9564,0,0,0,0,1,0,0
19471,0,0,0,0,1,0,0
3606,0,0,0,0,1,0,0
22341,0,0,0,0,1,0,0
8418,0,0,0,0,1,0,0
17876,0,0,0,0,1,0,0
13976,0,0,0,0,1,0,0
13276,0,0,0,0,1,0,0
3522,0,0,0,0,1,0,0
13396,0,0,0,0,1,0,0
1927,0,0,0,0,1,0,0
15181,0,0,0,0,1,0,0
7074,0,0,0,0,1,0,0
9972,0,0,0,0,1,0,0
4409,0,0,0,0,1,0,0
18073,0,0,0,0,1,0,0
11361,0,0,0,0,1,0,0
16422,0,0,0,0,1,0,0
15127,0,0,0,0,1,0,0
22421,0,0,0,0,1,0,0
21891,0,0,0,0,1,0,0
9740,0,0,0,0,1,0,0
2832,0,0,0,0,1,0,0
12958,0,0,0,0,1,0,0
9348,0,0,0,0,1,0,0
8645,0,0,0,0,1,0,0
21716,0,0,0,0,1,0,0
22077,0,0,0,0,1,0,0
11226,0,0,0,0,1,0,0
21200,0,0,0,0,1,0,0
6149,0,0,0,0,1,0,0
14722,0,0,0,0,1,0,0
20671,0,0,0,0,1,0,0
12433,0,0,0,0,1,0,0
5868,0,0,0,0,1,0,0
7943,0,0,0,0,1,0,0
10586,0,0,0,0,1,0,0
22339,0,0,0,0,1,0,0
13653,0,0,0,0,1,0,0
6100,0,0,0,0,1,0,0
3158,0,0,0,0,1,0,0
12195,0,0,0,0,1,0,0
5315,0,0,0,0,1,0,0
12428,0,0,0,0,1,0,0
14172,0,0,0,0,1,0,0
18053,0,0,0,0,1,0,0
22101,0,0,0,0,1,0,0
932,0,0,0,0,1,0,0
11134,0,0,0,0,1,0,0
11889,0,0,0,0,1,0,0
20486,0,0,0,0,1,0,0
12911,0,0,0,0,1,0,0
19739,0,0,0,0,1,0,0
16151,0,0,0,0,1,0,0
22911,0,0,0,0,1,0,0
6226,0,0,0,0,1,0,0
18827,0,0,0,0,1,0,0
4815,0,0,0,0,1,0,0
12478,0,0,0,0,1,0,0
6198,0,0,0,0,1,0,0
944,0,0,0,0,1,0,0
1270,0,0,0,0,1,0,0
17213,0,0,0,0,1,0,0
13388,0,0,0,0,1,0,0
18404,0,0,0,0,1,0,0
11506,0,0,0,0,1,0,0
6106,0,0,0,0,1,0,0
15098,0,0,0,0,1,0,0
3462,0,0,0,0,1,0,0
5933,0,0,0,0,1,0,0
10340,0,0,0,0,1,0,0
18223,0,0,0,0,1,0,0
8517,0,0,0,0,1,0,0
9061,0,0,0,0,1,0,0
19282,0,0,0,0,1,0,0
17369,0,0,0,0,1,0,0
18269,0,0,0,0,1,0,0
16262,0,0,0,0,1,0,0
11227,0,0,0,0,1,0,0
15182,0,0,0,0,1,0,0
5270,0,0,0,0,1,0,0
18207,0,0,0,0,1,0,0
19506,0,0,0,0,1,0,0
17247,0,0,0,0,1,0,0
18488,0,0,0,0,1,0,0
21984,0,0,0,0,1,0,0
18383,0,0,0,0,1,0,0
7980,0,0,0,0,1,0,0
4744,0,0,0,0,1,0,0
18054,0,0,0,0,1,0,0
22583,0,0,0,0,1,0,0
6314,0,0,0,0,1,0,0
1346,0,0,0,0,1,0,0
20223,0,0,0,0,1,0,0
21893,0,0,0,0,1,0,0
14168,0,0,0,0,1,0,0
14608,0,0,0,0,1,0,0
760,0,0,0,0,1,0,0
16421,0,0,0,0,1,0,0
14724,0,0,0,0,1,0,0
22566,0,0,0,0,1,0,0
6139,0,0,0,0,1,0,0
13675,0,0,0,0,1,0,0
2940,0,0,0,0,1,0,0
8016,0,0,0,0,1,0,0
2221,0,0,0,0,1,0,0
4814,0,0,0,0,1,0,0
22607,0,0,0,0,1,0,0
12066,0,0,0,0,1,0,0
19482,0,0,0,0,1,0,0
19742,0,0,0,0,1,0,0
13852,0,0,0,0,1,0,0
4033,0,0,0,0,1,0,0
19483,0,0,0,0,1,0,0
9812,0,0,0,0,1,0,0
3365,0,0,0,0,1,0,0
9991,0,0,0,0,1,0,0
9527,0,0,0,0,1,0,0
12667,0,0,0,0,1,0,0
7595,0,0,0,0,1,0,0
14606,0,0,0,0,1,0,0
3605,0,0,0,0,1,0,0
15803,0,0,0,0,1,0,0
17480,0,0,0,0,1,0,0
5461,0,0,0,0,1,0,0
11564,0,0,0,0,1,0,0
11814,0,0,0,0,1,0,0
14365,0,0,0,0,1,0,0
16628,0,0,0,0,1,0,0
12067,0,0,0,0,1,0,0
20229,0,0,0,0,1,0,0
761,0,0,0,0,1,0,0
22198,0,0,0,0,1,0,0
19809,0,0,0,0,1,0,0
14910,0,0,0,0,1,0,0
15310,0,0,0,0,1,0,0
6463,0,0,0,0,1,0,0
16636,0,0,0,0,1,0,0
20228,0,0,0,0,1,0,0
23552,0,0,0,0,1,0,0
6137,0,0,0,0,1,0,0
10342,0,0,0,0,1,0,0
16965,0,0,0,0,1,0,0
21647,0,0,0,0,1,0,0
9767,0,0,0,0,1,0,0
12892,0,0,0,0,1,0,0
22291,0,0,0,0,1,0,0
3395,0,0,0,0,1,0,0
9058,0,0,0,0,1,0,0
265,0,0,0,0,1,0,0
13179,0,0,0,0,1,0,0
16340,0,0,0,0,1,0,0
15113,0,0,0,0,1,0,0
3616,0,0,0,0,1,0,0
8369,0,0,0,0,1,0,0
12505,0,0,0,0,1,0,0
18690,0,0,0,0,1,0,0
10362,0,0,0,0,1,0,0
17952,0,0,0,0,1,0,0
20579,0,0,0,0,1,0,0
9189,0,0,0,0,1,0,0
18204,0,0,0,0,1,0,0
12425,0,0,0,0,1,0,0
6304,0,0,0,0,1,0,0
19945,0,0,0,0,1,0,0
12954,0,0,0,0,1,0,0
20905,0,0,0,0,1,0,0
7388,0,0,0,0,1,0,0
18288,0,0,0,0,1,0,0
246,0,0,0,0,1,0,0
7298,0,0,0,0,1,0,0
21743,0,0,0,0,1,0,0
9813,0,0,0,0,1,0,0
13681,0,0,0,0,1,0,0
20501,0,0,0,0,1,0,0
10381,0,0,0,0,1,0,0
9513,0,0,0,0,1,0,0
19595,0,0,0,0,1,0,0
14560,0,0,0,0,1,0,0
10939,0,0,0,0,1,0,0
15,0,0,0,0,1,0,0
4384,0,0,0,0,1,0,0
19741,0,0,0,0,1,0,0
2831,0,0,0,0,1,0,0
11504,0,0,0,0,1,0,0
20214,0,0,0,0,1,0,0
3734,0,0,0,0,1,0,0
18600,0,0,0,0,1,0,0
1402,0,0,0,0,1,0,0
15279,0,0,0,0,1,0,0
9941,0,0,0,0,1,0,0
18105,0,0,0,0,1,0,0
19932,0,0,0,0,1,0,0
2985,0,0,0,0,1,0,0
9741,0,0,0,0,1,0,0
680,0,0,0,0,1,0,0
16972,0,0,0,0,1,0,0
24603,0,0,0,0,1,0,0
6871,0,0,0,0,1,0,0
21892,0,0,0,0,1,0,0
6235,0,0,0,0,1,0,0
7202,0,0,0,0,1,0,0
19154,0,0,0,0,1,0,0
5267,0,0,0,0,1,0,0
18447,0,0,0,0,1,0,0
7891,0,0,0,0,1,0,0
16968,0,0,0,0,1,0,0
13904,0,0,0,0,1,0,0
17357,0,0,0,0,1,0,0
8648,0,0,0,0,1,0,0
18205,0,0,0,0,1,0,0
2666,0,0,0,0,1,0,0
20785,0,0,0,0,1,0,0
22338,0,0,0,0,1,0,0
6148,0,0,0,0,1,0,0
22450,0,0,0,0,1,0,0
8623,0,0,0,0,1,0,0
22299,0,0,0,0,1,0,0
7576,0,0,0,0,1,0,0
21636,0,0,0,0,1,0,0
8167,0,0,0,0,1,0,0
9679,0,0,0,0,1,0,0
19351,0,0,0,0,1,0,0
11269,0,0,0,0,1,0,0
8622,0,0,0,0,1,0,0
14675,0,0,0,0,1,0,0
13765,0,0,0,0,1,0,0
22961,0,0,0,0,1,0,0
7921,0,0,0,0,1,0,0
13656,0,0,0,0,1,0,0
8873,0,0,0,0,1,0,0
19302,0,0,0,0,1,0,0
460,0,0,0,0,0,1,0
23039,0,0,0,0,0,1,0
10784,0,0,0,0,0,1,0
18542,0,0,0,0,0,1,0
6262,0,0,0,0,0,1,0
7184,0,0,0,0,0,1,0
20736,0,0,0,0,0,1,0
13712,0,0,0,0,0,1,0
9594,0,0,0,0,0,1,0
13154,0,0,0,0,0,1,0
8076,0,0,0,0,0,1,0
2355,0,0,0,0,0,1,0
5805,0,0,0,0,0,1,0
13949,0,0,0,0,0,1,0
8192,0,0,0,0,0,1,0
18644,0,0,0,0,0,1,0
2946,0,0,0,0,0,1,0
3160,0,0,0,0,0,1,0
9465,0,0,0,0,0,1,0
13950,0,0,0,0,0,1,0
18978,0,0,0,0,0,1,0
10047,0,0,0,0,0,1,0
14237,0,0,0,0,0,1,0
6208,0,0,0,0,0,1,0
12040,0,0,0,0,0,1,0
17696,0,0,0,0,0,1,0
18647,0,0,0,0,0,1,0
14740,0,0,0,0,0,1,0
2237,0,0,0,0,0,1,0
16758,0,0,0,0,0,1,0
7893,0,0,0,0,0,1,0
13783,0,0,0,0,0,1,0
20738,0,0,0,0,0,1,0
17540,0,0,0,0,0,1,0
3282,0,0,0,0,0,1,0
20381,0,0,0,0,0,1,0
13440,0,0,0,0,0,1,0
17303,0,0,0,0,0,1,0
21270,0,0,0,0,0,1,0
4644,0,0,0,0,0,1,0
21769,0,0,0,0,0,1,0
3359,0,0,0,0,0,1,0
11156,0,0,0,0,0,1,0
5983,0,0,0,0,0,1,0
12043,0,0,0,0,0,1,0
21477,0,0,0,0,0,1,0
9702,0,0,0,0,0,1,0
12925,0,0,0,0,0,1,0
14572,0,0,0,0,0,1,0
7093,0,0,0,0,0,1,0
96,0,0,0,0,0,1,0
11146,0,0,0,0,0,1,0
4035,0,0,0,0,0,1,0
6147,0,0,0,0,0,1,0
14575,0,0,0,0,0,1,0
20622,0,0,0,0,0,1,0
14780,0,0,0,0,0,1,0
13090,0,0,0,0,0,1,0
4499,0,0,0,0,0,1,0
18107,0,0,0,0,0,1,0
1499,0,0,0,0,0,1,0
8552,0,0,0,0,0,1,0
5824,0,0,0,0,0,1,0
14627,0,0,0,0,0,1,0
5642,0,0,0,0,0,1,0
8310,0,0,0,0,0,1,0
4070,0,0,0,0,0,1,0
5422,0,0,0,0,0,1,0
3976,0,0,0,0,0,1,0
6231,0,0,0,0,0,1,0
5785,0,0,0,0,0,1,0
920,0,0,0,0,0,1,0
15081,0,0,0,0,0,1,0
17030,0,0,0,0,0,1,0
4626,0,0,0,0,0,1,0
97,0,0,0,0,0,1,0
10767,0,0,0,0,0,1,0
3305,0,0,0,0,0,1,0
450,0,0,0,0,0,1,0
14569,0,0,0,0,0,1,0
22152,0,0,0,0,0,1,0
21271,0,0,0,0,0,1,0
11760,0,0,0,0,0,1,0
10406,0,0,0,0,0,1,0
12786,0,0,0,0,0,1,0
16119,0,0,0,0,0,1,0
8778,0,0,0,0,0,1,0
10783,0,0,0,0,0,1,0
14773,0,0,0,0,0,1,0
2633,0,0,0,0,0,1,0
19582,0,0,0,0,0,1,0
6390,0,0,0,0,0,1,0
20651,0,0,0,0,0,1,0
20085,0,0,0,0,0,1,0
7557,0,0,0,0,0,1,0
128,0,0,0,0,0,1,0
4867,0,0,0,0,0,1,0
18956,0,0,0,0,0,1,0
923,0,0,0,0,0,1,0
1000,0,0,0,0,0,1,0
2576,0,0,0,0,0,1,0
5640,0,0,0,0,0,1,0
20701,0,0,0,0,0,1,0
3140,0,0,0,0,0,1,0
18792,0,0,0,0,0,1,0
15142,0,0,0,0,0,1,0
2799,0,0,0,0,0,1,0
7085,0,0,0,0,0,1,0
998,0,0,0,0,0,1,0
20307,0,0,0,0,0,1,0
10577,0,0,0,0,0,1,0
12333,0,0,0,0,0,1,0
6098,0,0,0,0,0,1,0
6852,0,0,0,0,0,1,0
6677,0,0,0,0,0,1,0
19381,0,0,0,0,0,1,0
13899,0,0,0,0,0,1,0
12862,0,0,0,0,0,1,0
8765,0,0,0,0,0,1,0
13120,0,0,0,0,0,1,0
866,0,0,0,0,0,1,0
16447,0,0,0,0,0,1,0
5942,0,0,0,0,0,1,0
15651,0,0,0,0,0,1,0
20202,0,0,0,0,0,1,0
12584,0,0,0,0,0,1,0
8894,0,0,0,0,0,1,0
20105,0,0,0,0,0,1,0
6510,0,0,0,0,0,1,0
2385,0,0,0,0,0,1,0
22611,0,0,0,0,0,1,0
10400,0,0,0,0,0,1,0
13013,0,0,0,0,0,1,0
4826,0,0,0,0,0,1,0
15287,0,0,0,0,0,1,0
19288,0,0,0,0,0,1,0
16241,0,0,0,0,0,1,0
7366,0,0,0,0,0,1,0
3105,0,0,0,0,0,1,0
11638,0,0,0,0,0,1,0
18790,0,0,0,0,0,1,0
11049,0,0,0,0,0,1,0
8575,0,0,0,0,0,1,0
12153,0,0,0,0,0,1,0
4827,0,0,0,0,0,1,0
7150,0,0,0,0,0,1,0
18857,0,0,0,0,0,1,0
15160,0,0,0,0,0,1,0
22663,0,0,0,0,0,1,0
22201,0,0,0,0,0,1,0
14677,0,0,0,0,0,1,0
8676,0,0,0,0,0,1,0
7416,0,0,0,0,0,1,0
21408,0,0,0,0,0,1,0
2719,0,0,0,0,0,1,0
14765,0,0,0,0,0,1,0
23198,0,0,0,0,0,1,0
20189,0,0,0,0,0,1,0
18622,0,0,0,0,0,1,0
10504,0,0,0,0,0,1,0
2356,0,0,0,0,0,1,0
18943,0,0,0,0,0,1,0
14519,0,0,0,0,0,1,0
8055,0,0,0,0,0,1,0
4852,0,0,0,0,0,1,0
3974,0,0,0,0,0,1,0
16118,0,0,0,0,0,1,0
12468,0,0,0,0,0,1,0
13122,0,0,0,0,0,1,0
3434,0,0,0,0,0,1,0
19935,0,0,0,0,0,1,0
18648,0,0,0,0,0,1,0
24008,0,0,0,0,0,1,0
18041,0,0,0,0,0,1,0
24932,0,0,0,0,0,1,0
13775,0,0,0,0,0,1,0
1313,0,0,0,0,0,1,0
18298,0,0,0,0,0,1,0
6206,0,0,0,0,0,1,0
11938,0,0,0,0,0,1,0
992,0,0,0,0,0,1,0
8769,0,0,0,0,0,1,0
17695,0,0,0,0,0,1,0
18016,0,0,0,0,0,1,0
18423,0,0,0,0,0,1,0
862,0,0,0,0,0,1,0
10112,0,0,0,0,0,1,0
7671,0,0,0,0,0,1,0
20693,0,0,0,0,0,1,0
25432,0,0,0,0,0,1,0
3221,0,0,0,0,0,1,0
14742,0,0,0,0,0,1,0
9841,0,0,0,0,0,1,0
13416,0,0,0,0,0,1,0
2859,0,0,0,0,0,1,0
24757,0,0,0,0,0,1,0
19430,0,0,0,0,0,1,0
919,0,0,0,0,0,1,0
20263,0,0,0,0,0,1,0
7549,0,0,0,0,0,1,0
10137,0,0,0,0,0,1,0
14884,0,0,0,0,0,1,0
12041,0,0,0,0,0,1,0
8193,0,0,0,0,0,1,0
8573,0,0,0,0,0,1,0
13216,0,0,0,0,0,1,0
11446,0,0,0,0,0,1,0
12290,0,0,0,0,0,1,0
2219,0,0,0,0,0,1,0
15653,0,0,0,0,0,1,0
12600,0,0,0,0,0,1,0
22124,0,0,0,0,0,1,0
14213,0,0,0,0,0,1,0
11642,0,0,0,0,0,1,0
5021,0,0,0,0,0,1,0
6626,0,0,0,0,0,1,0
10501,0,0,0,0,0,1,0
5338,0,0,0,0,0,1,0
15078,0,0,0,0,0,1,0
833,0,0,0,0,0,1,0
10506,0,0,0,0,0,1,0
21846,0,0,0,0,0,1,0
16379,0,0,0,0,0,1,0
20218,0,0,0,0,0,1,0
829,0,0,0,0,0,1,0
7149,0,0,0,0,0,1,0
21601,0,0,0,0,0,1,0
20893,0,0,0,0,0,1,0
20209,0,0,0,0,0,1,0
4475,0,0,0,0,0,1,0
12467,0,0,0,0,0,1,0
7806,0,0,0,0,0,1,0
4752,0,0,0,0,0,1,0
25410,0,0,0,0,0,1,0
19272,0,0,0,0,0,1,0
17209,0,0,0,0,0,1,0
15092,0,0,0,0,0,1,0
10505,0,0,0,0,0,1,0
682,0,0,0,0,0,1,0
23969,0,0,0,0,0,1,0
8058,0,0,0,0,0,1,0
12003,0,0,0,0,0,1,0
7284,0,0,0,0,0,1,0
5909,0,0,0,0,0,1,0
5999,0,0,0,0,0,1,0
11459,0,0,0,0,0,1,0
18589,0,0,0,0,0,1,0
21106,0,0,0,0,0,1,0
971,0,0,0,0,0,1,0
24524,0,0,0,0,0,1,0
14646,0,0,0,0,0,1,0
16738,0,0,0,0,0,1,0
8295,0,0,0,0,0,1,0
20052,0,0,0,0,0,1,0
15855,0,0,0,0,0,1,0
5144,0,0,0,0,0,1,0
3311,0,0,0,0,0,1,0
21615,0,0,0,0,0,1,0
11054,0,0,0,0,0,1,0
6150,0,0,0,0,0,1,0
23195,0,0,0,0,0,1,0
5421,0,0,0,0,0,1,0
9708,0,0,0,0,0,1,0
14741,0,0,0,0,0,1,0
22535,0,0,0,0,0,1,0
11145,0,0,0,0,0,1,0
1001,0,0,0,0,0,1,0
9704,0,0,0,0,0,1,0
7094,0,0,0,0,0,1,0
25240,0,0,0,0,0,1,0
3749,0,0,0,0,0,1,0
25542,0,0,0,0,0,1,0
2357,0,0,0,0,0,1,0
18183,0,0,0,0,0,1,0
12159,0,0,0,0,0,1,0
8059,0,0,0,0,0,1,0
24104,0,0,0,0,0,1,0
10765,0,0,0,0,0,1,0
17433,0,0,0,0,0,1,0
11116,0,0,0,0,0,1,0
14546,0,0,0,0,0,1,0
10512,0,0,0,0,0,1,0
12181,0,0,0,0,0,1,0
6926,0,0,0,0,0,1,0
24705,0,0,0,0,0,1,0
10224,0,0,0,0,0,1,0
22321,0,0,0,0,0,1,0
13420,0,0,0,0,0,1,0
12147,0,0,0,0,0,1,0
17734,0,0,0,0,0,1,0
15527,0,0,0,0,0,1,0
24427,0,0,0,0,0,1,0
16115,0,0,0,0,0,1,0
22909,0,0,0,0,0,1,0
685,0,0,0,0,0,1,0
2374,0,0,0,0,0,1,0
16199,0,0,0,0,0,1,0
13714,0,0,0,0,0,1,0
11455,0,0,0,0,0,1,0
11158,0,0,0,0,0,1,0
12699,0,0,0,0,0,1,0
11870,0,0,0,0,0,1,0
10758,0,0,0,0,0,1,0
831,0,0,0,0,0,1,0
14526,0,0,0,0,0,1,0
22126,0,0,0,0,0,1,0
12702,0,0,0,0,0,1,0
16594,0,0,0,0,0,1,0
10242,0,0,0,0,0,1,0
11382,0,0,0,0,0,1,0
3433,0,0,0,0,0,1,0
922,0,0,0,0,0,1,0
4477,0,0,0,0,0,1,0
16246,0,0,0,0,0,1,0
2798,0,0,0,0,0,1,0
12411,0,0,0,0,0,1,0
20306,0,0,0,0,0,1,0
3742,0,0,0,0,0,1,0
11048,0,0,0,0,0,1,0
2359,0,0,0,0,0,1,0
18991,0,0,0,0,0,1,0
11088,0,0,0,0,0,1,0
18856,0,0,0,0,0,1,0
5906,0,0,0,0,0,1,0
9701,0,0,0,0,0,1,0
5017,0,0,0,0,0,1,0
1167,0,0,0,0,0,1,0
25048,0,0,0,0,0,1,0
18692,0,0,0,0,0,1,0
14643,0,0,0,0,0,1,0
12047,0,0,0,0,0,1,0
3094,0,0,0,0,0,1,0
13349,0,0,0,0,0,1,0
22125,0,0,0,0,0,1,0
2586,0,0,0,0,0,1,0
20623,0,0,0,0,0,1,0
24266,0,0,0,0,0,1,0
1875,0,0,0,0,0,1,0
15577,0,0,0,0,0,1,0
4069,0,0,0,0,0,1,0
20885,0,0,0,0,0,1,0
16546,0,0,0,0,0,1,0
8299,0,0,0,0,0,1,0
3281,0,0,0,0,0,1,0
10423,0,0,0,0,0,1,0
1453,0,0,0,0,0,1,0
23968,0,0,0,0,0,1,0
15907,0,0,0,0,0,1,0
8360,0,0,0,0,0,1,0
13095,0,0,0,0,0,1,0
15945,0,0,0,0,0,1,0
2213,0,0,0,0,0,1,0
10401,0,0,0,0,0,1,0
4183,0,0,0,0,0,1,0
3487,0,0,0,0,0,1,0
13540,0,0,0,0,0,1,0
3527,0,0,0,0,0,1,0
17918,0,0,0,0,0,1,0
10766,0,0,0,0,0,1,0
13116,0,0,0,0,0,1,0
13152,0,0,0,0,0,1,0
3118,0,0,0,0,0,1,0
8598,0,0,0,0,0,1,0
23265,0,0,0,0,0,1,0
11052,0,0,0,0,0,1,0
24526,0,0,0,0,0,1,0
4646,0,0,0,0,0,1,0
10517,0,0,0,0,0,1,0
23037,0,0,0,0,0,1,0
17036,0,0,0,0,0,1,0
8548,0,0,0,0,0,1,0
6748,0,0,0,0,0,1,0
20739,0,0,0,0,0,1,0
17057,0,0,0,0,0,1,0
21268,0,0,0,0,0,1,0
14144,0,0,0,0,0,1,0
5337,0,0,0,0,0,1,0
2120,0,0,0,0,0,1,0
9935,0,0,0,0,0,1,0
20192,0,0,0,0,0,1,0
12502,0,0,0,0,0,1,0
1975,0,0,0,0,0,1,0
14222,0,0,0,0,0,1,0
843,0,0,0,0,0,1,0
24755,0,0,0,0,0,1,0
24523,0,0,0,0,0,1,0
5020,0,0,0,0,0,1,0
20084,0,0,0,0,0,1,0
9842,0,0,0,0,0,1,0
22153,0,0,0,0,0,1,0
5905,0,0,0,0,0,1,0
11744,0,0,0,0,0,1,0
14549,0,0,0,0,0,1,0
23036,0,0,0,0,0,1,0
16376,0,0,0,0,0,1,0
3159,0,0,0,0,0,1,0
844,0,0,0,0,0,1,0
3623,0,0,0,0,0,1,0
4854,0,0,0,0,0,1,0
9694,0,0,0,0,0,1,0
14545,0,0,0,0,0,1,0
8542,0,0,0,0,0,1,0
13577,0,0,0,0,0,1,0
1320,0,0,0,0,0,1,0
3303,0,0,0,0,0,1,0
14523,0,0,0,0,0,1,0
18047,0,0,0,0,0,1,0
9931,0,0,0,0,0,1,0
21422,0,0,0,0,0,1,0
11766,0,0,0,0,0,1,0
20621,0,0,0,0,0,1,0
8550,0,0,0,0,0,1,0
5038,0,0,0,0,0,1,0
8361,0,0,0,0,0,1,0
99,0,0,0,0,0,1,0
10276,0,0,0,0,0,1,0
16033,0,0,0,0,0,1,0
14667,0,0,0,0,0,1,0
20730,0,0,0,0,0,1,0
9546,0,0,0,0,0,1,0
15286,0,0,0,0,0,1,0
17495,0,0,0,0,0,1,0
5029,0,0,0,0,0,1,0
20896,0,0,0,0,0,1,0
8191,0,0,0,0,0,1,0
18723,0,0,0,0,0,1,0
17854,0,0,0,0,0,1,0
15669,0,0,0,0,0,1,0
3521,0,0,0,0,0,1,0
18901,0,0,0,0,0,1,0
457,0,0,0,0,0,1,0
7005,0,0,0,0,0,1,0
24432,0,0,0,0,0,1,0
11640,0,0,0,0,0,1,0
9709,0,0,0,0,0,1,0
14679,0,0,0,0,0,1,0
17736,0,0,0,0,0,1,0
14141,0,0,0,0,0,1,0
6195,0,0,0,0,0,1,0
15668,0,0,0,0,0,1,0
14520,0,0,0,0,0,1,0
15430,0,0,0,0,0,1,0
4635,0,0,0,0,0,1,0
20859,0,0,0,0,0,1,0
18976,0,0,0,0,0,1,0
14763,0,0,0,0,0,1,0
13092,0,0,0,0,0,1,0
988,0,0,0,0,0,1,0
9932,0,0,0,0,0,1,0
2330,0,0,0,0,0,1,0
5504,0,0,0,0,0,1,0
12547,0,0,0,0,0,1,0
20790,0,0,0,0,0,1,0
8541,0,0,0,0,0,1,0
12165,0,0,0,0,0,1,0
4476,0,0,0,0,0,1,0
10488,0,0,0,0,0,1,0
5964,0,0,0,0,0,1,0
4412,0,0,0,0,0,1,0
2605,0,0,0,0,0,1,0
24103,0,0,0,0,0,1,0
18220,0,0,0,0,0,1,0
14329,0,0,0,0,0,1,0
17911,0,0,0,0,0,1,0
50,0,0,0,0,0,1,0
5039,0,0,0,0,0,1,0
17536,0,0,0,0,0,1,0
9337,0,0,0,0,0,1,0
17821,0,0,0,0,0,1,0
22539,0,0,0,0,0,1,0
11998,0,0,0,0,0,1,0
20951,0,0,0,0,0,1,0
10708,0,0,0,0,0,1,0
10524,0,0,0,0,0,1,0
12827,0,0,0,0,0,1,0
459,0,0,0,0,0,1,0
3092,0,0,0,0,0,1,0
5155,0,0,0,0,0,1,0
14574,0,0,0,0,0,1,0
3486,0,0,0,0,0,1,0
8557,0,0,0,0,0,1,0
15159,0,0,0,0,0,1,0
22324,0,0,0,0,0,1,0
7659,0,0,0,0,0,1,0
3743,0,0,0,0,0,1,0
6904,0,0,0,0,0,1,0
4474,0,0,0,0,0,1,0
9584,0,0,0,0,0,1,0
17366,0,0,0,0,0,1,0
19745,0,0,0,0,0,1,0
2945,0,0,0,0,0,1,0
14579,0,0,0,0,0,1,0
18646,0,0,0,0,0,1,0
12470,0,0,0,0,0,1,0
13908,0,0,0,0,0,1,0
20857,0,0,0,0,0,1,0
20700,0,0,0,0,0,1,0
24088,0,0,0,0,0,1,0
17845,0,0,0,0,0,1,0
9462,0,0,0,0,0,1,0
11097,0,0,0,0,0,0,1
18839,0,0,0,0,0,0,1
10684,0,0,0,0,0,0,1
21513,0,0,0,0,0,0,1
17827,0,0,0,0,0,0,1
17281,0,0,0,0,0,0,1
1947,0,0,0,0,0,0,1
23028,0,0,0,0,0,0,1
3293,0,0,0,0,0,0,1
3540,0,0,0,0,0,0,1
21529,0,0,0,0,0,0,1
7875,0,0,0,0,0,0,1
22380,0,0,0,0,0,0,1
13632,0,0,0,0,0,0,1
14447,0,0,0,0,0,0,1
19915,0,0,0,0,0,0,1
15435,0,0,0,0,0,0,1
388,0,0,0,0,0,0,1
13706,0,0,0,0,0,0,1
10809,0,0,0,0,0,0,1
11843,0,0,0,0,0,0,1
5747,0,0,0,0,0,0,1
3115,0,0,0,0,0,0,1
9249,0,0,0,0,0,0,1
13629,0,0,0,0,0,0,1
9264,0,0,0,0,0,0,1
7926,0,0,0,0,0,0,1
17289,0,0,0,0,0,0,1
9072,0,0,0,0,0,0,1
5879,0,0,0,0,0,0,1
15366,0,0,0,0,0,0,1
19312,0,0,0,0,0,0,1
17335,0,0,0,0,0,0,1
9223,0,0,0,0,0,0,1
11470,0,0,0,0,0,0,1
376,0,0,0,0,0,0,1
10838,0,0,0,0,0,0,1
22011,0,0,0,0,0,0,1
3450,0,0,0,0,0,0,1
18002,0,0,0,0,0,0,1
10948,0,0,0,0,0,0,1
17789,0,0,0,0,0,0,1
11056,0,0,0,0,0,0,1
17546,0,0,0,0,0,0,1
6128,0,0,0,0,0,0,1
13626,0,0,0,0,0,0,1
15587,0,0,0,0,0,0,1
18633,0,0,0,0,0,0,1
2971,0,0,0,0,0,0,1
16441,0,0,0,0,0,0,1
2451,0,0,0,0,0,0,1
18004,0,0,0,0,0,0,1
4677,0,0,0,0,0,0,1
9225,0,0,0,0,0,0,1
12769,0,0,0,0,0,0,1
18807,0,0,0,0,0,0,1
13503,0,0,0,0,0,0,1
9919,0,0,0,0,0,0,1
3453,0,0,0,0,0,0,1
15996,0,0,0,0,0,0,1
18312,0,0,0,0,0,0,1
11681,0,0,0,0,0,0,1
9743,0,0,0,0,0,0,1
21256,0,0,0,0,0,0,1
12462,0,0,0,0,0,0,1
1595,0,0,0,0,0,0,1
6127,0,0,0,0,0,0,1
22857,0,0,0,0,0,0,1
8700,0,0,0,0,0,0,1
14869,0,0,0,0,0,0,1
2282,0,0,0,0,0,0,1
16993,0,0,0,0,0,0,1
19594,0,0,0,0,0,0,1
19324,0,0,0,0,0,0,1
12050,0,0,0,0,0,0,1
5882,0,0,0,0,0,0,1
13546,0,0,0,0,0,0,1
19293,0,0,0,0,0,0,1
19569,0,0,0,0,0,0,1
5890,0,0,0,0,0,0,1
24019,0,0,0,0,0,0,1
3541,0,0,0,0,0,0,1
17233,0,0,0,0,0,0,1
2334,0,0,0,0,0,0,1
12678,0,0,0,0,0,0,1
3423,0,0,0,0,0,0,1
953,0,0,0,0,0,0,1
4520,0,0,0,0,0,0,1
11346,0,0,0,0,0,0,1
19744,0,0,0,0,0,0,1
3982,0,0,0,0,0,0,1
2458,0,0,0,0,0,0,1
22336,0,0,0,0,0,0,1
118,0,0,0,0,0,0,1
2459,0,0,0,0,0,0,1
19963,0,0,0,0,0,0,1
3316,0,0,0,0,0,0,1
23158,0,0,0,0,0,0,1
14916,0,0,0,0,0,0,1
10508,0,0,0,0,0,0,1
15305,0,0,0,0,0,0,1
2757,0,0,0,0,0,0,1
13818,0,0,0,0,0,0,1
15624,0,0,0,0,0,0,1
10392,0,0,0,0,0,0,1
9617,0,0,0,0,0,0,1
12904,0,0,0,0,0,0,1
18212,0,0,0,0,0,0,1
22186,0,0,0,0,0,0,1
15522,0,0,0,0,0,0,1
13030,0,0,0,0,0,0,1
20955,0,0,0,0,0,0,1
4841,0,0,0,0,0,0,1
10293,0,0,0,0,0,0,1
17181,0,0,0,0,0,0,1
14442,0,0,0,0,0,0,1
1315,0,0,0,0,0,0,1
568,0,0,0,0,0,0,1
20699,0,0,0,0,0,0,1
8264,0,0,0,0,0,0,1
21835,0,0,0,0,0,0,1
7847,0,0,0,0,0,0,1
3144,0,0,0,0,0,0,1
7208,0,0,0,0,0,0,1
3018,0,0,0,0,0,0,1
20780,0,0,0,0,0,0,1
8405,0,0,0,0,0,0,1
5036,0,0,0,0,0,0,1
10807,0,0,0,0,0,0,1
16223,0,0,0,0,0,0,1
11839,0,0,0,0,0,0,1
6573,0,0,0,0,0,0,1
17232,0,0,0,0,0,0,1
10066,0,0,0,0,0,0,1
4845,0,0,0,0,0,0,1
5541,0,0,0,0,0,0,1
19447,0,0,0,0,0,0,1
13519,0,0,0,0,0,0,1
813,0,0,0,0,0,0,1
11277,0,0,0,0,0,0,1
16692,0,0,0,0,0,0,1
10393,0,0,0,0,0,0,1
12960,0,0,0,0,0,0,1
2203,0,0,0,0,0,0,1
19948,0,0,0,0,0,0,1
5664,0,0,0,0,0,0,1
6064,0,0,0,0,0,0,1
9047,0,0,0,0,0,0,1
14307,0,0,0,0,0,0,1
15438,0,0,0,0,0,0,1
20822,0,0,0,0,0,0,1
17105,0,0,0,0,0,0,1
3291,0,0,0,0,0,0,1
21034,0,0,0,0,0,0,1
12374,0,0,0,0,0,0,1
10483,0,0,0,0,0,0,1
22615,0,0,0,0,0,0,1
15523,0,0,0,0,0,0,1
23007,0,0,0,0,0,0,1
16408,0,0,0,0,0,0,1
19921,0,0,0,0,0,0,1
11785,0,0,0,0,0,0,1
23211,0,0,0,0,0,0,1
23042,0,0,0,0,0,0,1
12634,0,0,0,0,0,0,1
576,0,0,0,0,0,0,1
10345,0,0,0,0,0,0,1
18014,0,0,0,0,0,0,1
16994,0,0,0,0,0,0,1
18693,0,0,0,0,0,0,1
19570,0,0,0,0,0,0,1
11135,0,0,0,0,0,0,1
12435,0,0,0,0,0,0,1
21025,0,0,0,0,0,0,1
15298,0,0,0,0,0,0,1
94,0,0,0,0,0,0,1
16733,0,0,0,0,0,0,1
16409,0,0,0,0,0,0,1
18415,0,0,0,0,0,0,1
22395,0,0,0,0,0,0,1
4678,0,0,0,0,0,0,1
6917,0,0,0,0,0,0,1
10369,0,0,0,0,0,0,1
20697,0,0,0,0,0,0,1
16611,0,0,0,0,0,0,1
13481,0,0,0,0,0,0,1
344,0,0,0,0,0,0,1
14850,0,0,0,0,0,0,1
11270,0,0,0,0,0,0,1
5598,0,0,0,0,0,0,1
22228,0,0,0,0,0,0,1
8910,0,0,0,0,0,0,1
11878,0,0,0,0,0,0,1
14837,0,0,0,0,0,0,1
9804,0,0,0,0,0,0,1
18749,0,0,0,0,0,0,1
738,0,0,0,0,0,0,1
7495,0,0,0,0,0,0,1
16995,0,0,0,0,0,0,1
3113,0,0,0,0,0,0,1
10238,0,0,0,0,0,0,1
14510,0,0,0,0,0,0,1
11370,0,0,0,0,0,0,1
14839,0,0,0,0,0,0,1
8386,0,0,0,0,0,0,1
13472,0,0,0,0,0,0,1
2364,0,0,0,0,0,0,1
13627,0,0,0,0,0,0,1
3950,0,0,0,0,0,0,1
6302,0,0,0,0,0,0,1
9046,0,0,0,0,0,0,1
1013,0,0,0,0,0,0,1
5722,0,0,0,0,0,0,1
4380,0,0,0,0,0,0,1
11791,0,0,0,0,0,0,1
4734,0,0,0,0,0,0,1
23652,0,0,0,0,0,0,1
16221,0,0,0,0,0,0,1
1332,0,0,0,0,0,0,1
20762,0,0,0,0,0,0,1
11364,0,0,0,0,0,0,1
7104,0,0,0,0,0,0,1
16385,0,0,0,0,0,0,1
5955,0,0,0,0,0,0,1
15373,0,0,0,0,0,0,1
16838,0,0,0,0,0,0,1
23911,0,0,0,0,0,0,1
22382,0,0,0,0,0,0,1
17325,0,0,0,0,0,0,1
17792,0,0,0,0,0,0,1
17094,0,0,0,0,0,0,1
14174,0,0,0,0,0,0,1
14372,0,0,0,0,0,0,1
20720,0,0,0,0,0,0,1
107,0,0,0,0,0,0,1
3673,0,0,0,0,0,0,1
7125,0,0,0,0,0,0,1
8930,0,0,0,0,0,0,1
18164,0,0,0,0,0,0,1
18814,0,0,0,0,0,0,1
8388,0,0,0,0,0,0,1
10055,0,0,0,0,0,0,1
9925,0,0,0,0,0,0,1
14901,0,0,0,0,0,0,1
11822,0,0,0,0,0,0,1
6021,0,0,0,0,0,0,1
9745,0,0,0,0,0,0,1
4981,0,0,0,0,0,0,1
14852,0,0,0,0,0,0,1
15121,0,0,0,0,0,0,1
15424,0,0,0,0,0,0,1
21505,0,0,0,0,0,0,1
10535,0,0,0,0,0,0,1
17897,0,0,0,0,0,0,1
22457,0,0,0,0,0,0,1
19465,0,0,0,0,0,0,1
2264,0,0,0,0,0,0,1
16352,0,0,0,0,0,0,1
3036,0,0,0,0,0,0,1
16614,0,0,0,0,0,0,1
11679,0,0,0,0,0,0,1
22112,0,0,0,0,0,0,1
17801,0,0,0,0,0,0,1
14135,0,0,0,0,0,0,1
10318,0,0,0,0,0,0,1
2363,0,0,0,0,0,0,1
13702,0,0,0,0,0,0,1
14586,0,0,0,0,0,0,1
8108,0,0,0,0,0,0,1
12080,0,0,0,0,0,0,1
18616,0,0,0,0,0,0,1
20334,0,0,0,0,0,0,1
19571,0,0,0,0,0,0,1
3578,0,0,0,0,0,0,1
5946,0,0,0,0,0,0,1
7024,0,0,0,0,0,0,1
3109,0,0,0,0,0,0,1
23930,0,0,0,0,0,0,1
20881,0,0,0,0,0,0,1
12526,0,0,0,0,0,0,1
11528,0,0,0,0,0,0,1
22018,0,0,0,0,0,0,1
12776,0,0,0,0,0,0,1
2273,0,0,0,0,0,0,1
9238,0,0,0,0,0,0,1
13020,0,0,0,0,0,0,1
2922,0,0,0,0,0,0,1
15781,0,0,0,0,0,0,1
3051,0,0,0,0,0,0,1
12272,0,0,0,0,0,0,1
14898,0,0,0,0,0,0,1
11281,0,0,0,0,0,0,1
13161,0,0,0,0,0,0,1
21222,0,0,0,0,0,0,1
12518,0,0,0,0,0,0,1
8902,0,0,0,0,0,0,1
15691,0,0,0,0,0,0,1
6025,0,0,0,0,0,0,1
10537,0,0,0,0,0,0,1
11405,0,0,0,0,0,0,1
3921,0,0,0,0,0,0,1
3038,0,0,0,0,0,0,1
6134,0,0,0,0,0,0,1
544,0,0,0,0,0,0,1
18731,0,0,0,0,0,0,1
7993,0,0,0,0,0,0,1
9616,0,0,0,0,0,0,1
12846,0,0,0,0,0,0,1
5717,0,0,0,0,0,0,1
5632,0,0,0,0,0,0,1
17306,0,0,0,0,0,0,1
789,0,0,0,0,0,0,1
11356,0,0,0,0,0,0,1
13501,0,0,0,0,0,0,1
4512,0,0,0,0,0,0,1
22858,0,0,0,0,0,0,1
10227,0,0,0,0,0,0,1
18577,0,0,0,0,0,0,1
10058,0,0,0,0,0,0,1
9358,0,0,0,0,0,0,1
23005,0,0,0,0,0,0,1
11680,0,0,0,0,0,0,1
15362,0,0,0,0,0,0,1
8025,0,0,0,0,0,0,1
13069,0,0,0,0,0,0,1
1355,0,0,0,0,0,0,1
387,0,0,0,0,0,0,1
2912,0,0,0,0,0,0,1
15644,0,0,0,0,0,0,1
2428,0,0,0,0,0,0,1
13474,0,0,0,0,0,0,1
3439,0,0,0,0,0,0,1
5436,0,0,0,0,0,0,1
15296,0,0,0,0,0,0,1
7462,0,0,0,0,0,0,1
8698,0,0,0,0,0,0,1
14905,0,0,0,0,0,0,1
15206,0,0,0,0,0,0,1
12126,0,0,0,0,0,0,1
4836,0,0,0,0,0,0,1
22329,0,0,0,0,0,0,1
19839,0,0,0,0,0,0,1
16382,0,0,0,0,0,0,1
202,0,0,0,0,0,0,1
7931,0,0,0,0,0,0,1
8026,0,0,0,0,0,0,1
2574,0,0,0,0,0,0,1
15034,0,0,0,0,0,0,1
19024,0,0,0,0,0,0,1
8851,0,0,0,0,0,0,1
11414,0,0,0,0,0,0,1
17907,0,0,0,0,0,0,1
5659,0,0,0,0,0,0,1
16580,0,0,0,0,0,0,1
10344,0,0,0,0,0,0,1
17672,0,0,0,0,0,0,1
6126,0,0,0,0,0,0,1
19172,0,0,0,0,0,0,1
12276,0,0,0,0,0,0,1
11366,0,0,0,0,0,0,1
19916,0,0,0,0,0,0,1
24293,0,0,0,0,0,0,1
12123,0,0,0,0,0,0,1
25217,0,0,0,0,0,0,1
815,0,0,0,0,0,0,1
15436,0,0,0,0,0,0,1
20615,0,0,0,0,0,0,1
4453,0,0,0,0,0,0,1
10946,0,0,0,0,0,0,1
2921,0,0,0,0,0,0,1
1298,0,0,0,0,0,0,1
20814,0,0,0,0,0,0,1
6754,0,0,0,0,0,0,1
15033,0,0,0,0,0,0,1
24786,0,0,0,0,0,0,1
3535,0,0,0,0,0,0,1
10540,0,0,0,0,0,0,1
13177,0,0,0,0,0,0,1
3193,0,0,0,0,0,0,1
8912,0,0,0,0,0,0,1
15226,0,0,0,0,0,0,1
12061,0,0,0,0,0,0,1
10806,0,0,0,0,0,0,1
12662,0,0,0,0,0,0,1
6327,0,0,0,0,0,0,1
17589,0,0,0,0,0,0,1
10233,0,0,0,0,0,0,1
5437,0,0,0,0,0,0,1
16310,0,0,0,0,0,0,1
7326,0,0,0,0,0,0,1
17296,0,0,0,0,0,0,1
17889,0,0,0,0,0,0,1
12522,0,0,0,0,0,0,1
11824,0,0,0,0,0,0,1
2281,0,0,0,0,0,0,1
4305,0,0,0,0,0,0,1
11877,0,0,0,0,0,0,1
201,0,0,0,0,0,0,1
12241,0,0,0,0,0,0,1
4518,0,0,0,0,0,0,1
12187,0,0,0,0,0,0,1
3191,0,0,0,0,0,0,1
16850,0,0,0,0,0,0,1
17725,0,0,0,0,0,0,1
20685,0,0,0,0,0,0,1
17773,0,0,0,0,0,0,1
17235,0,0,0,0,0,0,1
14039,0,0,0,0,0,0,1
9607,0,0,0,0,0,0,1
6722,0,0,0,0,0,0,1
11272,0,0,0,0,0,0,1
10229,0,0,0,0,0,0,1
5661,0,0,0,0,0,0,1
5961,0,0,0,0,0,0,1
19040,0,0,0,0,0,0,1
10908,0,0,0,0,0,0,1
10889,0,0,0,0,0,0,1
4838,0,0,0,0,0,0,1
571,0,0,0,0,0,0,1
17459,0,0,0,0,0,0,1
17054,0,0,0,0,0,0,1
17805,0,0,0,0,0,0,1
19918,0,0,0,0,0,0,1
11682,0,0,0,0,0,0,1
6119,0,0,0,0,0,0,1
2205,0,0,0,0,0,0,1
21412,0,0,0,0,0,0,1
18750,0,0,0,0,0,0,1
16321,0,0,0,0,0,0,1
8023,0,0,0,0,0,0,1
6001,0,0,0,0,0,0,1
17683,0,0,0,0,0,0,1
7981,0,0,0,0,0,0,1
16671,0,0,0,0,0,0,1
12100,0,0,0,0,0,0,1
1242,0,0,0,0,0,0,1
20911,0,0,0,0,0,0,1
10000,0,0,0,0,0,0,1
23208,0,0,0,0,0,0,1
6579,0,0,0,0,0,0,1
12767,0,0,0,0,0,0,1
16650,0,0,0,0,0,0,1
16520,0,0,0,0,0,0,1
18465,0,0,0,0,0,0,1
20064,0,0,0,0,0,0,1
3533,0,0,0,0,0,0,1
19155,0,0,0,0,0,0,1
17407,0,0,0,0,0,0,1
12357,0,0,0,0,0,0,1
8205,0,0,0,0,0,0,1
8697,0,0,0,0,0,0,1
16689,0,0,0,0,0,0,1
9087,0,0,0,0,0,0,1
7405,0,0,0,0,0,0,1
19025,0,0,0,0,0,0,1
511,0,0,0,0,0,0,1
18271,0,0,0,0,0,0,1
16144,0,0,0,0,0,0,1
210,0,0,0,0,0,0,1
10810,0,0,0,0,0,0,1
22230,0,0,0,0,0,0,1
7019,0,0,0,0,0,0,1
12256,0,0,0,0,0,0,1
8387,0,0,0,0,0,0,1
8592,0,0,0,0,0,0,1
2732,0,0,0,0,0,0,1
2438,0,0,0,0,0,0,1
2254,0,0,0,0,0,0,1
2255,0,0,0,0,0,0,1
14685,0,0,0,0,0,0,1
6245,0,0,0,0,0,0,1
8413,0,0,0,0,0,0,1
14950,0,0,0,0,0,0,1
15620,0,0,0,0,0,0,1
452,0,0,0,0,0,0,1
9609,0,0,0,0,0,0,1
21955,0,0,0,0,0,0,1
13460,0,0,0,0,0,0,1
4079,0,0,0,0,0,0,1
15432,0,0,0,0,0,0,1
21626,0,0,0,0,0,0,1
5926,0,0,0,0,0,0,1
2850,0,0,0,0,0,0,1
17770,0,0,0,0,0,0,1
14846,0,0,0,0,0,0,1
1970,0,0,0,0,0,0,1
8731,0,0,0,0,0,0,1
2738,0,0,0,0,0,0,1
23437,0,0,0,0,0,0,1
7241,0,0,0,0,0,0,1
11271,0,0,0,0,0,0,1
16502,0,0,0,0,0,0,1
13565,0,0,0,0,0,0,1
4696,0,0,0,0,0,0,1
11787,0,0,0,0,0,0,1
10311,0,0,0,0,0,0,1
8911,0,0,0,0,0,0,1
17236,0,0,0,0,0,0,1
206,0,0,0,0,0,0,1
11468,0,0,0,0,0,0,1
