,airy,calm,dark,eerie,happy,light,sad,scary,soft,strange
34,0,0,0,0,0,0,0,0,1,0
46,0,0,0,0,0,0,0,0,1,0
66,0,0,0,0,0,0,0,0,0,1
76,0,0,0,0,0,0,1,0,0,0
86,0,0,0,0,0,0,0,0,1,0
92,0,0,0,0,0,0,0,0,0,1
95,0,0,0,0,0,0,0,0,0,1
107,0,0,0,0,0,0,0,0,0,1
156,0,0,0,0,0,0,0,0,1,0
157,1,0,0,0,0,0,0,0,0,0
163,0,0,0,0,0,0,0,0,1,0
177,0,0,0,0,0,0,0,0,1,0
194,0,0,0,0,0,0,0,0,0,1
200,0,0,0,0,0,0,0,0,0,1
202,0,0,0,0,0,0,0,0,0,1
212,0,0,0,0,0,0,0,0,0,1
218,0,0,0,0,0,0,0,0,0,1
260,0,0,0,0,0,0,0,0,1,0
354,0,1,0,0,0,0,0,0,0,0
356,0,0,0,0,0,0,0,0,1,0
360,0,1,0,0,0,0,0,0,0,0
383,0,1,0,0,0,0,0,0,0,0
384,0,0,0,0,0,0,0,0,1,0
385,0,0,0,0,0,0,0,0,1,0
392,0,0,0,0,0,0,0,0,0,1
397,0,0,1,0,0,0,0,0,0,0
406,1,0,0,0,0,0,0,0,1,1
408,0,1,0,0,0,1,0,0,0,0
415,0,0,0,0,0,1,0,0,0,0
477,0,0,0,0,0,0,0,0,1,0
483,0,0,0,0,0,0,0,0,1,0
487,0,0,0,0,0,0,0,0,1,0
490,0,0,0,0,0,0,0,0,1,0
492,0,0,0,0,0,0,0,0,0,1
494,0,0,0,0,0,0,0,0,0,1
520,0,0,0,1,0,0,0,0,0,0
540,0,0,0,0,0,0,0,0,0,1
552,0,0,1,1,0,0,0,0,0,0
554,0,0,0,0,0,0,0,0,0,1
557,0,0,0,0,0,0,0,0,1,0
613,0,0,0,0,1,0,0,0,0,0
615,0,0,0,0,0,0,0,0,1,0
670,0,0,1,0,0,0,0,0,0,1
696,0,0,0,0,0,0,0,0,1,0
697,0,0,0,0,0,0,0,0,1,0
699,0,0,0,0,0,0,0,0,1,0
700,0,0,0,0,0,0,0,0,1,0
731,0,0,0,0,0,0,0,0,0,1
778,0,0,0,0,0,0,0,0,1,0
798,0,1,0,0,0,0,0,0,0,0
799,0,0,0,0,0,0,0,0,1,0
803,0,0,0,0,0,0,0,0,1,0
804,0,0,0,0,0,0,0,0,1,0
807,0,0,0,0,0,0,0,0,1,0
824,1,0,0,0,0,0,0,0,1,0
825,0,0,0,0,0,0,0,0,1,0
826,0,0,0,0,0,0,0,0,1,0
848,0,0,0,0,0,0,0,0,1,0
855,0,0,0,0,0,0,0,0,0,1
858,0,0,0,0,0,0,0,0,1,0
878,0,0,0,0,0,0,0,0,1,0
883,0,0,0,0,0,0,0,0,0,1
884,0,0,0,0,0,0,0,0,0,1
903,0,0,0,0,0,0,0,0,0,1
918,0,0,0,0,0,0,0,0,1,0
930,1,0,0,0,0,0,0,0,0,0
959,0,0,0,1,0,0,0,0,0,0
960,0,0,0,0,0,0,0,0,1,0
987,0,0,0,0,0,0,0,0,0,1
988,0,0,1,0,0,0,0,0,0,0
989,0,0,0,0,0,0,0,0,0,1
990,0,0,0,0,0,0,0,0,0,1
1021,0,0,0,0,0,0,0,0,1,0
1022,0,0,0,0,0,0,0,0,1,0
1043,0,1,0,0,0,0,0,0,1,0
1080,0,0,0,0,0,0,0,0,0,1
1102,0,0,0,0,0,0,0,0,1,0
1105,0,0,0,0,0,0,0,0,1,0
1109,0,0,0,0,0,1,0,0,0,0
1118,0,0,0,0,0,0,0,0,1,0
1119,0,0,0,0,0,0,0,0,1,0
1121,0,0,0,0,0,0,0,0,1,0
1127,0,0,0,0,0,0,0,0,1,0
1168,0,0,0,0,0,0,0,0,0,1
1213,0,0,0,0,0,0,0,0,1,0
1229,0,0,0,0,0,0,0,0,1,0
1235,0,0,0,0,0,0,0,0,1,0
1236,0,0,0,0,0,0,1,0,0,0
1237,0,0,1,1,0,0,1,0,1,0
1238,0,0,0,0,0,0,1,0,0,0
1246,0,0,0,0,0,0,0,0,1,0
1258,0,0,0,0,0,0,0,0,0,1
1274,0,0,0,0,1,0,0,0,0,0
1288,0,0,1,0,0,0,0,0,0,0
1291,0,0,0,0,0,0,0,0,0,1
1293,1,0,0,0,0,0,0,0,0,0
1294,0,0,1,0,0,0,0,0,0,0
1300,0,0,0,0,0,0,0,0,1,0
1322,0,0,0,0,1,0,0,0,0,0
1338,0,0,0,0,0,0,0,0,0,1
1340,0,0,0,1,0,0,0,0,0,1
1366,0,0,0,0,0,0,0,0,1,0
1368,0,0,0,0,0,0,0,0,1,0
1370,0,1,0,0,0,0,0,0,1,0
1371,0,0,0,0,0,0,0,0,1,0
1374,0,0,0,0,0,0,0,0,1,0
1385,0,0,0,0,0,0,0,0,1,0
1386,0,0,0,0,0,0,0,0,1,0
1387,0,0,0,0,0,0,0,0,1,0
1389,0,1,0,0,0,0,0,0,1,0
1390,0,0,0,0,0,0,0,0,1,0
1391,0,0,0,0,0,0,0,0,1,0
1392,0,1,0,0,0,0,0,0,1,0
1412,0,0,0,0,0,0,0,0,1,0
1415,0,1,0,0,0,0,0,0,0,0
1416,0,0,0,0,0,0,0,0,0,1
1446,0,0,1,0,0,0,0,0,0,0
1451,0,0,0,1,0,0,0,0,1,0
1465,0,0,0,0,0,0,0,0,1,0
1513,0,0,0,0,0,0,0,0,1,0
1531,0,0,1,0,0,0,0,0,0,0
1532,0,0,0,0,0,0,0,1,0,1
1562,0,1,0,0,0,0,0,0,0,0
1585,0,0,0,0,0,0,0,0,1,0
1614,0,0,0,0,0,0,0,0,1,0
1617,0,0,0,0,0,0,0,0,0,1
1625,0,0,0,0,0,0,0,0,0,1
1626,0,0,0,0,0,0,0,0,1,0
1628,0,1,0,0,0,0,0,0,0,0
1635,0,0,0,0,0,0,0,0,0,1
1639,0,0,0,0,0,0,0,0,0,1
1683,0,0,0,0,0,0,0,0,1,0
1684,0,0,0,0,0,0,0,0,1,0
1692,0,0,0,0,0,0,0,0,1,0
1695,0,0,0,0,0,0,0,0,1,0
1697,0,1,0,0,0,0,0,0,0,0
1712,0,0,0,0,0,0,0,0,1,0
1728,0,0,0,0,0,0,0,0,0,1
1740,0,0,0,0,0,0,0,0,1,0
1741,0,0,0,0,0,0,0,0,1,0
1806,0,0,0,0,0,0,0,0,0,1
1836,0,0,0,0,0,0,0,0,1,0
1841,0,0,1,0,0,0,0,0,0,0
1852,0,0,0,0,0,0,0,0,0,1
1864,0,0,0,0,0,0,0,0,0,1
1893,1,0,0,0,0,0,0,0,0,0
1896,0,0,0,0,0,0,0,0,1,0
1909,0,0,0,0,0,0,0,0,1,0
1910,0,0,0,0,0,0,0,0,1,0
1913,0,0,0,1,0,0,0,0,0,0
1918,0,0,1,0,0,0,0,0,0,0
1919,0,0,1,0,0,0,0,1,0,0
1930,0,1,0,0,0,0,0,0,1,0
1934,0,0,0,0,0,1,0,0,1,0
1940,0,0,0,0,0,0,0,0,1,0
1943,0,0,0,0,0,0,0,0,1,0
1947,0,1,0,0,0,1,0,0,0,0
1949,1,0,0,0,0,0,0,0,0,0
1966,0,0,1,1,0,0,0,1,0,0
1967,0,1,1,1,0,0,0,0,0,0
1972,0,0,0,0,0,0,0,0,0,1
1978,0,0,0,0,0,1,1,0,1,0
1979,0,0,0,0,0,0,0,0,1,0
1980,0,0,0,0,0,0,0,0,1,0
1987,0,0,0,0,0,0,0,0,1,0
1989,0,0,0,0,0,0,1,0,0,0
2012,0,0,0,0,0,0,0,0,0,1
2024,0,0,0,0,0,0,0,0,0,1
2026,0,0,1,0,0,0,0,0,0,0
2031,0,0,0,0,0,0,0,0,0,1
2043,0,0,1,0,0,0,0,1,0,0
2055,0,0,0,0,0,0,0,0,1,0
2062,0,0,0,0,0,0,0,0,1,0
2079,0,0,0,0,0,0,0,0,1,0
2092,0,0,0,0,0,0,0,0,1,0
2125,0,0,0,0,0,0,0,0,1,1
2126,0,0,1,0,0,0,0,0,0,0
2134,0,0,1,0,0,0,0,0,0,0
2160,0,0,0,0,0,0,0,0,1,0
2162,0,0,1,0,0,0,0,0,0,0
2166,0,0,0,0,0,0,0,0,0,1
2168,0,0,1,0,0,0,0,0,0,0
2174,0,0,1,0,0,0,0,0,0,0
2177,0,0,1,0,0,0,0,0,0,0
2182,0,0,0,0,0,0,0,1,0,0
2183,0,0,1,0,0,0,0,0,1,0
2184,0,0,0,0,0,0,0,0,0,1
2192,1,0,0,0,0,0,0,0,0,0
2193,0,0,1,0,0,0,0,0,0,0
2211,0,0,1,0,0,0,0,0,0,0
2257,0,0,0,0,0,0,0,0,1,0
2260,0,0,0,0,0,0,0,0,0,1
2273,0,1,0,0,0,0,0,0,0,0
2301,0,0,0,0,0,0,0,0,1,0
2327,0,0,0,0,0,0,0,0,0,1
2340,0,0,0,0,0,0,0,0,0,1
2375,0,0,0,0,0,0,0,0,0,1
2387,0,0,0,0,0,0,0,0,0,1
2401,0,0,0,0,0,0,0,0,1,0
2404,0,0,0,0,0,0,0,0,1,0
2408,0,0,0,0,0,0,0,0,1,0
2416,0,0,1,0,0,0,0,0,0,0
2422,1,0,0,0,0,0,0,0,0,0
2438,0,0,0,0,0,0,0,0,1,0
2441,0,1,0,0,0,0,0,0,0,0
2442,0,0,0,0,0,0,0,0,1,0
2461,0,0,0,0,0,0,0,0,1,0
2463,0,0,0,0,0,0,0,0,1,0
2486,0,0,0,0,0,0,0,0,0,1
2497,0,0,0,0,0,0,0,0,0,1
2513,0,0,0,0,0,0,0,0,1,0
2522,0,0,0,0,0,0,0,0,0,1
2532,0,0,0,0,0,0,0,0,0,1
2556,0,0,0,0,0,0,0,0,0,1
2661,0,0,0,0,0,0,0,0,1,0
2664,0,0,0,0,0,1,0,0,0,0
2697,0,0,0,0,0,0,1,0,0,0
2741,0,0,0,0,0,0,0,0,1,0
2742,0,0,0,0,0,0,0,0,1,0
2743,0,0,0,0,0,0,0,0,1,0
2744,0,0,0,0,0,0,0,0,1,0
2746,0,0,0,0,0,0,0,0,1,0
2748,0,1,0,0,0,0,0,0,0,0
2754,0,1,0,0,0,0,0,0,0,0
2756,0,0,0,0,0,0,0,0,0,1
2765,0,0,0,0,0,0,0,0,1,0
2779,0,0,0,0,0,0,0,0,1,0
2782,0,0,0,0,0,0,0,0,1,0
2783,0,0,0,0,0,0,0,0,1,0
2784,0,0,0,0,0,0,0,0,1,0
2788,0,0,0,0,0,0,0,0,1,0
2791,0,0,0,1,0,0,0,0,1,1
2803,0,0,0,0,0,0,0,0,1,0
2804,0,0,0,0,0,0,0,0,1,0
2805,0,0,0,0,0,0,0,0,1,0
2806,0,0,0,0,0,0,0,0,1,0
2826,0,0,0,0,0,0,0,0,1,0
2828,0,1,0,0,0,0,0,0,1,0
2837,0,1,0,0,0,0,0,0,1,0
2858,0,0,0,0,1,0,0,0,0,0
2863,0,0,0,0,0,0,0,0,1,0
2896,0,0,0,0,0,0,0,0,0,1
2901,0,0,0,0,0,0,0,0,0,1
2913,0,0,0,0,0,0,0,0,0,1
2920,0,0,0,0,1,0,0,0,0,0
2922,0,0,0,0,1,0,0,0,1,0
2925,0,0,0,0,0,0,1,0,0,0
2933,0,0,0,0,0,1,0,0,0,0
3001,0,0,0,0,0,0,0,0,1,0
3013,0,0,0,0,0,0,0,0,1,0
3024,0,0,0,0,0,0,0,0,0,1
3075,0,0,1,0,0,0,0,0,0,1
3077,0,0,0,1,0,0,0,0,0,0
3079,0,0,1,0,0,0,0,0,0,0
3080,0,0,1,0,0,0,0,0,0,0
3086,0,0,0,0,0,0,0,0,1,0
3105,0,0,0,0,1,0,0,0,0,0
3135,1,0,0,0,0,0,0,0,0,0
3165,0,0,0,0,0,0,0,0,1,0
3184,0,0,0,0,0,0,0,0,1,0
3185,0,0,0,0,0,0,0,0,1,0
3187,0,0,0,0,0,0,0,0,1,0
3195,0,0,1,0,0,0,0,0,0,1
3200,0,0,0,0,0,0,0,0,0,1
3231,0,0,0,0,0,0,0,0,1,0
3253,0,0,0,0,0,0,0,0,1,0
3259,0,0,0,0,0,0,1,0,0,0
3264,0,0,0,0,0,0,1,0,1,0
3269,0,0,0,0,0,0,0,0,1,0
3286,0,0,0,0,0,0,0,0,1,0
3288,0,0,0,0,0,0,0,0,1,0
3297,0,0,0,0,0,0,0,0,1,0
3300,0,0,0,0,0,0,0,0,1,0
3313,0,0,1,1,0,0,0,1,0,1
3316,0,0,0,0,0,0,0,0,0,1
3342,0,0,0,0,0,1,0,0,1,0
3370,0,0,0,0,0,0,0,0,1,0
3385,0,0,0,0,0,0,0,0,0,1
3396,0,0,0,0,0,0,0,0,1,0
3423,0,0,0,0,0,0,0,0,0,1
3425,0,1,0,0,0,0,0,0,0,0
3426,0,0,0,0,0,0,0,0,0,1
3436,0,0,0,0,0,0,0,0,1,0
3449,0,1,0,0,0,0,0,0,1,0
3452,0,0,0,0,0,0,0,0,0,1
3484,0,0,0,0,0,0,0,0,0,1
3508,0,0,0,0,0,0,0,0,0,1
3511,0,1,0,0,0,0,0,0,0,0
3528,0,0,0,0,0,0,0,0,1,0
3560,0,0,1,0,0,0,0,0,0,0
3566,0,0,0,0,0,0,0,0,0,1
3568,0,0,0,0,0,0,0,0,0,1
3569,0,0,0,0,0,0,0,0,0,1
3579,1,0,0,0,0,0,0,0,0,0
3593,0,0,1,0,0,0,0,0,0,0
3596,0,0,0,0,0,0,0,0,0,1
3622,0,0,0,0,0,0,0,1,0,0
3691,0,0,1,0,0,0,0,0,0,0
3733,0,0,0,0,0,0,0,0,0,1
3735,0,0,0,0,1,0,0,0,0,0
3751,0,0,0,0,0,0,0,0,0,1
3768,0,1,0,0,0,0,0,0,1,0
3770,1,0,0,0,0,0,0,0,1,0
3772,0,0,0,0,0,0,0,0,1,0
3776,0,1,0,0,0,0,0,0,0,0
3785,0,0,0,0,0,0,0,0,1,0
3788,0,0,0,0,0,0,0,0,1,0
3821,0,0,0,1,0,0,0,0,0,1
3822,0,0,0,0,0,0,0,1,0,1
3824,0,0,0,0,0,0,0,0,0,1
3828,0,0,0,0,0,0,0,0,0,1
3833,0,0,0,1,0,0,0,0,0,1
3837,0,0,0,1,0,0,0,0,0,0
3841,0,0,0,0,0,0,0,1,0,0
3844,0,0,0,1,0,0,0,0,0,0
3851,0,0,0,0,0,0,0,0,0,1
3852,0,0,1,0,0,0,0,0,0,0
3896,0,0,0,0,0,0,0,0,1,0
3901,0,0,0,0,0,0,0,0,0,1
3902,0,0,1,0,0,0,0,0,0,0
3903,0,0,0,0,0,0,0,0,0,1
3908,0,0,0,0,0,0,0,0,1,0
3913,0,0,0,0,0,0,0,0,0,1
3920,0,0,0,0,0,0,0,0,0,1
3926,0,0,0,0,0,0,0,0,0,1
3929,0,0,0,0,0,0,0,0,0,1
3930,0,0,0,0,0,0,0,0,0,1
3977,0,1,0,0,0,0,1,0,1,0
3988,1,0,0,0,0,0,0,0,0,1
3989,0,0,0,0,0,0,0,0,0,1
3993,0,0,1,0,0,0,0,0,0,1
3998,0,0,1,0,0,0,0,1,0,0
4000,0,0,0,0,0,0,0,0,1,1
4003,0,0,0,1,0,0,0,0,1,0
4012,0,1,0,0,0,0,0,0,1,0
4014,0,0,0,1,0,0,0,0,0,0
4016,0,1,0,0,0,0,0,0,0,0
4028,0,0,0,0,0,0,1,0,0,0
4037,0,0,0,0,0,0,0,0,0,1
4051,0,1,0,0,0,0,0,0,0,0
4057,0,1,0,0,0,0,0,0,0,0
4073,0,0,0,0,0,1,0,0,0,0
4089,0,0,0,0,0,0,0,0,0,1
4136,0,0,0,0,0,0,0,0,1,0
4137,1,0,0,0,0,0,0,0,1,0
4138,0,0,0,0,0,0,0,0,0,1
4145,1,0,0,0,0,0,0,0,0,0
4150,0,1,0,0,0,0,0,0,0,0
4155,0,0,0,0,0,0,0,0,1,0
4156,1,0,0,0,0,0,0,0,1,0
4162,0,0,0,0,0,0,0,0,1,0
4166,1,0,0,0,0,0,0,0,0,0
4168,0,0,0,0,0,0,0,0,0,1
4169,0,0,0,0,0,0,0,0,0,1
4176,0,0,0,0,0,0,0,0,1,0
4199,0,0,0,0,0,0,0,0,0,1
4200,0,1,0,0,0,0,0,0,0,0
4206,0,0,0,0,0,0,0,0,1,0
4211,0,1,0,0,0,0,0,0,0,0
4296,0,0,0,0,0,0,1,0,0,0
4305,0,0,0,0,0,0,0,0,0,1
4314,0,0,0,0,0,0,0,0,0,1
4315,0,0,0,0,0,0,0,0,0,1
4323,0,0,0,0,0,0,0,0,1,0
4326,0,0,0,0,0,0,0,0,0,1
4374,0,0,0,0,0,0,0,0,1,0
4421,0,0,0,0,0,0,0,0,0,1
4462,0,0,0,0,0,0,0,0,1,0
4481,0,0,0,0,0,0,0,0,0,1
4513,0,0,0,0,0,0,0,0,1,0
4553,0,0,1,0,0,0,0,0,0,0
4567,0,0,0,0,0,0,0,0,1,0
4593,0,0,0,0,0,0,0,0,0,1
4594,0,0,0,0,0,0,0,0,0,1
4598,0,0,0,1,0,0,0,0,0,0
4599,0,0,0,0,0,0,0,0,0,1
4609,0,1,0,0,0,0,0,0,0,0
4639,0,0,1,0,0,0,0,0,0,0
4686,0,0,0,0,0,0,0,0,1,0
4690,0,0,0,0,0,0,0,0,0,1
4696,0,0,0,0,0,0,0,0,0,1
4716,0,0,0,0,0,0,0,0,0,1
4724,0,0,0,0,0,0,0,0,1,0
4727,0,0,0,0,0,0,1,0,0,0
4741,1,0,1,0,0,0,0,0,1,0
4742,1,0,0,0,0,0,0,0,1,0
4745,0,0,0,0,0,0,0,0,1,0
4746,0,0,0,0,0,0,0,0,0,1
4753,0,0,0,0,0,1,0,0,0,0
4794,0,0,0,1,0,0,0,0,0,0
4795,0,0,0,0,0,0,0,0,0,1
4837,0,0,0,0,0,0,0,0,0,1
4883,0,0,1,0,0,0,0,0,0,0
4884,0,0,0,0,0,0,0,0,1,0
4890,0,0,0,0,0,0,0,0,0,1
4893,0,0,0,0,0,0,0,0,1,0
4898,1,0,0,1,0,0,0,1,1,0
4901,0,0,1,1,0,0,0,0,0,0
4907,0,0,1,0,0,0,0,0,0,0
4912,0,0,0,0,0,0,0,0,0,1
4913,0,0,0,0,0,0,0,0,1,1
4914,0,0,1,0,0,0,0,0,0,0
4919,0,0,0,0,0,0,0,0,1,0
4922,0,0,0,0,0,0,0,0,1,0
4923,0,0,0,0,0,0,0,0,1,0
4927,0,0,1,0,0,0,0,0,0,0
4938,0,0,0,0,0,0,0,0,1,0
4951,0,0,0,0,0,0,0,0,1,0
4981,0,0,0,0,0,0,0,0,0,1
5011,0,0,0,0,0,0,0,0,0,1
5013,0,0,0,0,0,0,0,0,0,1
5014,0,0,1,0,0,0,0,0,0,0
5024,0,0,0,0,0,0,0,0,1,0
5047,0,0,0,0,0,0,0,0,1,0
5083,0,1,0,0,0,0,0,0,0,0
5084,1,0,0,0,0,0,0,0,0,1
5090,0,0,0,0,0,0,0,0,1,0
5096,0,0,0,0,0,0,0,0,1,0
5105,0,1,0,0,0,0,0,0,1,0
5106,0,0,0,0,0,0,0,0,1,0
5114,0,0,0,0,0,0,0,0,1,0
5119,0,1,0,0,0,0,0,0,1,0
5185,0,0,0,0,0,0,0,0,0,1
5197,0,0,0,0,0,0,1,0,0,0
5207,0,0,0,0,0,0,1,0,1,0
5230,0,0,1,0,0,0,0,0,0,0
5240,0,0,0,0,0,0,0,0,1,0
5247,0,0,1,0,0,0,0,0,1,0
5279,1,0,0,0,0,0,0,0,0,0
5281,0,0,0,0,0,0,0,0,1,0
5282,0,0,0,0,0,0,0,0,1,0
5283,1,0,0,0,0,0,0,0,1,0
5292,0,0,0,0,0,0,0,0,1,0
5299,0,0,0,0,0,0,0,0,1,0
5303,0,1,0,0,0,0,0,0,0,0
5307,0,0,0,0,0,1,0,0,0,0
5364,0,0,0,0,0,0,1,0,0,0
5365,0,0,0,0,0,0,0,0,0,1
5387,0,1,0,0,0,0,0,0,1,0
5388,0,0,0,0,0,0,0,0,1,0
5389,0,0,0,0,0,0,0,0,1,0
5404,0,0,0,0,0,0,0,0,0,1
5406,0,0,0,0,0,0,0,0,0,1
5408,0,0,0,0,0,0,0,0,0,1
5436,0,0,0,0,0,0,0,0,0,1
5454,0,0,0,0,0,0,0,0,1,0
5476,0,0,0,0,0,0,0,0,0,1
5482,1,0,0,0,0,0,0,0,0,0
5493,0,0,1,0,0,0,0,0,0,0
5496,0,0,0,0,0,0,0,0,0,1
5497,0,0,0,0,0,0,0,0,0,1
5512,0,1,0,0,0,0,0,0,1,0
5516,0,0,0,0,0,0,0,0,0,1
5526,0,0,0,1,0,0,0,0,1,1
5530,0,0,0,1,0,0,0,0,0,0
5535,0,0,0,0,0,0,0,0,0,1
5541,0,0,0,0,0,0,0,0,0,1
5545,0,0,0,0,0,0,0,0,0,1
5555,0,0,0,1,0,0,0,0,0,0
5556,0,0,1,0,0,0,0,0,0,1
5560,0,0,0,0,0,0,0,0,0,1
5561,0,0,1,0,0,0,0,1,0,0
5562,0,0,1,1,0,0,0,1,0,0
5563,0,0,1,0,0,0,0,0,0,1
5571,0,0,0,0,0,0,0,0,1,0
5575,0,0,0,0,0,0,0,0,1,0
5593,0,0,0,0,0,0,0,0,0,1
5598,0,0,0,0,0,0,0,0,0,1
5604,0,0,0,0,0,0,0,0,1,0
5607,0,0,0,0,0,0,0,0,1,0
5608,0,0,0,0,0,0,0,0,1,0
5650,0,0,0,0,0,0,0,0,0,1
5671,0,0,1,0,0,0,0,0,0,0
5672,0,0,1,0,0,0,0,0,0,0
5673,0,0,0,0,0,0,0,1,0,0
5674,0,0,0,1,0,0,0,0,0,0
5679,0,0,1,0,0,0,0,0,0,0
5680,0,0,0,0,0,0,0,0,1,0
5688,0,0,0,0,0,0,0,0,1,0
5697,0,0,0,0,0,0,0,0,0,1
5713,0,0,0,0,0,0,0,0,0,1
5718,0,0,0,0,0,0,0,0,0,1
5794,0,0,0,0,0,0,0,0,1,0
5830,0,0,0,0,0,0,0,0,1,0
5840,0,0,0,0,0,0,0,0,1,0
5855,0,0,0,0,0,0,0,0,1,0
5882,0,0,0,0,0,0,0,0,0,1
5889,0,0,0,0,0,0,0,0,0,1
5954,0,0,0,0,0,0,0,0,0,1
5968,0,0,0,0,0,0,0,0,1,0
6008,0,0,0,0,0,0,0,0,0,1
6012,0,0,0,0,0,0,0,0,0,1
6046,0,1,0,0,0,0,0,0,0,1
6047,0,0,0,0,0,0,0,0,1,0
6062,0,0,0,0,0,0,0,0,0,1
6063,0,0,0,0,0,0,0,0,1,1
6068,0,0,0,0,0,0,0,0,0,1
6077,0,0,0,0,0,0,0,0,1,0
6092,1,0,0,0,0,0,0,0,0,0
6115,0,0,0,0,0,0,0,0,1,0
6168,0,0,0,0,0,0,0,0,0,1
6173,0,0,0,0,0,0,0,0,0,1
6214,0,0,0,0,0,0,0,0,1,0
6216,0,0,0,0,0,0,1,0,0,0
6222,0,1,0,0,0,0,0,0,0,0
6238,0,0,0,0,0,0,0,0,1,0
6252,0,0,0,0,0,0,0,0,1,0
6279,0,1,0,0,0,0,0,0,1,0
6281,0,0,0,0,0,0,0,0,1,0
6285,0,0,0,0,0,0,1,0,0,0
6295,0,0,0,0,0,0,0,0,1,0
6317,0,0,0,0,0,0,0,0,1,0
6330,0,0,0,0,0,0,0,0,0,1
6333,0,0,0,0,0,0,0,0,0,1
6337,0,1,0,0,0,0,0,0,1,0
6344,0,1,0,0,0,0,0,0,1,0
6352,0,0,0,0,0,0,0,0,1,0
6357,0,0,0,0,0,0,0,0,1,0
6358,0,0,0,0,0,0,0,0,1,0
6359,0,0,0,0,0,0,0,0,1,0
6362,1,0,0,0,0,0,0,0,0,0
6367,0,0,0,1,0,0,0,0,0,0
6369,1,0,0,0,0,0,0,0,0,0
6380,0,0,0,0,0,0,0,0,0,1
6394,0,0,0,0,0,0,0,0,0,1
6420,0,0,0,0,0,0,0,0,0,1
6438,1,0,0,0,0,0,0,0,0,0
6439,0,0,0,0,0,0,0,0,1,0
6449,0,0,0,0,0,0,0,0,1,0
6461,0,0,0,0,0,0,0,0,1,0
6464,0,0,0,0,0,0,0,0,0,1
6468,0,0,0,0,0,0,0,0,0,1
6475,0,0,0,0,0,0,0,0,1,0
6496,0,0,0,0,0,0,0,0,1,0
6497,0,0,0,0,0,0,0,0,1,0
6505,0,0,1,0,0,0,0,0,0,0
6509,0,0,0,0,0,0,0,0,0,1
6525,0,0,0,0,0,0,0,0,1,0
6532,0,0,0,0,0,0,0,0,1,0
6544,0,0,0,0,0,1,0,0,0,0
6553,0,0,0,0,0,0,0,0,1,0
6586,0,0,0,0,0,0,0,0,1,0
6595,0,0,0,0,0,0,0,0,0,1
6603,0,1,0,0,0,0,0,0,1,0
6606,0,0,0,0,0,0,0,0,1,0
6607,0,0,0,0,0,0,0,0,0,1
6634,0,0,0,0,0,0,0,0,1,0
6645,0,0,0,0,0,0,0,0,1,0
6646,0,0,0,0,0,0,0,0,0,1
6653,0,0,0,0,0,0,0,0,1,1
6697,0,0,0,0,0,0,0,0,1,0
6721,0,1,0,0,0,0,0,0,0,0
6729,0,1,0,0,0,0,0,0,1,0
6736,0,0,0,0,0,0,1,0,0,0
6740,0,0,0,1,0,0,0,1,1,0
6749,0,0,1,0,0,0,0,0,0,0
6750,0,0,1,0,0,0,0,0,0,1
6751,0,0,1,0,0,0,0,0,0,0
6752,0,0,1,0,0,0,0,0,0,0
6770,0,0,0,0,0,0,0,0,1,0
6809,1,0,0,0,0,0,0,0,0,0
6817,0,0,0,0,0,0,0,0,0,1
6818,0,0,1,0,0,0,0,0,1,1
6820,0,0,0,0,0,0,0,0,0,1
6836,0,0,0,0,0,0,0,0,1,0
6844,0,0,0,0,0,0,0,0,1,0
6845,0,0,0,0,0,0,0,0,1,0
6848,0,0,0,0,0,0,0,0,1,0
6869,0,0,1,0,0,0,0,0,0,1
6891,0,0,0,0,0,0,0,0,0,1
6899,0,0,0,0,0,0,0,0,0,1
6900,0,0,0,0,0,0,0,0,0,1
6903,0,0,0,0,0,0,0,0,1,0
6945,0,0,0,0,0,0,0,0,1,1
6963,0,0,0,0,0,0,0,0,1,0
6965,0,0,0,0,0,0,0,0,1,0
6968,0,0,0,0,0,0,0,0,1,0
7056,0,0,0,0,0,0,0,0,1,0
7091,0,0,0,0,0,0,0,0,0,1
7107,0,0,1,0,0,0,0,0,0,0
7131,0,0,0,0,0,0,0,0,0,1
7132,0,0,0,0,0,0,0,0,0,1
7143,0,0,0,0,0,1,0,0,1,0
7153,0,0,0,0,0,0,0,0,0,1
7157,0,0,0,0,0,0,0,0,1,0
7167,0,0,0,0,0,0,0,0,1,0
7180,0,0,0,0,0,0,0,0,1,0
7196,0,0,1,0,0,0,0,0,0,0
7209,0,0,1,1,0,0,0,0,0,0
7210,0,0,1,0,0,0,0,0,0,1
7211,0,0,0,0,0,0,0,0,0,1
7232,0,0,0,0,0,0,0,0,0,1
7248,0,0,0,0,0,0,0,0,0,1
7249,1,0,0,0,0,0,0,0,0,0
7271,0,0,0,0,0,0,0,0,0,1
7289,0,0,0,0,0,0,0,0,0,1
7290,0,0,1,0,0,0,0,0,1,0
7291,0,0,1,0,0,0,0,0,0,0
7295,0,0,1,1,0,0,0,1,0,0
7332,0,0,0,0,0,0,0,0,0,1
7337,0,0,0,0,0,0,0,0,0,1
7387,0,0,0,0,0,0,0,0,1,0
7394,0,0,0,0,0,0,0,0,1,0
7423,0,1,0,0,0,0,0,0,1,1
7480,0,0,0,0,0,0,0,0,0,1
7488,0,0,0,0,0,0,0,0,1,0
7492,0,0,1,0,0,0,0,0,0,1
7574,0,0,0,0,0,0,0,0,1,0
7585,0,0,0,0,0,0,0,0,1,0
7604,0,0,0,0,0,0,0,1,0,0
7607,0,0,0,0,0,0,0,1,0,1
7610,0,0,0,0,0,0,0,0,1,0
7612,0,0,0,0,0,0,0,0,0,1
7613,0,0,1,0,0,0,0,0,0,0
7614,0,0,0,0,0,0,0,0,1,0
7620,0,0,0,0,0,0,0,1,0,0
7626,0,0,0,0,0,1,0,0,0,1
7628,0,0,0,0,0,0,0,0,1,0
7629,0,0,0,0,0,0,0,0,1,0
7631,0,0,0,0,0,0,0,0,1,0
7632,0,0,0,0,0,0,0,0,0,1
7675,0,0,0,0,0,0,0,0,1,0
7681,0,0,0,1,0,0,0,0,0,0
7738,0,0,0,0,0,0,0,0,0,1
7740,0,0,1,0,0,0,0,0,0,0
7745,0,0,0,0,1,0,0,0,0,0
7746,0,0,0,0,0,0,0,0,0,1
7759,0,0,0,0,0,0,0,0,0,1
7762,0,0,0,0,1,0,0,0,0,0
7768,0,0,0,0,0,0,0,0,1,0
7773,0,0,0,0,0,0,1,0,0,0
7814,0,0,0,0,0,0,0,0,0,1
7824,0,0,0,0,0,0,0,0,0,1
7826,0,0,0,1,0,0,0,0,1,0
7830,1,0,0,0,0,0,0,0,0,0
7833,0,0,0,0,0,1,0,0,0,0
7836,0,1,0,0,0,0,0,0,1,0
7862,0,0,0,0,0,0,0,0,0,1
7876,0,0,0,0,0,0,0,0,1,0
7905,0,0,0,0,0,0,0,0,0,1
7917,0,0,0,0,0,0,0,0,1,0
7954,0,0,0,0,0,0,0,0,0,1
7955,0,0,1,0,0,0,0,1,0,1
7958,0,0,1,0,0,0,0,0,0,0
7959,0,1,0,0,0,0,0,0,1,0
7971,0,0,0,0,0,0,0,0,0,1
7975,0,0,0,0,0,0,0,0,1,0
7983,0,0,0,0,0,0,0,0,0,1
7988,1,0,0,0,0,0,0,0,0,1
7995,0,0,0,0,0,0,0,0,0,1
8013,0,0,0,0,1,0,0,0,0,0
8045,0,0,0,0,0,0,0,0,1,0
8049,0,0,0,0,0,0,0,0,1,0
8052,0,0,0,0,0,0,0,0,1,0
8088,0,0,0,0,0,0,0,0,1,0
8089,0,0,0,0,0,0,0,0,1,0
8092,0,0,0,0,0,0,0,0,0,1
8102,0,0,0,1,0,0,0,0,0,0
8103,0,1,0,0,0,0,0,0,0,0
8158,0,0,0,0,0,0,0,0,0,1
8172,0,0,0,0,0,0,1,0,0,0
8181,0,0,0,0,0,0,0,0,1,0
8182,0,1,0,0,0,0,0,0,0,0
8187,0,0,0,0,0,0,0,0,1,1
8224,0,0,0,0,0,0,1,0,1,0
8254,0,0,0,0,0,0,0,0,0,1
8255,0,0,0,0,0,0,0,0,0,1
8257,0,0,1,0,0,0,0,0,0,0
8259,0,0,1,0,0,0,0,0,0,0
8260,0,0,1,0,0,0,0,0,0,0
8266,0,0,1,0,0,0,0,0,0,0
8273,0,0,1,0,0,0,0,0,0,0
8290,0,0,0,0,0,0,0,0,0,1
8305,0,0,0,0,0,0,0,0,1,0
8337,0,0,0,0,0,0,0,0,1,0
8372,0,0,0,0,0,0,0,0,1,0
8373,0,0,0,0,0,0,0,0,1,0
8376,0,0,0,0,0,0,0,0,0,1
8398,0,0,0,0,0,0,0,0,0,1
8400,0,0,0,0,0,0,0,0,1,0
8434,0,0,0,0,0,1,0,0,0,0
8444,0,0,0,0,0,0,0,0,0,1
8449,0,0,0,0,0,0,0,0,0,1
8487,0,0,0,0,0,0,0,0,1,0
8492,0,0,0,0,0,0,0,0,1,0
8496,0,0,0,0,0,0,0,0,1,0
8506,0,0,1,0,0,0,0,0,0,0
8520,0,0,0,0,0,0,0,0,0,1
8528,0,0,0,0,0,0,0,0,0,1
8553,0,0,1,0,0,0,0,0,0,1
8554,0,0,1,0,0,0,0,0,0,0
8591,0,0,0,0,0,0,0,0,0,1
8619,0,0,0,0,0,0,0,0,1,0
8641,0,0,0,0,0,0,0,0,1,0
8645,0,0,0,0,0,0,0,0,1,0
8649,0,0,0,0,0,0,0,0,1,0
8679,0,0,0,0,0,0,0,0,1,0
8681,0,0,0,0,0,0,0,0,1,0
8682,0,0,0,0,0,0,0,0,1,0
8722,0,0,1,0,0,0,0,0,0,1
8724,0,0,0,0,0,0,0,0,0,1
8726,0,0,0,0,0,0,0,1,0,1
8728,0,0,0,1,0,0,0,0,0,1
8740,0,0,0,0,0,0,0,0,1,0
8751,0,0,0,0,0,0,0,0,1,0
8821,0,0,0,0,0,0,0,0,0,1
8826,1,0,0,0,0,0,0,0,0,0
8845,0,0,0,0,0,0,0,0,0,1
8849,0,0,0,0,0,1,0,0,0,0
8877,0,0,0,0,0,0,0,0,1,0
8885,0,0,0,0,0,1,0,0,1,0
8888,0,0,0,0,0,0,0,0,1,0
8892,0,0,1,0,0,0,0,1,0,0
8922,0,0,1,0,0,0,0,0,1,1
8924,0,0,1,0,0,0,0,0,0,0
8946,0,0,0,0,0,0,0,0,1,0
8947,0,0,0,0,0,0,0,0,1,0
8948,0,1,0,0,0,0,0,0,1,1
8949,0,0,0,0,0,0,0,0,1,0
8950,0,0,0,0,0,0,1,0,1,0
8955,0,0,0,0,0,0,0,0,1,0
8956,0,0,0,0,0,0,0,0,1,0
8969,0,1,0,0,0,0,0,0,0,0
8971,0,0,0,0,0,0,0,0,1,0
8972,0,0,0,0,0,0,0,0,1,0
8973,0,0,0,0,0,0,0,0,1,0
8974,0,0,0,0,0,0,0,0,1,0
8975,0,0,0,0,0,0,0,0,1,0
8999,0,0,0,0,0,0,0,0,1,0
9001,0,0,0,0,0,0,0,0,1,0
9002,0,1,0,0,0,0,0,0,0,0
9010,0,0,0,0,0,0,0,0,1,0
9030,0,0,0,0,0,0,0,0,0,1
9031,0,0,0,0,0,0,0,0,0,1
9048,0,0,0,0,0,0,0,0,0,1
9054,0,1,0,0,0,0,0,0,1,0
9064,0,0,0,0,0,0,0,0,0,1
9085,0,0,0,0,0,0,0,0,1,0
9152,0,0,0,0,0,0,0,0,1,0
9182,0,0,0,0,0,0,0,0,0,1
9188,0,0,0,0,0,0,0,0,1,0
9213,0,0,0,0,0,0,1,0,0,0
9260,0,0,0,0,0,0,0,0,0,1
9263,0,0,0,0,0,0,0,0,0,1
9272,0,0,0,0,0,0,0,0,0,1
9322,0,0,0,0,0,0,0,0,1,0
9323,0,0,0,0,0,0,0,0,1,0
9328,0,0,0,1,0,0,0,0,0,1
9338,0,0,0,0,0,0,0,0,0,1
9345,0,0,0,0,0,0,0,0,0,1
9408,0,0,0,0,0,0,0,0,1,0
9423,0,0,0,0,0,0,0,0,1,0
9425,0,0,0,0,0,0,0,0,1,0
9455,0,0,0,0,1,0,0,0,0,0
9479,0,0,0,0,0,0,0,0,1,0
9481,0,0,1,0,0,0,0,0,0,0
9485,0,0,0,0,0,0,1,0,1,0
9493,0,0,0,0,0,0,0,0,1,0
9507,0,0,0,0,0,0,0,0,0,1
9527,0,0,0,0,1,0,0,0,1,0
9530,0,0,0,0,0,0,0,0,0,1
9539,0,0,0,0,0,0,0,0,0,1
9588,0,0,0,0,0,0,0,0,0,1
9589,0,0,0,0,0,0,0,0,1,0
9601,0,0,0,0,0,0,0,0,1,0
9603,0,0,0,0,0,0,0,0,0,1
9604,0,0,0,0,0,0,0,0,0,1
9675,1,0,0,0,0,0,0,0,0,0
9695,0,0,0,0,0,0,0,0,1,0
9697,0,0,1,0,0,0,0,0,0,0
9698,0,0,0,0,0,0,0,0,0,1
9713,0,0,0,0,0,0,0,0,1,0
9764,0,0,0,0,0,0,0,0,1,0
9786,0,0,0,0,0,0,0,0,1,0
9789,0,0,0,0,0,0,0,0,1,0
9818,0,1,0,0,0,0,0,0,0,0
9837,0,0,0,0,0,0,0,0,1,0
9848,0,0,0,0,0,0,0,0,1,0
9856,0,0,1,0,0,0,0,0,1,0
9857,0,0,0,0,0,0,0,0,1,0
9866,0,0,0,0,0,0,0,0,1,0
9868,0,0,0,0,0,0,0,0,1,0
9869,0,1,0,0,0,0,0,0,1,0
9871,0,0,0,0,0,0,0,0,1,0
9886,0,0,0,0,0,1,0,0,0,0
9905,0,0,0,0,0,0,0,0,1,0
9906,0,0,0,0,0,0,0,0,1,0
9907,0,0,0,0,0,0,1,0,0,0
9912,0,0,0,0,0,0,0,0,0,1
9918,0,0,1,0,0,0,0,0,0,1
9950,0,0,0,0,0,0,0,0,1,0
10004,0,1,0,0,0,0,0,0,0,0
10005,0,0,0,0,0,0,0,0,1,0
10007,0,0,0,0,0,0,0,0,1,0
10016,0,0,0,0,0,0,0,0,1,0
10017,0,0,0,0,0,0,0,0,1,0
10021,0,0,0,0,0,0,0,0,1,0
10022,0,0,0,1,0,0,0,0,0,1
10026,0,0,0,0,0,0,0,0,1,0
10028,0,0,0,0,0,0,0,0,1,0
10030,0,0,0,0,0,0,0,0,0,1
10031,0,0,0,0,0,0,0,0,0,1
10037,0,0,0,0,0,0,0,1,0,0
10039,0,1,0,0,0,0,0,0,1,0
10044,0,0,0,0,0,0,0,0,1,0
10079,0,0,0,0,0,0,0,0,0,1
10116,0,0,0,0,0,0,0,0,1,0
10133,0,0,0,0,0,0,0,0,1,0
10142,0,0,0,0,0,0,0,0,0,1
10143,0,0,0,0,0,0,0,1,0,0
10144,0,0,0,0,0,0,0,0,0,1
10147,0,0,0,0,0,0,0,0,0,1
10173,0,0,0,0,0,0,0,0,0,1
10177,0,0,0,0,0,1,0,0,0,0
10182,0,0,0,0,0,0,0,0,1,0
10184,0,0,0,0,0,0,0,0,1,0
10196,0,0,0,0,0,0,1,0,0,0
10197,0,0,0,0,0,1,0,0,1,0
10198,0,0,0,0,0,0,0,0,1,0
10200,0,0,0,0,0,0,0,0,1,0
10206,1,0,0,0,0,0,0,0,0,0
10213,0,0,0,0,0,0,0,0,0,1
10215,0,0,0,0,0,0,0,0,0,1
10218,0,0,0,0,0,0,0,0,1,0
10253,0,0,0,0,0,0,0,0,1,0
10278,0,0,0,0,0,0,0,0,1,0
10293,1,0,0,1,0,0,0,0,1,0
10300,0,0,0,0,0,0,0,0,1,0
10301,0,0,0,0,0,0,0,0,1,0
10343,0,0,0,0,0,0,0,0,1,0
10350,0,0,0,0,0,0,0,0,0,1
10371,0,0,0,0,0,0,0,0,0,1
10395,0,0,0,0,0,0,0,0,0,1
10411,0,0,0,0,0,0,0,0,1,0
10423,0,0,0,0,0,0,0,0,0,1
10426,0,0,0,0,0,0,0,0,0,1
10427,0,0,0,0,0,0,0,0,0,1
10454,0,1,0,0,0,0,0,0,0,0
10456,0,0,0,0,0,0,0,0,1,0
10489,0,0,1,0,0,0,0,0,0,0
10584,0,0,0,0,0,0,0,0,0,1
10596,0,0,0,0,0,0,0,0,0,1
10598,0,0,1,0,0,0,0,0,0,1
10600,1,0,1,0,0,0,0,0,0,1
10606,1,0,1,0,0,0,0,0,0,0
10607,0,0,1,0,0,0,0,0,0,1
10620,0,0,0,0,0,1,0,0,0,0
10639,0,0,0,0,0,0,0,0,0,1
10648,1,1,0,0,0,0,0,0,0,0
10653,0,0,0,0,0,0,0,0,1,0
10654,1,0,0,0,0,0,0,0,0,0
10681,0,0,0,0,0,0,0,0,1,0
10692,0,0,0,0,0,0,0,0,1,0
10699,0,0,0,0,0,0,0,0,1,0
10735,0,0,0,0,0,0,0,0,0,1
10740,0,0,0,0,0,0,0,0,1,0
10744,0,0,0,0,0,0,0,0,1,0
10746,0,0,0,0,0,0,0,0,0,1
10747,0,0,1,0,0,0,0,0,0,0
10751,0,1,0,0,0,0,0,0,0,0
10756,0,0,0,0,0,0,0,0,1,0
10775,0,0,0,0,0,0,0,0,1,0
10781,0,0,0,0,0,0,0,0,1,0
10806,0,0,0,0,0,0,0,0,0,1
10819,0,0,0,0,0,0,0,0,0,1
10822,0,0,0,1,0,0,0,0,0,1
10823,0,0,1,0,0,0,0,0,0,1
10824,0,0,0,1,0,0,0,0,0,1
10839,0,0,0,0,0,0,0,0,0,1
10898,0,0,1,0,0,0,0,0,0,0
10934,0,0,0,0,0,0,0,0,0,1
10938,0,0,0,0,0,0,0,0,1,0
10983,0,0,0,0,0,0,0,0,0,1
10994,0,0,0,0,0,0,0,0,1,0
10997,0,0,0,0,0,0,0,0,1,0
10998,0,0,0,0,0,0,0,0,1,0
11026,0,0,0,0,0,0,0,0,1,0
11028,0,0,0,0,0,0,0,0,0,1
11035,0,0,0,1,0,0,0,0,0,0
11043,0,0,0,0,0,0,0,0,1,0
11056,0,0,1,0,0,0,0,0,1,0
11058,0,0,0,0,0,0,0,0,1,0
11059,0,0,0,0,0,0,0,0,1,0
11060,0,0,0,0,0,0,0,0,0,1
11073,0,0,0,0,0,0,0,0,1,0
11104,0,0,0,0,0,0,0,1,0,0
11107,0,0,1,0,0,0,0,0,0,0
11108,0,0,0,0,0,0,0,0,1,0
11122,0,0,0,0,0,0,0,0,1,0
11142,0,0,1,0,0,0,0,0,0,0
11143,0,0,1,0,0,0,0,0,0,0
11185,0,0,0,0,1,0,0,0,0,0
11195,0,0,0,0,0,0,0,0,1,0
11209,0,0,0,0,0,0,0,0,1,0
11211,0,1,0,0,0,0,0,0,0,0
11218,0,0,0,0,0,0,1,0,1,0
11219,0,0,0,0,0,0,1,0,0,0
11226,0,0,0,0,0,0,0,0,1,0
11233,0,0,0,0,0,0,0,0,0,1
11248,0,0,1,0,0,0,0,0,0,1
11253,0,0,0,0,0,0,0,0,0,1
11260,0,0,0,0,0,0,0,0,0,1
11261,0,0,0,1,0,0,0,1,0,1
11267,0,0,0,0,0,0,0,0,0,1
11268,0,0,0,0,0,0,0,0,1,0
11286,0,0,0,0,0,1,0,0,0,0
11289,0,0,0,0,0,0,0,0,0,1
11302,0,0,1,0,0,0,0,0,0,0
11327,0,0,0,0,0,0,0,0,1,0
11341,0,0,0,0,0,0,0,0,1,0
11365,0,0,0,0,0,0,0,0,0,1
11374,0,0,0,0,0,0,0,0,0,1
11375,0,0,0,0,0,0,0,0,0,1
11379,0,0,0,0,0,0,0,0,0,1
11413,0,0,0,0,0,0,0,0,1,0
11415,0,0,0,0,0,0,0,0,1,1
11417,0,0,0,0,0,0,0,0,1,0
11441,0,0,0,0,0,0,0,0,1,0
11466,0,0,1,0,0,0,0,0,0,0
11490,0,0,0,0,0,0,1,0,0,0
11495,0,1,0,0,0,0,0,0,0,0
11496,0,0,0,0,0,0,0,0,1,0
11499,0,1,0,0,0,0,0,0,1,0
11503,0,0,0,0,0,0,0,0,0,1
11511,0,0,0,0,0,0,0,0,1,0
11513,0,0,0,0,0,0,0,0,1,0
11531,0,0,0,0,0,0,0,0,0,1
11533,0,0,0,0,0,0,0,1,1,1
11534,0,0,0,1,0,0,0,0,0,0
11536,0,0,1,0,0,0,0,0,0,0
11540,0,0,0,0,0,0,0,1,0,0
11541,0,0,1,0,0,0,0,0,0,0
11549,0,0,0,0,0,0,0,0,1,0
11589,0,0,0,0,0,0,0,0,1,0
11617,0,0,0,0,0,0,0,0,1,0
11624,0,0,0,0,0,0,0,0,1,0
11633,0,0,0,0,0,0,0,0,1,0
11719,0,0,0,0,0,0,0,0,1,0
11738,0,0,0,0,0,0,0,0,1,0
11739,0,1,0,0,0,0,0,0,1,0
11763,0,0,0,0,0,0,0,0,0,1
11786,0,0,0,0,0,0,0,0,1,0
11796,0,0,0,0,0,0,0,0,1,0
11820,0,0,0,0,0,0,0,0,0,1
11824,0,0,0,0,0,0,0,0,0,1
11826,0,0,0,0,0,0,0,0,1,0
11833,0,0,0,0,0,0,0,0,0,1
11863,0,0,0,0,0,0,0,0,1,0
11893,0,0,0,0,0,0,0,0,1,0
11912,0,0,0,0,0,0,0,0,0,1
11925,0,0,0,0,0,0,0,0,1,0
11947,0,0,0,0,0,0,0,0,1,0
11948,0,0,0,0,0,0,0,0,1,0
11962,0,0,0,0,0,0,0,0,0,1
11963,0,0,0,0,0,0,0,0,0,1
11974,0,1,0,0,0,0,0,0,0,0
11984,0,1,0,0,0,0,0,0,1,0
12010,0,0,0,0,0,0,0,0,1,0
12012,0,0,0,0,0,1,0,0,0,0
12029,0,0,0,0,0,0,0,0,0,1
12092,0,0,0,0,0,0,0,0,0,1
12098,0,0,0,0,0,0,0,0,0,1
12167,0,0,0,0,0,0,0,0,1,0
12172,0,0,0,0,0,0,0,0,1,0
12187,0,0,0,0,0,0,0,0,0,1
12195,0,0,0,0,0,0,0,0,1,0
12197,0,0,0,0,0,0,0,0,1,0
12199,1,0,0,0,0,1,0,0,0,0
12204,0,0,0,0,0,0,0,0,0,1
12225,0,0,0,0,0,0,0,0,1,0
12229,0,0,0,0,0,0,0,0,0,1
12234,0,1,0,0,0,0,0,0,0,0
12237,0,0,0,0,0,0,0,0,1,0
12241,0,0,0,0,1,0,0,0,0,0
12259,0,0,0,0,0,0,0,0,0,1
12260,0,0,0,0,0,0,0,0,0,1
12268,0,0,0,0,0,1,0,0,0,0
12276,0,0,0,0,0,1,0,0,0,0
12285,0,0,0,0,0,0,0,0,1,0
12292,0,0,0,1,0,0,0,0,0,0
12293,0,0,1,0,0,0,0,0,0,1
12295,0,0,1,0,0,0,0,0,0,0
12310,0,0,0,1,0,0,0,1,0,1
12312,0,0,0,0,0,0,0,0,1,0
12317,0,0,0,0,0,0,0,0,1,0
12331,0,0,0,0,0,0,0,0,1,0
12340,0,0,0,0,1,0,0,0,0,0
12345,0,0,0,0,0,0,0,0,0,1
12367,0,0,0,0,0,0,0,0,0,1
12391,1,0,0,0,0,0,0,0,0,0
12392,0,0,0,0,0,0,0,0,1,0
12450,0,0,1,0,0,0,0,0,0,0
12451,0,0,0,0,0,0,0,0,0,1
12453,0,0,0,0,0,0,0,0,0,1
12454,0,0,1,0,0,0,0,1,0,0
12458,0,0,1,0,0,0,0,0,0,0
12492,0,0,0,0,0,0,0,0,1,0
12524,0,0,1,0,0,0,0,0,0,0
12528,0,0,0,0,0,0,0,0,1,0
12529,0,0,0,0,0,0,0,0,1,0
12590,0,0,1,0,0,0,0,0,0,0
12607,0,0,0,0,0,0,0,0,1,0
12608,0,0,0,0,0,0,1,0,0,0
12621,0,0,0,0,0,0,0,0,1,0
12641,0,0,0,0,0,1,0,0,0,0
12646,0,0,0,0,0,0,0,0,0,1
12652,1,0,0,0,0,0,0,0,1,0
12654,1,0,0,0,0,0,0,0,0,0
12656,0,0,0,0,0,0,0,0,0,1
12658,0,0,0,0,0,1,0,0,0,0
12663,0,0,0,0,0,0,0,0,0,1
12669,0,1,0,0,0,0,0,0,0,0
12673,0,0,0,0,0,0,0,0,1,0
12712,0,0,1,0,0,0,0,0,0,0
12720,0,0,0,0,0,0,0,0,1,0
12723,1,1,0,0,0,0,0,0,0,0
12762,0,0,0,0,0,0,0,0,1,0
12764,0,0,0,0,0,0,0,0,1,0
12769,0,0,0,0,0,0,0,0,0,1
12780,0,0,0,0,0,0,0,0,0,1
12782,0,0,0,0,0,0,0,0,0,1
12799,0,0,0,0,0,0,0,0,1,0
12807,0,0,0,0,0,0,0,0,1,0
12822,0,0,1,0,0,0,0,0,0,0
12843,0,0,0,0,0,0,0,0,1,0
12927,0,0,0,0,0,0,0,0,0,1
12934,0,0,0,0,0,0,0,0,0,1
12966,0,0,0,0,0,0,0,0,0,1
12979,0,0,1,0,0,0,0,0,0,0
13007,0,0,0,0,0,0,0,0,1,0
13009,0,0,1,0,0,0,0,0,0,0
13019,0,0,0,0,0,0,0,0,1,0
13023,0,0,0,0,0,0,0,0,0,1
13036,0,0,1,0,0,0,0,0,0,0
13037,0,0,1,0,0,0,0,0,1,0
13052,0,0,0,0,0,1,0,0,0,0
13072,0,1,0,0,0,0,0,0,0,0
13087,0,0,0,0,0,0,0,0,1,0
13088,0,0,0,0,0,0,0,0,1,0
13092,0,0,1,0,0,0,0,0,0,0
13102,0,1,0,0,0,0,0,0,0,0
13104,0,0,0,0,0,1,0,0,0,0
13125,0,0,0,0,0,0,0,0,0,1
13131,0,0,0,0,0,0,0,0,0,1
13134,0,0,0,0,0,0,0,1,0,0
13135,0,0,1,0,0,0,0,0,0,0
13136,0,0,0,0,0,0,0,0,0,1
13160,0,0,0,0,0,0,0,0,0,1
13191,0,0,0,0,1,0,0,0,0,0
13197,0,0,0,0,0,0,1,0,0,0
13207,0,0,0,0,0,0,0,0,1,0
13210,0,0,0,1,0,0,0,0,0,0
13219,0,1,0,0,0,0,0,0,0,0
13228,0,0,0,0,0,0,0,0,0,1
13238,0,0,0,0,0,0,0,0,1,0
13250,0,0,0,0,0,1,0,0,0,0
13281,0,0,0,0,0,0,0,0,1,0
13287,0,0,0,0,0,0,0,0,1,0
13288,0,0,0,0,0,0,0,0,1,0
13289,0,0,0,0,0,0,0,0,1,0
13316,0,0,0,0,0,0,0,0,1,0
13321,0,0,0,0,0,0,1,0,0,0
13322,0,0,0,0,0,0,0,0,1,0
13362,0,0,0,0,0,0,0,0,1,0
13363,0,0,1,0,0,0,0,0,0,0
13364,0,0,0,1,0,0,0,0,0,0
13365,0,1,1,0,0,0,0,0,0,1
13370,0,0,1,1,0,0,0,0,0,0
13371,0,0,1,0,0,0,0,0,0,0
13378,0,0,1,0,0,0,0,0,1,0
13382,1,0,0,0,0,0,0,0,0,1
13383,0,0,1,0,0,0,0,0,0,0
13398,0,0,0,0,0,0,0,0,1,0
13403,0,0,0,0,0,0,0,0,0,1
13409,0,0,0,0,0,0,0,0,0,1
13410,0,0,1,0,0,0,0,0,0,0
13442,0,0,0,0,0,0,0,0,0,1
13455,0,0,0,0,0,0,0,0,1,0
13458,0,0,0,0,0,0,0,0,1,0
13462,0,0,0,0,0,0,0,0,0,1
13492,0,0,0,0,0,0,0,0,0,1
13493,0,0,0,0,0,0,0,0,0,1
13501,0,0,0,0,0,0,0,0,0,1
13506,0,1,0,0,0,0,0,0,0,0
13514,0,0,0,0,0,0,0,0,0,1
13522,0,0,0,0,0,1,0,0,1,0
13542,0,0,0,0,0,0,0,0,1,0
13544,0,0,0,0,0,0,0,0,1,0
13562,0,0,0,0,0,0,0,0,0,1
13581,0,0,0,0,0,0,0,0,1,0
13611,0,0,0,0,0,0,0,0,1,0
13640,0,0,1,0,0,0,0,0,0,0
13643,0,0,0,0,0,0,0,1,0,0
13650,0,1,0,0,0,0,0,0,0,0
13652,0,0,0,0,0,0,0,0,1,0
13664,0,0,0,0,0,0,0,0,1,0
13689,0,0,0,0,0,0,0,0,1,0
13705,0,0,0,0,0,0,0,0,0,1
13708,0,0,0,0,0,0,0,0,0,1
13709,0,0,0,0,0,0,0,0,0,1
13715,0,0,0,0,0,0,0,0,1,0
13724,0,0,0,0,0,0,0,0,1,0
13726,0,0,0,0,0,0,0,0,1,0
13730,0,0,0,0,0,0,0,0,0,1
13741,0,0,0,0,0,0,0,0,0,1
13743,0,0,0,0,0,0,0,0,0,1
13745,0,0,0,0,0,0,0,0,1,0
13747,1,0,0,0,0,0,0,0,1,0
13751,0,0,0,0,0,0,0,0,1,0
13753,0,0,0,0,0,0,0,0,0,1
13754,0,0,0,0,0,0,0,0,0,1
13757,0,0,0,0,0,0,0,0,0,1
13766,0,0,0,0,0,0,0,0,0,1
13768,0,0,0,0,0,0,1,0,0,0
13771,0,0,1,0,0,0,1,0,0,0
13772,0,0,1,0,0,0,1,0,0,0
13862,0,0,0,0,0,0,0,0,0,1
13864,0,0,0,0,0,0,0,0,0,1
13866,0,0,0,0,0,0,0,0,0,1
13867,0,1,0,0,0,0,0,0,1,0
13869,0,0,0,0,0,0,0,0,1,0
13870,0,0,0,0,0,0,0,0,1,0
13911,0,0,0,0,0,0,0,0,1,0
13915,0,0,0,0,0,1,0,0,0,0
13926,0,0,1,0,0,0,0,0,1,0
13927,0,0,0,0,0,0,0,0,1,0
13946,0,1,0,0,0,0,0,0,1,0
13950,0,0,0,0,0,0,0,0,0,1
13960,0,0,0,0,0,0,0,0,0,1
13964,0,0,0,0,0,0,0,0,1,1
14003,0,1,0,0,0,0,0,0,0,0
14043,0,0,0,0,0,0,0,0,1,0
14046,0,0,0,0,0,1,0,0,0,0
14050,0,0,0,0,0,0,0,0,1,0
14065,0,0,0,0,0,0,1,0,0,0
14096,0,0,0,0,0,0,0,0,1,0
14115,0,0,0,0,0,0,0,0,0,1
14120,0,1,0,0,0,0,0,0,1,0
14156,0,0,0,0,0,0,0,0,1,0
14157,0,0,0,1,0,0,0,0,1,1
14173,0,0,0,0,0,0,0,0,1,0
14174,0,0,0,0,0,0,0,0,0,1
14179,0,0,0,0,0,0,0,0,1,0
14199,0,0,0,0,0,0,0,0,1,0
14209,0,0,0,0,0,0,0,0,1,0
14214,0,0,0,0,0,0,0,0,1,0
14215,0,0,0,0,0,0,0,0,1,0
14243,0,0,0,0,0,0,0,0,0,1
14250,0,0,0,0,0,0,0,0,1,0
14251,0,0,0,0,0,1,0,0,0,0
14254,0,0,0,1,0,0,0,0,0,0
14256,0,0,0,0,0,0,0,0,1,0
14259,0,0,0,0,0,0,0,0,0,1
14261,0,0,0,0,0,0,0,0,1,0
14264,0,0,0,0,0,0,0,0,1,0
14292,0,0,0,0,0,0,0,0,0,1
14301,0,0,0,0,0,0,0,0,1,0
14340,0,0,0,0,1,0,0,0,0,0
14355,0,1,0,0,0,0,0,0,0,0
14377,0,0,0,0,1,0,0,0,0,0
14386,0,0,0,0,0,0,0,0,1,0
14387,0,0,0,0,0,0,0,1,0,1
14388,1,0,0,0,0,0,0,0,0,0
14393,0,0,0,0,0,0,0,0,1,0
14396,0,0,0,0,0,0,0,0,1,0
14402,0,0,0,0,0,0,0,0,0,1
14403,0,0,0,0,0,0,0,0,0,1
14406,0,0,0,0,0,0,0,0,0,1
14423,0,0,0,0,0,0,0,0,0,1
14425,0,0,0,0,0,0,0,0,0,1
14430,0,0,0,0,0,0,0,0,1,0
14435,0,0,1,0,0,0,0,0,0,0
14439,0,0,0,0,0,0,0,0,1,0
14441,0,0,0,0,0,0,0,0,0,1
14442,0,0,0,0,0,0,0,0,0,1
14443,0,0,1,0,0,0,0,0,0,1
14444,0,0,0,0,0,0,0,0,1,0
14445,0,0,0,0,0,0,0,0,0,1
14447,0,0,0,0,0,0,0,0,0,1
14458,0,0,1,0,0,0,0,0,0,0
14461,0,0,1,0,0,0,0,0,0,0
14475,0,0,0,0,0,1,0,0,0,0
14485,0,0,0,0,0,0,0,0,0,1
14486,0,1,0,0,0,0,0,0,0,0
14487,0,0,0,1,0,0,0,0,0,0
14491,0,0,1,0,0,0,0,0,0,0
14495,0,0,0,0,0,0,0,0,1,1
14497,0,0,0,0,0,0,0,0,1,0
14535,0,0,0,0,0,0,0,0,1,0
14579,0,0,0,0,0,0,0,1,0,0
14586,0,0,0,0,0,0,0,0,0,1
14609,0,0,0,0,0,0,0,0,1,0
14613,0,0,0,0,0,0,0,0,1,0
14623,0,0,0,0,0,0,0,0,0,1
14652,0,0,0,0,0,0,0,0,1,0
14657,0,0,0,0,0,0,0,0,1,0
14672,0,0,0,0,0,0,0,0,1,0
14687,0,0,0,0,0,0,0,0,0,1
14695,1,0,0,0,0,0,0,0,0,0
14702,0,0,0,0,0,0,0,0,0,1
14706,0,0,0,0,0,0,0,0,0,1
14707,0,0,0,0,0,0,0,0,0,1
14732,0,0,0,0,0,0,1,0,0,0
14748,0,0,0,0,0,0,0,0,1,0
14751,0,0,0,0,0,0,0,0,1,0
14753,0,0,0,0,0,0,0,0,1,0
14755,0,0,0,0,0,0,0,0,1,0
14800,0,0,0,0,0,0,0,0,1,1
14808,0,0,0,0,0,0,0,0,1,0
14817,0,0,0,0,0,0,0,0,1,0
14819,0,0,0,0,0,0,0,0,0,1
14820,0,0,1,1,0,0,0,0,0,0
14843,0,0,0,0,0,0,0,0,0,1
14844,0,0,0,0,0,0,0,0,0,1
14847,0,0,0,0,0,0,0,0,0,1
14894,0,0,0,0,0,0,0,0,1,0
14914,0,0,0,0,0,0,0,0,1,0
14916,0,0,0,0,0,0,0,0,1,0
14947,0,0,0,0,0,0,0,0,0,1
14972,0,0,0,0,0,0,0,0,1,0
14974,0,0,0,0,0,0,0,0,1,0
14978,0,0,0,0,0,0,0,0,1,0
14988,0,0,0,0,0,0,0,0,0,1
14991,1,0,0,0,0,0,0,0,1,0
15005,0,0,0,0,0,0,0,0,1,0
15007,0,0,0,0,0,0,0,0,1,0
15010,0,0,0,0,0,1,0,0,0,0
15011,0,0,0,0,0,0,0,0,1,0
15025,0,0,0,0,0,0,0,0,1,0
15026,0,0,0,0,0,0,0,0,1,0
15049,0,0,1,0,0,0,0,0,0,0
15070,0,0,1,0,0,0,0,0,0,0
15072,1,0,0,0,0,1,0,0,0,0
15095,0,0,0,0,1,0,0,0,0,0
15112,0,0,0,0,0,0,0,0,0,1
15132,0,0,0,0,0,0,0,0,1,0
15182,0,0,0,0,0,0,0,0,1,0
15183,0,0,0,0,0,1,0,0,0,0
15192,0,0,0,0,0,0,0,0,0,1
15196,0,0,0,0,0,0,0,1,0,0
15213,0,0,1,0,0,0,0,0,0,0
15223,0,0,0,0,0,0,0,0,1,0
15236,0,0,0,0,0,1,0,0,0,0
15247,0,0,0,0,0,0,0,0,1,0
15268,0,0,0,0,0,0,0,0,1,0
15281,0,0,0,0,0,0,0,0,0,1
15289,0,0,0,0,0,0,0,0,1,0
15299,0,0,0,0,0,0,0,0,0,1
15304,0,0,0,0,0,0,0,0,0,1
15320,0,0,0,0,0,0,0,0,1,0
15334,0,0,0,0,0,0,0,0,1,0
15338,0,0,0,0,0,0,0,0,1,0
15353,0,0,0,0,0,0,0,0,1,0
15354,0,1,0,0,0,0,0,0,1,0
15386,0,1,0,0,0,0,0,0,0,0
15398,0,0,0,0,0,0,0,0,0,1
15417,0,0,0,0,0,0,0,0,0,1
15423,0,0,1,0,0,0,0,0,0,0
15429,0,0,1,0,0,0,0,0,0,0
15430,0,0,1,0,0,0,0,0,0,0
15467,0,0,0,0,0,0,0,0,1,0
15494,0,0,0,0,0,0,0,0,0,1
15497,0,0,0,0,0,0,0,0,0,1
15504,0,0,0,0,0,0,0,0,1,0
15512,0,0,1,0,0,0,0,0,0,0
15514,0,0,0,0,0,0,0,0,1,0
15523,0,0,0,0,0,0,0,0,0,1
15531,0,0,0,0,0,0,0,0,0,1
15533,0,0,0,0,0,0,0,0,0,1
15536,1,0,0,0,0,0,0,0,0,0
15537,0,0,0,0,0,0,0,0,0,1
15544,0,0,0,0,0,0,0,1,0,0
15566,1,0,0,0,0,0,0,0,0,1
15567,0,0,0,0,0,0,0,0,0,1
15590,0,0,0,0,0,0,0,0,0,1
15592,0,0,0,0,0,0,0,0,0,1
15594,0,0,0,0,0,0,0,0,0,1
15595,0,1,0,0,0,0,0,0,0,0
15602,0,0,0,0,0,0,0,1,0,0
15606,0,0,0,0,0,0,0,0,1,0
15631,0,0,0,0,0,0,0,0,1,0
15637,0,0,0,0,0,0,0,0,0,1
15638,0,0,0,0,0,0,0,0,0,1
15644,1,0,0,0,0,0,0,0,0,0
15686,0,0,0,0,0,0,0,0,1,0
15698,0,0,0,0,0,0,0,0,0,1
15726,0,1,0,0,0,0,0,0,0,0
15756,0,0,0,0,0,0,0,0,1,0
15763,0,0,0,0,0,0,0,0,0,1
15786,0,0,1,0,0,0,0,0,0,0
15806,0,0,0,0,0,0,0,0,0,1
15811,0,0,0,0,0,0,0,0,0,1
15828,0,0,0,0,0,0,0,0,1,0
15847,0,0,0,0,0,0,0,0,1,0
15862,0,0,0,0,0,0,1,0,0,0
15863,0,0,0,0,0,0,0,0,1,0
15866,0,0,0,0,0,0,0,0,0,1
15895,0,0,0,0,0,0,1,0,1,0
15896,0,0,0,0,0,0,1,0,0,0
15902,0,0,0,0,0,0,0,0,0,1
15929,0,0,0,0,0,0,0,0,1,0
15937,0,0,0,0,0,0,0,0,1,0
15955,0,0,0,0,0,0,0,0,1,0
15966,0,0,0,0,0,0,0,0,1,0
15987,0,0,1,0,0,0,0,0,0,0
15996,0,0,0,0,0,0,0,0,0,1
16001,0,0,0,0,0,0,0,0,1,0
16059,0,0,0,0,0,0,0,0,1,0
16070,0,0,0,0,0,0,0,0,1,0
16073,0,0,0,0,0,0,0,0,1,0
16087,0,0,0,1,0,0,0,0,1,0
16096,0,0,0,0,0,0,0,0,0,1
16097,0,0,0,0,0,0,0,0,0,1
16106,0,0,0,0,0,0,0,0,0,1
16112,0,0,0,0,0,0,0,0,0,1
16114,0,0,0,0,0,0,0,0,0,1
16159,0,0,0,0,0,0,0,0,1,0
16162,0,0,0,0,0,0,0,0,1,0
16164,0,1,0,0,0,0,0,0,0,0
16179,0,0,0,0,0,0,0,0,0,1
16192,0,0,0,0,0,0,0,0,1,0
16204,0,0,1,0,0,0,0,0,0,0
16208,0,0,1,0,0,0,0,0,0,0
16215,0,0,0,0,0,0,0,0,1,0
16234,0,0,0,0,1,0,0,0,0,0
16276,0,0,0,1,0,0,0,0,0,1
16281,0,0,0,0,0,0,0,0,0,1
16284,0,0,0,0,0,0,0,0,0,1
16285,0,0,0,0,0,0,0,0,0,1
16288,0,0,0,0,0,0,0,0,1,0
16295,0,0,0,0,0,0,0,0,0,1
16297,0,1,0,0,0,0,0,0,0,0
16306,0,0,1,0,0,0,0,0,0,0
16307,0,0,0,0,0,0,0,0,0,1
16308,0,0,1,0,0,0,0,0,0,0
16309,0,0,0,0,0,0,0,0,1,0
16310,0,0,0,0,0,0,0,0,0,1
16312,0,0,1,0,0,0,0,0,0,0
16344,0,0,0,0,0,1,0,0,0,0
16352,0,0,1,0,0,0,0,0,0,0
16357,0,0,0,0,0,0,0,0,1,0
16364,0,0,0,0,0,0,0,0,1,0
16366,0,0,0,0,0,0,0,0,1,0
16380,0,0,0,0,0,0,0,0,0,1
16395,0,0,0,0,0,0,0,0,0,1
16397,0,0,0,0,0,0,0,0,0,1
16399,0,0,0,0,0,0,0,0,0,1
16412,0,0,0,0,0,0,0,0,0,1
16433,0,0,0,0,0,0,0,0,1,0
16474,0,0,0,0,0,0,0,0,1,0
16478,0,0,0,0,0,0,1,0,0,0
16479,0,0,0,0,0,0,1,0,0,0
16482,0,0,0,0,0,0,0,0,1,0
16496,0,0,0,0,0,0,0,0,0,1
16525,0,0,0,0,0,0,0,0,0,1
16539,0,0,0,0,0,0,0,0,0,1
16553,0,0,0,0,0,0,0,0,1,0
16597,0,0,0,0,0,0,0,0,1,0
16599,0,0,0,0,0,0,0,0,1,0
16612,0,0,0,0,0,0,0,0,0,1
16620,0,0,0,0,0,0,0,1,0,0
16623,0,0,0,1,0,0,0,0,1,0
16632,0,0,0,0,0,0,0,0,0,1
16639,0,0,0,0,0,0,0,0,1,0
16672,0,0,0,0,0,0,0,0,0,1
16674,0,0,0,0,0,0,0,0,1,0
16677,0,0,0,0,0,0,0,0,1,0
16696,0,0,0,0,0,0,0,0,1,0
16716,0,1,0,0,0,0,0,0,0,0
16725,0,0,0,0,0,0,0,0,0,1
16726,0,0,1,0,0,0,0,0,0,0
16740,0,0,0,0,0,0,0,0,0,1
16771,0,0,0,0,0,0,0,0,0,1
16787,0,0,0,0,0,0,0,0,1,0
16797,0,0,0,0,0,1,0,0,1,0
16802,0,0,0,0,0,0,0,0,1,0
16804,0,0,0,0,0,0,0,0,1,0
16805,0,0,0,0,0,0,0,0,1,0
16823,0,0,0,0,0,0,1,0,0,0
16830,0,0,0,0,0,0,1,0,0,0
16836,0,0,0,0,0,0,0,0,1,0
16837,0,0,0,0,0,0,0,0,1,0
16846,0,0,0,0,0,0,0,0,0,1
16876,0,0,0,0,0,0,0,0,0,1
16887,0,0,0,0,0,0,0,0,1,0
16921,0,0,0,0,0,0,0,0,0,1
16960,0,0,1,0,0,0,0,0,0,0
16963,0,0,0,0,0,0,0,0,0,1
16979,0,0,0,0,0,0,0,0,0,1
17040,0,0,0,0,0,0,0,0,1,0
17057,0,0,0,0,0,0,0,0,1,0
17098,0,0,0,0,0,0,0,0,0,1
17155,0,0,0,0,0,1,0,0,1,0
17213,0,0,0,0,0,0,0,0,1,0
17218,0,0,1,0,0,0,0,1,0,0
17230,0,0,0,0,1,0,0,0,0,0
17243,0,0,0,0,0,0,0,0,1,0
17250,0,0,0,0,0,0,0,0,0,1
17263,0,0,0,0,0,0,0,0,1,0
17274,0,0,0,0,0,0,0,0,0,1
17275,0,0,0,0,0,0,0,0,0,1
17276,0,0,0,0,0,0,0,0,0,1
17278,0,0,1,0,0,0,0,0,0,0
17291,0,0,0,0,0,1,0,0,1,0
17313,0,0,0,0,0,0,0,0,0,1
17314,0,0,0,0,0,0,0,0,0,1
17324,0,0,0,0,0,0,0,0,0,1
17340,0,0,0,0,0,1,0,0,0,0
17354,0,0,0,0,0,0,0,0,0,1
17375,0,0,0,0,0,0,0,0,0,1
17376,0,0,1,0,0,0,0,0,0,0
17379,0,0,1,0,0,0,0,0,0,0
17384,0,0,0,0,0,0,0,0,0,1
17389,0,0,0,0,0,0,0,0,1,0
17391,0,0,0,0,0,0,0,0,1,0
17394,0,0,0,0,0,0,0,0,1,0
17412,0,0,0,0,0,0,0,0,0,1
17429,1,0,0,0,0,0,0,0,1,1
17432,0,0,1,0,0,0,0,0,0,0
17444,0,0,0,0,0,0,0,0,0,1
17458,0,0,0,0,0,0,0,0,0,1
17460,0,0,0,0,0,0,0,0,1,0
17488,0,0,0,0,0,0,0,0,0,1
17490,0,0,0,0,0,0,0,0,0,1
17500,0,0,0,0,1,0,0,0,0,0
17509,0,0,0,0,0,0,0,0,1,0
17512,0,0,0,0,0,0,0,0,1,0
17514,0,0,0,0,0,0,0,0,1,0
17565,1,0,0,0,0,0,0,0,0,0
17568,1,0,0,0,0,1,0,0,0,0
17573,0,0,0,0,0,0,0,0,1,0
17583,0,0,0,0,0,0,0,0,0,1
17584,0,0,0,0,0,0,0,0,0,1
17586,0,0,0,0,0,0,0,0,0,1
17589,0,0,0,0,0,0,0,0,0,1
17590,0,0,0,0,0,0,0,0,0,1
17626,0,0,0,0,0,0,0,0,0,1
17646,0,0,0,0,0,0,0,0,1,0
17690,0,0,1,0,0,0,0,0,0,0
17713,0,0,0,0,0,0,0,0,1,0
17782,0,0,0,0,0,0,0,0,1,0
17785,0,0,0,0,0,0,0,1,0,1
17795,0,0,0,0,0,0,0,0,1,0
17800,0,0,0,0,0,0,0,0,0,1
17801,0,0,0,0,0,0,0,0,0,1
17825,0,0,1,0,0,0,0,0,0,1
17827,0,0,0,0,0,0,0,0,0,1
17862,0,0,0,0,0,0,1,0,0,0
17883,0,0,0,0,0,0,0,0,0,1
17921,0,0,0,0,0,0,0,0,1,0
17924,0,0,0,0,0,0,0,0,1,0
17926,0,0,0,0,0,0,0,0,1,0
17937,0,1,0,0,0,0,0,0,0,0
17987,0,0,0,0,0,0,0,0,1,0
17988,0,0,1,0,0,0,0,0,0,0
17990,0,0,0,0,0,0,0,0,0,1
17994,0,0,0,0,0,0,0,0,1,0
17996,0,0,0,0,0,0,0,0,1,0
18063,0,0,1,1,0,0,0,1,0,1
18064,0,0,0,0,0,0,0,0,1,0
18076,0,0,0,0,0,0,0,0,0,1
18098,0,0,0,0,0,0,0,0,1,0
18129,0,0,1,0,0,0,0,0,0,0
18130,0,0,1,0,0,0,0,0,0,0
18131,0,0,1,0,0,0,0,0,0,1
18132,0,0,1,0,0,0,0,0,0,0
18145,0,0,0,0,0,0,0,0,0,1
18185,0,0,0,0,0,0,0,0,0,1
18205,0,0,0,0,0,0,0,0,1,0
18246,0,0,0,0,0,0,0,0,0,1
18247,0,0,0,0,0,0,0,0,1,0
18253,0,0,0,0,0,0,0,0,1,0
18261,0,0,0,0,0,0,0,0,0,1
18264,0,0,0,1,0,0,0,0,0,0
18265,0,0,0,0,0,0,0,0,0,1
18266,0,0,0,0,0,0,0,0,0,1
18267,0,0,0,0,0,0,0,0,1,0
18269,0,0,0,0,0,0,0,0,1,0
18319,0,0,0,0,0,0,0,0,1,0
18322,0,0,0,0,0,0,0,0,1,0
18323,0,0,0,0,0,0,0,0,1,0
18354,0,0,0,0,0,0,0,0,1,0
18368,0,0,0,0,0,0,0,0,0,1
18370,0,0,0,0,0,0,0,0,0,1
18384,0,0,0,0,0,0,1,0,0,0
18386,0,0,0,0,0,0,0,0,1,0
18394,0,0,0,0,0,0,0,0,1,0
18397,0,1,0,0,0,0,0,0,1,0
18412,1,0,0,0,0,0,0,0,0,0
18425,0,0,0,0,0,0,0,0,0,1
18428,0,0,0,0,0,0,0,0,0,1
18430,0,0,0,0,0,0,0,0,0,1
18464,0,0,0,0,0,0,0,0,1,0
18465,0,0,0,0,1,0,0,0,0,0
18474,0,0,0,0,0,0,0,0,1,0
18475,0,1,0,0,0,0,0,0,1,0
18516,0,0,0,0,0,0,0,0,0,1
18523,0,0,0,0,0,0,0,0,1,0
18529,0,0,1,0,0,0,0,0,0,0
18546,0,0,0,0,0,0,0,0,1,0
18548,0,1,0,0,0,0,0,0,1,0
18550,0,0,1,0,0,0,0,0,0,0
18553,0,0,0,0,0,0,0,0,1,0
18556,0,0,0,0,0,0,0,0,1,0
18561,0,0,0,0,0,0,0,0,0,1
18568,0,0,1,0,0,0,0,0,0,0
18569,0,0,0,0,0,0,0,0,0,1
18571,0,0,0,0,0,0,0,1,0,1
18606,0,0,0,0,0,0,0,0,1,0
18624,0,0,0,0,0,0,0,0,0,1
18653,0,0,0,0,0,0,0,0,1,0
18664,0,0,0,0,0,0,0,0,1,0
18674,0,0,0,0,0,0,0,0,1,0
18678,0,0,0,0,0,0,0,0,1,0
18679,0,0,0,0,0,0,0,0,1,0
18707,0,1,0,0,0,0,0,0,1,0
18717,0,0,0,0,0,0,0,0,1,0
18719,0,0,0,0,0,0,0,0,1,0
18755,0,0,0,0,0,0,1,0,0,0
18795,0,0,0,0,0,0,0,0,1,0
18807,0,0,0,0,0,0,0,0,0,1
18819,0,0,0,0,0,0,0,0,1,0
18827,0,0,0,0,0,0,0,0,1,0
18836,0,0,0,0,0,0,0,0,1,0
18837,0,0,0,0,0,0,0,0,1,0
18843,0,1,0,0,0,0,0,0,0,0
18868,0,0,0,0,0,0,0,0,0,1
18883,0,0,0,0,0,0,0,0,1,1
18916,0,0,0,0,0,0,0,0,1,0
18917,0,0,0,0,0,0,0,0,1,0
18937,0,0,0,0,0,0,0,0,1,0
18940,0,0,0,0,0,0,0,0,1,0
18962,0,0,0,0,0,0,0,0,0,1
18966,0,0,0,0,0,0,0,0,1,0
18969,0,1,0,0,0,0,0,0,0,1
18975,0,0,0,0,0,0,0,0,0,1
18983,0,0,0,0,0,0,0,0,1,0
19002,0,0,0,0,0,0,0,0,0,1
19053,0,0,0,0,0,0,0,0,0,1
19066,0,0,0,0,0,0,0,0,0,1
19100,0,0,0,0,0,0,0,0,0,1
19113,0,0,0,0,0,0,0,0,0,1
19118,0,0,0,0,0,0,0,0,1,0
19120,0,0,0,0,0,0,0,0,1,0
19121,0,0,0,0,0,0,0,0,1,0
19126,1,0,0,0,0,0,0,0,1,0
19127,0,0,0,0,0,0,0,0,1,0
19130,0,0,0,0,0,0,1,0,0,0
19141,0,0,0,0,1,0,0,0,0,0
19153,0,0,0,0,0,0,0,0,0,1
19156,0,0,0,0,0,0,1,0,0,0
19172,0,0,0,0,0,0,0,0,0,1
19198,0,0,0,0,0,0,0,0,1,0
19200,0,0,0,0,1,0,0,0,0,0
19213,0,0,0,0,0,0,0,0,0,1
19218,0,0,0,0,0,0,1,0,1,0
19270,0,0,0,0,0,1,0,0,0,0
19314,0,0,1,0,0,0,0,0,0,0
19347,0,0,0,0,0,0,0,0,1,0
19356,0,0,0,0,0,0,0,0,0,1
19378,0,0,0,0,0,0,0,0,0,1
19387,0,0,0,0,0,0,0,1,1,1
19391,0,0,0,0,0,0,0,0,1,0
19411,0,0,0,0,0,0,0,0,1,0
19412,0,0,0,0,0,0,0,0,1,0
19413,0,0,0,0,0,0,0,0,1,0
19424,0,0,0,0,0,0,0,0,1,0
19443,0,0,0,0,0,0,0,0,0,1
19486,0,0,0,0,0,0,0,0,0,1
19503,0,0,0,0,0,0,0,0,1,0
19558,0,0,0,0,0,0,0,0,0,1
19560,0,0,0,0,0,0,0,0,0,1
19584,0,0,0,0,0,0,0,0,1,1
19588,0,0,0,0,0,0,0,0,0,1
19618,0,0,0,0,0,0,0,0,0,1
19623,0,0,0,0,0,0,0,0,0,1
19629,0,0,0,0,0,0,0,0,0,1
19639,0,0,0,0,0,0,0,0,1,0
19643,0,0,0,0,0,0,0,0,1,0
19644,0,0,0,0,0,0,0,0,1,0
19645,0,0,0,0,0,0,0,0,1,0
19646,0,1,0,0,0,0,0,0,1,0
19648,0,0,0,0,0,0,0,0,1,0
19651,0,0,0,0,0,0,1,0,1,0
19653,0,0,0,0,0,0,0,0,1,0
19656,0,0,0,0,0,0,0,0,0,1
19660,0,0,0,0,0,0,0,0,1,0
19689,0,0,0,0,0,0,0,0,1,0
19690,0,1,0,0,0,0,0,0,0,0
19714,0,0,0,0,0,0,0,0,1,0
19723,0,0,0,0,0,0,0,0,1,0
19727,0,0,0,0,0,0,0,0,1,0
19748,0,0,0,0,0,0,0,0,1,0
19751,0,0,0,0,0,0,0,0,1,0
19752,0,0,0,0,0,0,0,0,1,0
19753,0,0,0,0,0,0,0,0,1,0
19767,1,0,0,0,0,0,0,0,0,1
19768,0,0,0,0,0,0,0,0,1,0
19781,0,0,0,0,1,0,0,0,0,0
19794,0,0,0,0,0,0,0,0,1,0
19795,0,0,0,0,0,0,0,0,1,0
19804,0,0,0,0,0,0,0,0,1,0
19811,0,1,0,0,0,0,0,0,0,0
19822,0,0,0,0,0,0,0,0,0,1
19829,0,0,0,0,0,0,0,0,1,0
19865,0,0,0,0,0,0,0,0,1,0
19869,0,0,0,0,0,0,0,0,1,0
19909,0,0,0,0,0,0,0,0,1,0
19928,0,0,0,0,0,0,0,0,1,0
19932,0,0,0,0,0,0,0,0,1,0
19964,0,0,0,0,0,0,0,0,0,1
19966,0,0,0,0,0,0,0,0,1,0
19972,0,0,0,1,0,0,0,0,0,0
19981,0,0,0,0,0,0,0,0,0,1
19984,0,0,1,0,0,0,0,0,0,0
19986,0,0,1,0,0,0,0,0,0,0
20000,0,0,0,0,0,0,0,0,1,0
20002,0,0,0,0,0,0,0,0,1,0
20004,0,0,0,0,0,0,0,0,1,0
20015,0,1,0,0,0,0,0,0,0,0
20122,0,1,0,0,0,0,0,0,0,0
20125,0,0,0,0,0,0,0,0,1,0
20166,0,0,1,0,0,0,0,0,0,1
20223,0,0,0,0,0,0,0,0,1,0
20227,0,1,0,0,0,0,0,0,0,0
20230,0,1,0,0,0,0,0,0,0,0
20232,0,0,0,0,0,0,0,0,1,0
20248,0,0,0,0,0,0,0,0,0,1
20251,0,0,0,0,0,0,0,0,0,1
20256,0,0,0,0,0,0,0,0,1,0
20271,0,0,0,0,0,0,0,0,0,1
20324,0,0,0,0,0,0,0,0,1,0
20347,0,0,0,0,0,0,0,0,0,1
20368,0,0,0,0,0,0,0,0,1,0
20370,0,0,0,0,0,0,0,0,1,0
20372,0,1,0,0,0,0,0,0,1,1
20374,1,1,0,0,0,0,0,0,1,0
20378,0,1,0,0,0,0,0,0,0,0
20397,0,0,1,0,0,0,0,0,0,0
20400,0,0,0,1,0,0,0,0,0,0
20415,0,0,0,0,0,0,0,0,0,1
20419,0,0,1,0,0,0,0,0,0,0
20427,0,0,0,0,0,0,0,0,1,0
20431,0,0,0,0,0,0,0,0,0,1
20433,0,0,0,0,0,0,0,0,0,1
20434,0,0,0,0,0,0,0,0,0,1
20454,0,0,0,0,0,0,0,0,1,0
20471,0,0,0,0,0,0,0,0,1,0
20474,0,1,0,0,0,0,0,0,0,0
20480,0,0,0,0,0,0,0,1,0,0
20487,0,0,0,0,0,0,0,0,0,1
20508,0,0,0,0,0,0,0,0,0,1
20533,0,0,0,0,0,0,0,0,1,0
20553,0,0,0,0,0,0,0,0,1,0
20555,0,0,0,0,0,0,0,0,1,0
20556,0,0,0,0,0,0,0,0,1,0
20561,0,0,1,0,0,0,0,0,0,0
20562,0,0,0,0,0,1,0,0,0,0
20568,0,0,0,0,0,0,0,0,1,0
20615,0,0,0,0,0,0,0,0,0,1
20626,0,0,0,0,0,0,0,0,1,0
20627,0,1,0,0,0,0,0,0,1,0
20628,0,0,0,0,0,0,0,0,1,0
20652,0,0,1,0,0,0,0,0,0,0
20661,0,0,0,0,0,0,0,0,0,1
20663,0,0,0,1,0,0,0,0,0,1
20675,0,0,0,0,0,0,0,0,1,0
20731,0,0,0,0,0,0,0,0,0,1
20741,0,0,1,0,0,0,0,0,0,0
20756,0,0,0,0,0,0,0,0,1,0
20781,0,0,0,0,0,0,0,0,0,1
20816,0,0,0,0,0,0,0,0,0,1
20828,0,0,0,1,0,0,0,0,1,1
20846,0,0,0,0,0,0,0,0,0,1
20867,0,0,0,0,0,0,0,0,0,1
20931,0,0,0,0,0,0,0,0,1,0
20936,0,0,0,0,0,0,0,0,1,0
20937,0,0,0,0,0,0,0,0,1,0
20938,0,0,0,0,0,0,1,0,0,0
20954,0,0,0,0,0,0,0,0,1,0
20955,0,0,0,0,0,0,0,0,1,0
20959,0,0,0,0,0,0,0,0,0,1
20962,0,0,0,0,0,1,0,0,1,0
20982,0,0,0,0,0,0,0,0,1,0
20985,0,0,0,0,0,0,0,0,1,0
20993,0,0,0,0,0,0,0,0,1,0
20994,0,0,0,0,0,0,0,0,1,0
20999,0,0,0,0,0,0,0,0,1,0
21002,0,0,0,0,0,0,0,0,1,0
21011,0,0,0,0,0,0,0,0,1,0
21012,1,0,0,0,0,0,0,0,0,1
21024,0,0,0,0,0,0,0,0,0,1
21025,0,0,0,0,0,0,0,0,0,1
21034,0,0,0,0,0,0,0,0,0,1
21051,0,0,0,0,0,0,0,0,1,0
21072,0,0,0,0,0,0,0,0,0,1
21110,0,0,0,0,0,0,0,0,0,1
21111,0,0,0,0,0,0,0,0,0,1
21112,0,0,0,0,0,0,0,0,0,1
21133,0,0,0,0,0,0,0,0,0,1
21145,0,0,0,0,0,0,1,0,0,0
21156,0,0,0,0,0,0,0,0,1,0
21185,0,0,0,0,0,0,0,1,0,0
21217,0,0,0,0,0,0,0,0,1,0
21220,0,0,0,0,0,0,0,0,1,0
21224,0,0,0,0,0,0,0,0,0,1
21236,0,0,0,0,0,0,0,0,1,0
21288,0,0,0,0,0,0,0,0,1,0
21290,0,0,0,0,0,0,0,0,1,0
21307,0,0,0,0,0,1,0,0,1,0
21321,0,0,0,0,1,0,0,0,0,0
21323,0,0,0,0,1,0,0,0,0,0
21336,0,0,0,0,0,0,0,0,1,0
21338,0,0,0,0,0,0,0,0,1,0
21339,0,0,0,0,0,0,0,0,1,0
21398,0,0,0,0,0,0,0,0,0,1
21399,0,0,0,0,0,0,0,0,0,1
21427,0,0,0,0,0,1,0,0,0,0
21433,0,0,0,0,0,0,0,0,1,0
21434,0,1,0,0,0,0,0,0,0,0
21445,0,0,0,0,0,0,1,0,0,0
21446,0,0,0,0,0,0,1,0,0,0
21464,0,0,0,1,0,0,0,0,0,0
21465,0,0,0,0,0,0,0,0,0,1
21489,0,0,0,0,0,0,0,0,1,0
21492,0,0,0,0,0,0,0,0,1,0
21498,0,0,0,0,0,0,0,0,1,0
21501,0,0,1,0,0,0,0,0,0,0
21520,0,0,0,0,0,0,0,0,0,1
21542,0,0,0,0,0,0,0,0,0,1
21549,0,0,0,0,0,0,0,0,1,0
21551,0,0,0,0,0,0,0,0,0,1
21552,0,0,0,0,0,0,0,0,0,1
21557,0,0,0,0,0,0,0,0,0,1
21558,0,0,0,0,0,0,0,0,0,1
21563,0,0,0,0,0,0,0,0,1,0
21567,0,0,0,0,0,0,0,0,1,0
21611,0,1,0,0,0,0,0,0,0,0
21629,0,0,0,0,0,0,1,0,0,0
21652,0,0,0,0,0,0,0,0,1,0
21657,0,0,0,0,0,0,0,0,1,0
21660,0,0,0,0,0,0,0,0,1,0
21662,0,1,0,0,0,0,0,0,0,0
21668,0,1,0,0,0,0,0,0,0,0
21673,0,0,0,0,0,0,0,0,1,0
21701,0,0,0,0,0,0,0,0,1,0
21721,0,0,0,0,0,1,0,0,1,0
21751,0,0,0,0,0,0,0,0,1,0
21784,0,0,0,0,0,0,0,0,1,0
21799,1,0,0,0,0,0,0,0,0,0
21802,0,0,1,0,0,0,0,0,0,0
21805,0,0,1,0,0,0,0,1,0,0
21808,0,0,0,0,0,0,0,0,0,1
21814,0,0,0,0,0,0,0,0,0,1
21840,0,0,0,0,0,0,0,0,1,0
21858,0,0,0,0,0,0,0,0,1,0
21901,0,0,0,0,0,0,0,0,1,0
21951,0,0,0,0,0,0,0,0,0,1
21991,0,0,0,0,0,0,0,0,0,1
22006,0,0,0,0,0,0,0,0,1,0
22009,0,0,0,0,0,0,0,0,0,1
22013,0,0,0,0,0,0,0,0,0,1
22020,0,0,0,0,0,0,0,0,0,1
22036,0,1,0,0,0,0,0,0,0,0
22039,0,0,0,0,0,0,0,0,1,0
22046,1,0,0,0,0,0,0,0,0,0
22048,1,0,0,0,0,0,0,0,0,0
22067,0,1,0,0,0,0,0,0,0,0
22086,0,0,0,0,0,0,0,0,0,1
22087,0,0,0,0,0,0,0,0,0,1
22098,0,0,0,0,0,0,0,0,0,1
22131,0,1,0,0,0,0,0,0,0,0
22133,0,0,0,0,0,0,0,0,1,0
22136,0,0,0,0,0,0,0,0,1,0
22155,0,0,0,0,0,0,0,0,1,0
22180,0,0,0,0,0,0,0,0,1,0
22193,0,0,0,1,0,0,0,0,0,0
22194,0,0,0,1,0,0,0,0,0,0
22195,0,0,1,0,0,0,0,1,0,1
22199,0,0,0,0,0,0,0,0,1,0
22202,0,0,1,0,0,0,1,0,0,1
22205,0,0,0,0,0,0,0,0,0,1
22208,0,0,0,0,0,0,0,0,1,0
22226,0,0,0,0,0,0,0,0,0,1
22228,0,0,0,0,0,0,0,0,0,1
22235,0,0,0,0,0,0,0,0,1,0
22249,0,0,0,0,0,0,0,0,1,0
22256,0,0,0,0,0,0,0,0,1,0
22257,0,0,0,0,0,0,0,0,1,0
22258,0,0,0,0,0,0,0,0,1,0
22262,0,0,0,0,0,0,0,0,0,1
22333,0,0,0,0,0,0,0,0,0,1
22334,0,0,0,0,0,0,0,0,0,1
22371,0,0,0,0,0,0,0,0,1,0
22372,0,1,0,0,0,0,0,0,0,0
22374,0,0,0,0,0,0,0,0,0,1
22375,0,0,0,0,0,0,0,0,0,1
22390,0,0,0,0,0,0,0,0,0,1
22394,0,0,0,0,0,0,0,0,0,1
22412,0,0,0,0,0,0,0,0,1,0
22423,0,0,0,0,0,0,0,0,0,1
22470,0,0,0,0,0,0,0,0,0,1
22472,0,0,0,1,0,0,0,0,0,0
22480,0,0,0,0,0,0,0,0,1,0
22497,0,0,0,0,0,0,1,0,0,0
22527,0,0,0,0,0,0,0,0,1,0
22567,0,0,0,0,0,0,0,0,0,1
22581,0,0,0,0,0,0,0,0,1,0
22583,0,0,0,0,0,0,0,0,1,0
22588,0,0,0,0,0,0,0,0,0,1
22604,0,0,0,0,0,0,0,0,1,0
22618,0,0,0,0,0,0,0,0,1,0
22627,0,0,0,0,0,1,0,0,0,0
22628,0,0,0,0,0,0,0,0,1,0
22642,0,0,0,0,0,0,0,0,1,0
22643,0,0,0,0,0,0,0,0,1,0
22648,0,0,0,0,0,0,0,0,1,0
22688,0,0,0,0,1,0,0,0,0,0
22699,0,0,0,0,0,0,0,0,1,0
22727,0,0,0,0,0,0,0,0,1,0
22780,0,0,0,0,0,0,0,0,0,1
22781,0,0,0,0,0,0,0,0,0,1
22782,0,0,0,0,0,0,0,0,0,1
22785,0,0,0,0,0,0,0,0,1,0
22797,0,0,0,0,0,0,0,0,1,0
22836,0,0,0,0,0,0,0,0,0,1
22900,0,0,0,0,0,0,0,0,1,0
22926,0,0,0,0,0,0,0,0,0,1
22940,0,1,0,0,0,0,0,0,0,0
22950,0,0,0,0,0,0,0,0,1,0
22964,0,0,0,0,0,0,0,0,1,0
22966,0,0,0,0,0,0,0,0,1,0
22970,0,0,0,0,0,0,0,0,0,1
22971,0,0,0,0,0,0,0,0,0,1
22974,0,0,0,0,0,0,0,1,0,1
22984,0,0,0,0,0,0,0,0,1,0
23023,0,0,0,0,0,0,0,0,1,0
23034,0,0,0,0,0,0,0,0,0,1
23035,0,0,0,0,0,0,0,0,0,1
23038,0,0,0,0,0,0,0,0,0,1
23043,0,0,1,0,0,0,0,0,0,1
23061,0,0,0,0,0,0,1,0,0,0
23064,0,0,0,0,0,0,0,0,0,1
23066,0,0,0,0,0,0,0,0,0,1
23069,0,0,0,0,0,0,0,0,0,1
23075,0,0,0,0,0,0,1,0,0,0
23109,0,0,0,0,0,0,0,0,1,0
23132,0,0,0,0,0,0,0,0,1,0
23140,0,0,0,0,0,0,0,0,1,0
23191,0,0,0,0,0,0,0,0,1,0
23206,0,0,0,0,0,0,0,0,0,1
23210,0,0,0,0,0,0,0,0,0,1
23213,0,0,0,0,0,0,0,0,1,0
23215,0,0,0,0,0,0,0,0,1,0
23229,0,0,0,0,0,0,0,0,1,0
23233,0,0,0,0,0,0,0,0,0,1
23249,0,0,0,0,0,0,0,0,1,0
23255,0,0,0,0,0,0,0,0,1,0
23324,0,0,0,0,0,0,0,0,0,1
23357,0,0,0,0,0,0,0,0,1,0
23358,0,0,0,0,0,0,0,0,1,0
23362,0,0,0,0,0,1,0,0,0,0
23383,0,0,0,0,0,0,0,0,0,1
23408,0,0,0,0,0,0,0,0,1,0
23421,0,0,0,0,0,0,0,0,1,0
23431,0,0,0,0,0,0,0,0,1,0
23436,0,0,0,0,0,0,0,1,0,1
23438,0,0,0,0,0,0,0,0,0,1
23441,0,0,0,0,0,0,0,0,0,1
23445,0,0,0,0,0,0,0,0,1,1
23447,0,0,0,0,0,0,0,0,0,1
23449,0,0,0,0,0,0,0,0,1,0
23457,0,0,0,0,0,0,0,0,1,0
23458,0,0,0,0,0,0,0,0,1,0
23460,0,0,0,0,0,0,0,0,1,0
23462,0,0,0,0,0,0,1,0,0,0
23466,0,0,0,0,1,0,0,0,0,0
23471,0,0,0,0,0,0,0,0,1,0
23483,0,0,1,0,0,0,0,0,0,0
23490,0,0,0,0,0,0,0,0,1,0
23495,0,0,0,0,0,0,0,0,1,0
23497,0,1,0,0,0,0,0,0,0,0
23522,0,0,0,0,0,0,0,0,1,0
23530,0,0,0,0,1,0,0,0,0,0
23531,0,0,0,0,0,0,0,0,0,1
23554,0,0,0,0,0,0,0,0,0,1
23558,0,0,0,0,0,0,0,0,1,0
23561,0,0,0,0,0,0,0,0,1,0
23563,0,0,0,0,0,0,0,0,1,0
23595,0,0,0,0,0,0,0,0,1,0
23596,0,0,0,0,0,0,0,0,1,0
23631,1,0,0,0,0,0,0,0,0,0
23670,0,0,0,0,0,0,0,0,1,0
23674,0,0,0,0,0,0,0,0,1,0
23677,0,0,0,0,0,0,0,0,1,0
23699,0,0,0,0,0,0,0,0,1,0
23716,0,0,0,0,0,0,0,0,1,0
23758,0,0,0,0,0,0,0,0,1,0
23769,0,0,0,0,0,0,0,0,1,0
23772,0,0,0,0,0,0,0,0,1,0
23780,0,0,0,0,0,1,0,0,1,0
23797,0,0,0,0,0,0,0,0,1,0
23807,0,0,0,0,0,0,0,0,1,0
23819,0,0,0,0,0,0,1,0,0,0
23823,0,0,0,0,0,0,0,0,1,0
23829,0,0,0,0,0,0,0,0,1,0
23849,0,0,0,0,0,0,0,0,1,0
23853,0,0,0,0,0,0,0,0,1,0
23896,0,0,0,0,0,0,0,0,1,0
23899,0,0,0,0,0,0,0,0,1,0
23918,0,0,0,0,0,0,0,0,1,0
23930,0,0,0,0,0,0,0,0,0,1
23942,0,1,0,0,0,0,0,0,0,0
23946,0,0,0,0,0,0,0,0,1,0
23960,0,0,0,0,0,0,0,0,1,0
24024,0,1,0,0,0,0,0,0,0,0
24045,0,0,0,0,0,0,0,0,1,0
24068,0,0,0,0,0,0,0,0,1,0
24072,0,0,0,0,0,0,0,0,0,1
24084,0,0,0,0,0,0,0,0,0,1
24090,0,0,0,0,0,0,1,0,0,0
24118,0,0,0,0,0,0,0,0,1,0
24119,0,0,0,0,0,0,0,0,1,0
24122,0,0,0,0,0,0,0,0,1,0
24125,0,0,1,0,0,0,0,0,0,0
24159,0,0,0,0,0,0,0,0,1,0
24165,0,0,0,0,1,0,0,0,0,0
24188,0,0,0,0,0,0,0,0,1,0
24194,0,0,0,0,0,0,0,0,1,0
24204,0,0,0,0,0,0,0,0,1,0
24205,0,0,0,0,0,0,0,0,1,0
24235,0,0,0,0,0,0,0,0,1,0
24278,0,0,0,0,0,0,0,0,1,0
24292,0,0,0,0,0,0,0,0,0,1
24303,0,0,0,0,0,0,0,0,0,1
24366,0,0,0,0,0,0,0,0,1,0
24374,0,0,0,0,1,0,0,0,0,0
24381,0,0,0,0,0,0,0,0,1,0
24383,0,0,0,0,0,0,0,0,1,0
24399,0,0,0,0,0,0,0,0,1,0
24442,0,0,0,0,0,0,0,0,1,0
24454,0,0,0,0,0,0,0,0,1,0
24457,0,0,0,0,0,0,0,0,1,0
24484,0,0,0,0,0,1,0,0,0,0
24498,0,0,0,0,0,0,0,0,1,0
24505,0,0,0,0,0,0,0,0,0,1
24510,0,0,0,0,0,0,0,0,1,0
24536,0,0,0,0,0,0,1,0,0,0
24542,0,0,0,0,0,0,0,0,1,0
24559,0,0,0,0,0,0,0,0,1,0
24565,0,0,0,0,0,0,0,0,1,0
24574,0,0,0,0,0,0,0,0,1,0
24610,0,0,0,0,0,0,0,0,1,0
24612,0,0,0,0,0,0,0,0,1,0
24635,0,0,0,0,0,0,0,0,1,0
24654,0,0,0,0,0,0,0,0,1,0
24686,0,1,0,0,0,1,0,0,1,0
24689,0,0,0,0,0,0,0,0,1,0
24697,0,0,0,0,0,0,0,0,1,0
24712,0,0,0,0,0,0,0,0,1,0
24715,0,0,0,0,0,0,0,0,1,0
24777,0,0,0,0,0,0,1,0,0,0
24794,0,0,1,0,0,0,0,0,0,0
24797,0,0,0,0,0,0,0,0,0,1
24802,0,0,0,0,0,0,0,0,1,0
24838,0,0,0,0,0,0,1,0,0,0
24842,0,0,0,0,0,0,0,0,1,0
24856,0,0,0,0,0,0,0,0,1,0
24859,0,0,0,0,0,0,0,0,1,0
24861,0,0,0,0,0,0,0,0,1,0
24865,0,0,0,0,0,0,0,0,1,0
24868,0,0,0,0,0,0,0,0,1,0
24881,0,0,0,0,0,0,0,0,1,0
24905,0,0,0,0,0,0,0,0,1,0
24917,0,0,0,0,0,1,0,0,0,0
24959,0,0,0,0,0,0,0,0,1,0
24961,0,0,0,0,0,0,0,0,1,0
24974,0,0,0,0,0,0,0,0,1,0
24976,0,0,0,0,0,0,0,0,1,0
25021,0,0,0,0,0,0,0,0,1,0
25040,0,0,0,0,0,0,0,0,1,0
25044,0,0,0,0,0,0,0,0,1,0
25081,0,0,0,0,0,0,0,0,1,0
25104,0,0,0,0,0,0,1,0,1,0
25118,0,0,0,0,0,0,0,0,1,0
25120,0,0,0,0,0,0,0,0,1,0
25131,0,0,0,0,1,0,0,0,0,0
25133,0,1,0,0,0,0,1,0,0,0
25145,0,0,0,0,0,0,0,0,1,0
25159,0,0,0,0,0,0,0,0,1,0
25162,0,0,0,0,0,0,0,0,1,0
25181,0,0,0,0,0,0,0,0,1,0
25206,0,0,0,0,0,0,1,0,0,0
25211,0,0,0,0,0,0,0,0,1,0
25217,0,0,0,0,0,0,0,0,0,1
25231,0,0,0,0,0,0,0,0,1,0
25244,0,1,0,0,0,0,0,0,0,0
25249,0,0,0,0,0,1,0,0,0,0
25272,0,0,0,0,0,0,0,0,1,0
25274,0,0,0,0,0,0,0,0,1,0
25277,0,0,0,0,0,0,0,0,1,0
25311,0,0,0,0,0,0,0,0,1,0
25320,0,0,0,0,0,0,0,0,1,0
25329,0,0,0,0,0,0,0,0,1,0
25333,0,0,0,0,0,0,0,0,1,0
25390,0,0,0,0,0,0,0,0,1,0
25398,0,0,0,0,0,0,0,0,1,0
25411,0,0,0,0,0,0,0,0,1,0
25416,0,0,0,0,1,0,0,0,0,0
25417,0,0,0,0,0,1,0,0,0,0
25473,0,0,0,0,0,0,0,0,1,0
25478,0,0,0,0,0,0,0,0,1,0
25499,0,0,0,0,0,0,0,0,1,0
25548,0,0,0,0,0,0,0,0,1,0
25563,0,0,0,0,0,0,0,0,1,0
25580,0,0,0,0,0,0,0,0,1,0
25591,0,0,0,0,0,0,0,0,1,0
25592,0,0,0,0,0,0,0,0,1,0
25608,0,0,0,0,0,0,0,0,1,0
25612,0,0,0,0,0,0,0,0,1,0
25623,0,0,0,0,0,0,0,0,1,0
25646,0,0,0,0,0,0,0,0,1,0
25649,0,0,0,0,0,0,0,0,1,0
25665,0,0,0,0,0,0,0,0,1,0
25667,0,0,0,0,0,0,0,0,1,0
25669,0,0,0,0,0,0,0,0,1,0
25692,0,0,0,0,0,0,0,0,1,0
25693,0,0,0,0,0,0,0,0,1,0
25700,0,0,0,0,0,0,0,0,1,0
25703,0,1,0,0,0,0,0,0,0,0
25717,0,0,0,0,0,0,0,0,1,0
25718,0,0,0,0,0,0,1,0,1,0
25721,0,1,0,0,0,0,0,0,0,0
25730,0,0,0,0,0,0,0,0,1,0
25732,0,0,0,0,0,0,0,0,1,0
25735,0,0,0,0,0,0,0,0,1,0
25770,0,0,0,0,1,0,0,0,0,0
25800,0,0,0,0,0,0,0,0,1,0
25839,0,0,0,0,0,0,0,0,1,0
25840,0,0,0,0,0,0,0,0,1,0
25842,0,1,1,0,0,0,0,0,1,1
25843,0,0,0,0,0,0,0,0,1,0
25844,0,0,0,0,0,0,0,0,1,0
25854,0,0,0,0,0,0,0,0,1,0
25856,0,0,0,0,0,0,0,0,1,0
25859,0,0,0,0,0,0,0,0,1,0
25861,0,0,0,0,0,0,0,0,1,0
