,classical,country,jazz,pop,rock,techno,blues,dance
19072,0,0,0,0,1,0,0,0
17487,1,0,0,0,0,0,0,0
15668,0,0,0,0,1,0,0,0
11610,1,0,0,0,0,0,0,0
17489,0,0,0,0,0,1,0,0
2689,1,0,0,0,0,0,0,0
17491,1,0,0,0,0,0,0,0
19075,1,0,0,0,0,0,0,0
7411,1,0,0,0,0,0,0,0
11625,1,0,0,0,0,0,0,0
15670,1,0,0,0,0,0,0,0
5153,0,0,0,0,1,0,0,0
15675,0,0,1,0,0,0,0,0
15681,1,0,0,0,0,0,0,0
17495,0,0,0,0,1,0,0,0
7417,0,0,0,0,1,0,0,0
7421,1,0,0,0,0,0,0,0
2699,0,0,0,0,0,1,0,0
7423,0,0,0,0,0,1,0,0
11641,0,0,0,0,1,0,0,0
9535,1,0,0,0,0,0,0,0
19080,1,0,0,0,0,0,0,0
23608,1,0,0,0,0,0,0,0
21581,1,0,0,0,0,0,0,0
23122,1,0,0,0,0,0,0,0
5189,1,0,0,0,0,0,0,0
2708,1,0,0,0,0,0,0,0
5193,1,0,0,0,0,0,0,0
24333,1,0,0,0,0,0,0,0
2711,0,0,0,0,0,1,0,0
2718,0,0,0,0,1,0,0,0
17499,1,0,0,0,0,0,0,0
24047,1,0,0,0,0,0,0,0
24340,1,0,0,0,0,0,0,0
24605,1,0,0,0,0,0,0,0
24791,1,0,0,0,0,0,0,0
15699,1,0,0,0,0,0,0,0
13731,1,0,0,0,0,0,0,0
11661,1,0,0,0,0,0,0,0
7445,1,0,0,0,0,0,0,0
5198,1,0,0,0,0,0,0,0
25343,1,0,0,0,0,0,0,0
25112,1,0,0,0,0,0,0,0
9555,1,0,0,0,0,0,0,0
11664,1,0,0,0,0,0,0,0
13733,1,0,0,0,0,0,0,0
17512,1,0,0,0,0,0,0,0
9564,0,0,0,1,0,0,0,0
7460,0,0,0,0,0,1,0,0
13745,1,0,0,0,0,0,0,0
17525,1,0,0,0,0,0,0,0
19091,1,0,0,0,0,0,0,0
20453,1,0,0,0,0,0,0,0
9571,0,0,0,0,0,1,0,0
11676,0,0,1,0,0,0,0,0
11679,0,0,0,0,0,1,0,0
20455,1,0,0,0,0,0,0,0
68,1,0,0,0,0,0,0,0
9579,0,0,0,0,0,1,0,0
88,0,0,0,0,0,1,0,0
19092,0,0,0,0,0,1,0,0
5201,1,0,0,0,0,0,0,0
7466,1,0,0,0,0,0,0,0
9585,1,0,0,0,0,0,0,0
11696,1,0,0,0,0,0,0,0
13758,1,0,0,0,0,0,0,0
96,0,0,0,0,1,0,0,0
20459,0,1,0,0,0,0,0,0
25117,1,0,0,0,0,0,0,0
21595,1,0,0,0,0,0,0,0
13765,0,0,0,1,0,0,0,0
15724,1,0,0,0,0,0,0,0
103,0,0,0,0,1,0,0,0
21613,0,0,0,0,1,0,0,0
25677,1,0,0,0,0,0,0,0
9613,1,0,0,0,0,0,0,0
22481,1,0,0,0,0,0,0,0
21600,0,0,0,0,1,0,0,0
24973,1,0,0,0,0,0,0,0
13775,0,0,0,0,1,0,0,0
20468,1,0,0,0,0,0,0,0
9615,0,0,0,0,0,1,0,0
19117,0,0,1,0,0,0,0,0
9619,0,1,0,0,0,0,0,0
11719,0,0,1,0,0,0,0,0
20471,1,0,0,0,0,0,0,0
115,0,0,0,0,1,0,0,0
9623,1,0,0,0,0,0,0,0
25710,1,0,0,0,0,0,0,0
7486,1,0,0,0,0,0,0,0
19123,0,0,1,0,0,0,0,0
17539,0,0,0,0,1,0,0,0
24342,1,0,0,0,0,0,0,0
17544,0,0,0,0,0,1,0,0
23133,1,0,0,0,0,0,0,0
20493,1,0,0,0,0,0,0,0
2766,1,0,0,0,0,0,0,0
24057,1,0,0,0,0,0,0,0
13785,1,0,0,0,0,0,0,0
25771,1,0,0,0,0,0,0,0
19131,1,0,0,0,0,0,0,0
15740,1,0,0,0,0,0,0,0
7493,0,0,0,0,0,1,0,0
128,0,0,0,0,1,0,0,0
5240,0,0,1,0,0,0,0,0
19141,0,0,1,0,0,0,0,0
7502,0,0,0,0,0,1,0,0
13833,0,0,0,0,1,0,0,0
5256,0,0,0,0,0,0,1,0
20501,0,0,0,1,0,0,0,0
2785,1,0,0,0,0,0,0,0
7512,1,0,0,0,0,0,0,0
19147,1,0,0,0,0,0,0,0
15755,1,0,0,0,0,0,0,0
23143,1,0,0,0,0,0,0,0
15760,1,0,0,0,0,0,0,0
24068,1,0,0,0,0,0,0,0
5261,1,0,0,0,0,0,0,0
13839,1,0,0,0,0,0,0,0
137,0,0,0,0,0,1,0,0
15786,0,0,0,0,0,1,0,0
11764,0,0,0,0,0,1,0,0
15792,1,0,0,0,0,0,0,0
17563,1,0,0,0,0,0,0,0
13852,0,0,0,1,0,0,0,0
11774,0,0,0,0,1,0,0,0
25774,1,0,0,0,0,0,0,0
17564,1,0,0,0,0,0,0,0
25240,0,0,0,0,1,0,0,0
5305,1,0,0,0,0,0,0,0
19150,1,0,0,0,0,0,0,0
7520,1,0,0,0,0,0,0,0
157,1,0,0,0,0,0,0,0
11780,0,0,0,0,0,1,0,0
19156,1,0,0,0,0,0,0,0
11787,0,0,0,0,0,1,0,0
2803,1,0,0,0,0,0,0,0
9677,0,0,0,0,1,0,0,0
5327,0,0,0,1,0,0,0,0
5337,0,0,0,0,1,0,0,0
19159,1,0,0,0,0,0,0,0
24800,1,0,0,0,0,0,0,0
15806,0,0,0,0,0,1,0,0
9685,0,1,0,0,0,0,0,0
9691,0,0,0,0,1,0,0,0
22507,1,0,0,0,0,0,0,0
24074,1,0,0,0,0,0,0,0
17597,1,0,0,0,0,0,0,0
24349,1,0,0,0,0,0,0,0
20527,1,0,0,0,0,0,0,0
15829,1,0,0,0,0,0,0,0
2818,1,0,0,0,0,0,0,0
17609,1,0,0,0,0,0,0,0
2821,1,0,0,0,0,0,0,0
17617,0,0,1,0,0,0,0,0
13899,0,0,0,0,1,0,0,0
11820,0,0,0,0,0,1,0,0
9703,0,0,0,0,1,0,0,0
23155,1,0,0,0,0,0,0,0
5350,1,0,0,0,0,0,0,0
11827,1,0,0,0,0,0,0,0
7538,1,0,0,0,0,0,0,0
7541,1,0,0,0,0,0,0,0
9731,1,0,0,0,0,0,0,0
13904,0,0,0,1,0,0,0,0
2838,1,0,0,0,0,0,0,0
2843,1,0,0,0,0,0,0,0
0,1,0,0,0,0,0,0,0
24082,0,0,0,0,0,0,1,0
15855,0,0,0,0,1,0,0,0
11868,0,0,0,0,1,0,0,0
23645,0,0,0,0,0,1,0,0
7554,0,0,0,0,1,0,0,0
5386,1,0,0,0,0,0,0,0
5387,1,0,0,0,0,0,0,0
24629,1,0,0,0,0,0,0,0
13909,1,0,0,0,0,0,0,0
7565,1,0,0,0,0,0,0,0
5391,1,0,0,0,0,0,0,0
5393,1,0,0,0,0,0,0,0
21677,0,1,0,0,0,0,0,0
5396,0,0,0,0,0,0,1,0
20572,0,1,0,0,0,0,0,0
15873,0,0,0,0,1,0,0,0
20576,1,0,0,0,0,0,0,0
2849,0,0,0,0,0,1,0,0
9743,0,0,0,0,0,1,0,0
11873,0,0,0,0,0,1,0,0
2854,1,0,0,0,0,0,0,0
248,0,0,0,0,0,1,0,0
7574,1,0,0,0,0,0,0,0
19179,1,0,0,0,0,0,0,0
7576,0,0,0,1,0,0,0,0
20579,0,0,0,1,0,0,0,0
256,1,0,0,0,0,0,0,0
9762,1,0,0,0,0,0,0,0
25348,1,0,0,0,0,0,0,0
20586,1,0,0,0,0,0,0,0
23158,0,0,0,0,0,1,0,0
13926,1,0,0,0,0,0,0,0
15911,0,0,1,0,0,0,0,0
23658,1,0,0,0,0,0,0,0
19193,1,0,0,0,0,0,0,0
21698,1,0,0,0,0,0,0,0
17646,1,0,0,0,0,0,0,0
17652,0,0,0,1,0,0,0,0
9767,0,0,0,1,0,0,0,0
17658,1,0,0,0,0,0,0,0
11909,1,0,0,0,0,0,0,0
15921,1,0,0,0,0,0,0,0
13930,1,0,0,0,0,0,0,0
13936,1,0,0,0,0,0,0,0
17661,1,0,0,0,0,0,0,0
9773,1,0,0,0,0,0,0,0
5423,1,0,0,0,0,0,0,0
11910,0,0,0,0,0,1,0,0
24368,1,0,0,0,0,0,0,0
17672,0,0,0,0,0,1,0,0
24091,1,0,0,0,0,0,0,0
5436,0,0,0,0,0,1,0,0
11913,0,0,0,0,0,1,0,0
23162,0,0,0,0,0,1,0,0
17685,1,0,0,0,0,0,0,0
7652,1,0,0,0,0,0,0,0
9783,1,0,0,0,0,0,0,0
13949,0,0,0,0,1,0,0,0
7657,0,0,0,0,1,0,0,0
2897,0,0,1,0,0,0,0,0
343,0,0,0,0,0,1,0,0
24095,1,0,0,0,0,0,0,0
9800,0,0,0,0,0,1,0,0
11920,0,1,0,0,0,0,0,0
9812,0,0,0,1,0,0,0,0
9814,0,0,0,0,1,0,0,0
2910,0,0,0,0,0,1,0,0
9818,1,0,0,0,0,0,0,0
23665,1,0,0,0,0,0,0,0
2929,1,0,0,0,0,0,0,0
24370,1,0,0,0,0,0,0,0
13954,1,0,0,0,0,0,0,0
25129,1,0,0,0,0,0,0,0
23664,1,0,0,0,0,0,0,0
7670,0,0,0,0,1,0,0,0
19218,1,0,0,0,0,0,0,0
24101,1,0,0,0,0,0,0,0
367,0,0,0,0,0,1,0,0
20599,0,0,1,0,0,0,0,0
2937,0,0,0,0,1,0,0,0
9832,0,0,0,1,0,0,0,0
2943,0,0,0,0,1,0,0,0
22557,1,0,0,0,0,0,0,0
9839,0,1,0,0,0,0,0,0
17695,0,0,0,0,1,0,0,0
9842,0,0,0,0,1,0,0,0
21718,0,1,0,0,0,0,0,0
7695,0,0,0,0,1,0,0,0
24103,0,0,0,0,1,0,0,0
2950,0,1,0,0,0,0,0,0
15948,1,0,0,0,0,0,0,0
23171,1,0,0,0,0,0,0,0
21722,1,0,0,0,0,0,0,0
24635,1,0,0,0,0,0,0,0
24813,1,0,0,0,0,0,0,0
24984,1,0,0,0,0,0,0,0
25131,1,0,0,0,0,0,0,0
7699,1,0,0,0,0,0,0,0
9849,1,0,0,0,0,0,0,0
377,0,0,0,0,1,0,0,0
19227,1,0,0,0,0,0,0,0
13961,0,0,0,0,0,1,0,0
3017,0,0,0,0,0,1,0,0
25135,1,0,0,0,0,0,0,0
5504,0,0,0,0,1,0,0,0
388,0,0,0,0,0,1,0,0
392,0,0,0,0,0,1,0,0
2959,1,0,0,0,0,0,0,0
13984,0,0,0,0,1,0,0,0
21726,1,0,0,0,0,0,0,0
15952,1,0,0,0,0,0,0,0
24107,1,0,0,0,0,0,0,0
25246,1,0,0,0,0,0,0,0
23172,1,0,0,0,0,0,0,0
13985,0,1,0,0,0,0,0,0
24818,1,0,0,0,0,0,0,0
9888,1,0,0,0,0,0,0,0
11948,1,0,0,0,0,0,0,0
15955,1,0,0,0,0,0,0,0
5541,0,0,0,0,0,1,0,0
403,1,0,0,0,0,0,0,0
9901,1,0,0,0,0,0,0,0
19234,0,0,0,0,1,0,0,0
2971,0,0,0,0,0,1,0,0
24823,0,0,0,0,0,1,0,0
21741,0,0,1,0,0,0,0,0
405,1,0,0,0,0,0,0,0
11953,1,0,0,0,0,0,0,0
24996,1,0,0,0,0,0,0,0
17705,1,0,0,0,0,0,0,0
25835,1,0,0,0,0,0,0,0
19238,1,0,0,0,0,0,0,0
9903,1,0,0,0,0,0,0,0
15960,1,0,0,0,0,0,0,0
2987,1,0,0,0,0,0,0,0
7724,1,0,0,0,0,0,0,0
411,1,0,0,0,0,0,0,0
5552,1,0,0,0,0,0,0,0
11969,1,0,0,0,0,0,0,0
13991,1,0,0,0,0,0,0,0
20611,0,0,0,0,0,1,0,0
2990,0,0,0,0,0,1,0,0
23174,1,0,0,0,0,0,0,0
20622,0,0,0,0,1,0,0,0
23179,0,1,0,0,0,0,0,0
22581,0,0,0,1,0,0,0,0
11991,0,0,0,1,0,0,0,0
9918,0,0,0,0,0,1,0,0
24839,1,0,0,0,0,0,0,0
7735,1,0,0,0,0,0,0,0
23681,1,0,0,0,0,0,0,0
24118,0,0,1,0,0,0,0,0
20627,1,0,0,0,0,0,0,0
3012,1,0,0,0,0,0,0,0
17725,0,0,0,0,0,1,0,0
25434,1,0,0,0,0,0,0,0
19253,0,0,0,0,1,0,0,0
23184,1,0,0,0,0,0,0,0
15976,0,0,0,0,1,0,0,0
22586,0,1,0,0,0,0,0,0
14012,0,1,0,0,0,0,0,0
423,0,0,0,0,1,0,0,0
21744,0,0,0,1,0,0,0,0
17734,0,0,0,0,1,0,0,0
17739,0,0,0,0,0,1,0,0
7741,0,0,0,0,0,1,0,0
7746,0,0,0,0,1,0,0,0
15999,1,0,0,0,0,0,0,0
25249,1,0,0,0,0,0,0,0
9931,0,0,0,0,1,0,0,0
23691,1,0,0,0,0,0,0,0
3034,0,0,0,0,0,0,0,1
25438,1,0,0,0,0,0,0,0
25522,1,0,0,0,0,0,0,0
441,1,0,0,0,0,0,0,0
3050,1,0,0,0,0,0,0,0
7768,1,0,0,0,0,0,0,0
12026,1,0,0,0,0,0,0,0
16010,1,0,0,0,0,0,0,0
14060,1,0,0,0,0,0,0,0
21755,1,0,0,0,0,0,0,0
20640,1,0,0,0,0,0,0,0
9955,1,0,0,0,0,0,0,0
12008,1,0,0,0,0,0,0,0
14043,1,0,0,0,0,0,0,0
3039,1,0,0,0,0,0,0,0
5601,1,0,0,0,0,0,0,0
7761,1,0,0,0,0,0,0,0
22592,1,0,0,0,0,0,0,0
20636,1,0,0,0,0,0,0,0
21751,1,0,0,0,0,0,0,0
16006,1,0,0,0,0,0,0,0
12016,1,0,0,0,0,0,0,0
14055,1,0,0,0,0,0,0,0
14057,1,0,0,0,0,0,0,0
12022,1,0,0,0,0,0,0,0
445,1,0,0,0,0,0,0,0
7776,0,0,0,0,0,1,0,0
7781,0,0,0,0,0,1,0,0
5,0,0,0,0,0,1,0,0
7789,1,0,0,0,0,0,0,0
20642,0,1,0,0,0,0,0,0
19273,0,0,0,0,1,0,0,0
16017,1,0,0,0,0,0,0,0
25012,1,0,0,0,0,0,0,0
19275,1,0,0,0,0,0,0,0
20648,1,0,0,0,0,0,0,0
14072,1,0,0,0,0,0,0,0
25014,1,0,0,0,0,0,0,0
14079,1,0,0,0,0,0,0,0
24122,1,0,0,0,0,0,0,0
5625,1,0,0,0,0,0,0,0
17762,1,0,0,0,0,0,0,0
23694,1,0,0,0,0,0,0,0
17765,1,0,0,0,0,0,0,0
7802,0,0,0,0,1,0,0,0
450,0,0,0,0,1,0,0,0
9987,1,0,0,0,0,0,0,0
23698,1,0,0,0,0,0,0,0
456,1,0,0,0,0,0,0,0
12040,0,0,0,0,1,0,0,0
9996,1,0,0,0,0,0,0,0
12049,0,0,0,0,0,1,0,0
12067,0,0,0,1,0,0,0,0
21764,1,0,0,0,0,0,0,0
5640,0,0,0,0,1,0,0,0
14096,1,0,0,0,0,0,0,0
458,0,0,0,0,1,0,0,0
21767,0,0,0,0,1,0,0,0
5650,1,0,0,0,0,0,0,0
20672,1,0,0,0,0,0,0,0
10005,1,0,0,0,0,0,0,0
16037,1,0,0,0,0,0,0,0
5675,0,0,0,1,0,0,0,0
5672,0,0,0,0,1,0,0,0
3070,1,0,0,0,0,0,0,0
25251,0,1,0,0,0,0,0,0
25252,1,0,0,0,0,0,0,0
17800,0,0,0,0,0,1,0,0
23191,1,0,0,0,0,0,0,0
21775,1,0,0,0,0,0,0,0
10041,0,0,0,0,0,1,0,0
19282,0,0,0,1,0,0,0,0
10047,0,0,0,0,1,0,0,0
7841,0,0,1,0,0,0,0,0
12126,0,0,0,0,0,1,0,0
10051,0,0,0,0,0,1,0,0
12131,0,0,0,0,1,0,0,0
12136,0,0,0,0,0,1,0,0
10075,1,0,0,0,0,0,0,0
19290,0,1,0,0,0,0,0,0
513,0,0,0,0,0,1,0,0
3107,0,0,0,0,0,1,0,0
12140,0,0,0,0,1,0,0,0
3118,0,0,0,0,1,0,0,0
19293,0,0,0,0,0,1,0,0
14133,0,0,0,0,0,1,0,0
14141,0,0,0,0,1,0,0,0
3121,1,0,0,0,0,0,0,0
16058,0,0,1,0,0,0,0,0
3136,0,0,0,0,0,1,0,0
3138,0,0,0,0,1,0,0,0
20681,0,0,0,0,0,1,0,0
12143,1,0,0,0,0,0,0,0
12149,1,0,0,0,0,0,0,0
10082,1,0,0,0,0,0,0,0
7858,1,0,0,0,0,0,0,0
14145,1,0,0,0,0,0,0,0
12153,0,0,0,0,1,0,0,0
529,0,0,0,0,0,0,0,1
17816,0,0,0,0,0,1,0,0
17820,0,0,0,0,1,0,0,0
14156,1,0,0,0,0,0,0,0
19298,0,0,0,0,1,0,0,0
23196,0,0,0,0,1,0,0,0
22618,1,0,0,0,0,0,0,0
12167,1,0,0,0,0,0,0,0
14158,0,0,0,0,0,1,0,0
12173,1,0,0,0,0,0,0,0
17825,0,0,0,0,0,1,0,0
5756,1,0,0,0,0,0,0,0
12183,0,0,0,0,1,0,0,0
17829,0,0,0,0,1,0,0,0
24374,0,0,0,0,0,0,1,0
7881,0,0,1,0,0,0,0,0
16073,1,0,0,0,0,0,0,0
7887,0,0,0,1,0,0,0,0
7891,0,0,0,1,0,0,0,0
12187,0,0,0,0,0,1,0,0
14168,0,0,0,1,0,0,0,0
21783,1,0,0,0,0,0,0,0
20701,0,0,0,0,1,0,0,0
17830,1,0,0,0,0,0,0,0
7894,0,0,0,0,0,1,0,0
21786,0,0,0,0,0,1,0,0
536,0,0,0,0,0,1,0,0
544,0,0,0,0,0,1,0,0
3160,0,0,0,0,1,0,0,0
3166,1,0,0,0,0,0,0,0
5776,0,0,0,0,1,0,0,0
19305,0,0,0,0,0,1,0,0
14172,0,0,0,1,0,0,0,0
14185,0,0,0,0,0,1,0,0
19313,0,0,0,0,0,1,0,0
14196,0,1,0,0,0,0,0,0
23722,0,0,0,0,1,0,0,0
12195,0,0,0,1,0,0,0,0
21796,0,0,0,0,1,0,0,0
3189,0,0,0,0,0,1,0,0
16090,1,0,0,0,0,0,0,0
14203,1,0,0,0,0,0,0,0
5797,0,0,0,0,0,1,0,0
14211,0,0,0,0,1,0,0,0
14224,1,0,0,0,0,0,0,0
22626,1,0,0,0,0,0,0,0
19326,0,0,0,0,0,1,0,0
19317,0,0,0,0,0,1,0,0
17846,0,0,0,0,1,0,0,0
562,1,0,0,0,0,0,0,0
14227,1,0,0,0,0,0,0,0
14237,0,0,0,0,1,0,0,0
16116,0,0,0,0,1,0,0,0
3221,0,0,0,0,1,0,0,0
573,0,0,0,0,0,1,0,0
7923,0,0,0,0,0,1,0,0
20720,0,0,0,0,0,1,0,0
7930,0,0,0,0,0,1,0,0
14242,0,0,0,0,0,1,0,0
22630,0,0,0,0,0,1,0,0
3235,1,0,0,0,0,0,0,0
7938,0,0,0,0,0,1,0,0
25254,1,0,0,0,0,0,0,0
5808,1,0,0,0,0,0,0,0
7945,1,0,0,0,0,0,0,0
3246,1,0,0,0,0,0,0,0
10123,1,0,0,0,0,0,0,0
23202,1,0,0,0,0,0,0,0
23741,1,0,0,0,0,0,0,0
587,1,0,0,0,0,0,0,0
3251,1,0,0,0,0,0,0,0
5813,1,0,0,0,0,0,0,0
606,0,0,0,0,0,1,0,0
611,1,0,0,0,0,0,0,0
3260,1,0,0,0,0,0,0,0
5826,1,0,0,0,0,0,0,0
14302,0,0,0,0,0,1,0,0
16128,0,1,0,0,0,0,0,0
5846,1,0,0,0,0,0,0,0
14316,1,0,0,0,0,0,0,0
10138,0,0,0,0,1,0,0,0
10139,0,0,0,0,0,1,0,0
5854,1,0,0,0,0,0,0,0
5867,0,0,1,0,0,0,0,0
12283,0,0,0,0,0,1,0,0
20735,0,0,0,0,1,0,0,0
21830,0,0,0,0,1,0,0,0
7972,0,0,0,0,1,0,0,0
12290,0,0,0,0,1,0,0,0
7980,0,0,0,1,0,0,0,0
653,0,1,0,0,0,0,0,0
21835,0,0,0,0,0,1,0,0
5963,0,0,0,0,1,0,0,0
14327,0,0,0,0,1,0,0,0
16157,0,0,0,0,1,0,0,0
3291,0,0,0,0,0,1,0,0
10150,0,0,0,0,1,0,0,0
25364,1,0,0,0,0,0,0,0
25799,1,0,0,0,0,0,0,0
16159,1,0,0,0,0,0,0,0
24651,1,0,0,0,0,0,0,0
659,1,0,0,0,0,0,0,0
22641,1,0,0,0,0,0,0,0
25264,1,0,0,0,0,0,0,0
20748,1,0,0,0,0,0,0,0
3296,1,0,0,0,0,0,0,0
16161,1,0,0,0,0,0,0,0
23214,1,0,0,0,0,0,0,0
663,1,0,0,0,0,0,0,0
5896,1,0,0,0,0,0,0,0
21843,1,0,0,0,0,0,0,0
12314,1,0,0,0,0,0,0,0
12317,1,0,0,0,0,0,0,0
14331,1,0,0,0,0,0,0,0
25608,1,0,0,0,0,0,0,0
16164,1,0,0,0,0,0,0,0
25016,1,0,0,0,0,0,0,0
23218,1,0,0,0,0,0,0,0
22645,1,0,0,0,0,0,0,0
24658,1,0,0,0,0,0,0,0
25017,1,0,0,0,0,0,0,0
12322,1,0,0,0,0,0,0,0
22648,1,0,0,0,0,0,0,0
19373,1,0,0,0,0,0,0,0
17866,1,0,0,0,0,0,0,0
10167,1,0,0,0,0,0,0,0
14340,1,0,0,0,0,0,0,0
12324,1,0,0,0,0,0,0,0
10171,0,0,0,0,0,1,0,0
24382,1,0,0,0,0,0,0,0
12326,1,0,0,0,0,0,0,0
19382,0,0,0,0,1,0,0,0
16173,0,0,0,0,1,0,0,0
3303,0,0,0,0,1,0,0,0
19385,1,0,0,0,0,0,0,0
10177,1,0,0,0,0,0,0,0
5905,0,0,0,0,1,0,0,0
5909,0,0,0,0,1,0,0,0
19394,0,0,0,0,0,1,0,0
670,0,0,0,0,0,0,0,1
5912,1,0,0,0,0,0,0,0
8004,0,0,0,0,1,0,0,0
21845,0,0,0,0,1,0,0,0
24385,1,0,0,0,0,0,0,0
24852,1,0,0,0,0,0,0,0
23751,1,0,0,0,0,0,0,0
24136,1,0,0,0,0,0,0,0
23223,1,0,0,0,0,0,0,0
24667,1,0,0,0,0,0,0,0
17876,0,0,0,1,0,0,0,0
16179,0,0,0,0,0,1,0,0
20756,1,0,0,0,0,0,0,0
20759,0,0,0,0,0,1,0,0
5933,0,0,0,1,0,0,0,0
681,0,0,0,0,1,0,0,0
8021,0,0,0,0,0,1,0,0
22663,0,0,0,0,1,0,0,0
16187,0,0,0,0,1,0,0,0
685,0,0,0,0,1,0,0,0
12339,1,0,0,0,0,0,0,0
14378,1,0,0,0,0,0,0,0
17886,0,0,1,0,0,0,0,0
697,1,0,0,0,0,0,0,0
3322,1,0,0,0,0,0,0,0
19414,1,0,0,0,0,0,0,0
5936,0,0,0,0,0,1,0,0
10224,0,0,0,0,1,0,0,0
8030,0,0,1,0,0,0,0,0
3338,0,0,0,0,1,0,0,0
709,0,0,0,0,0,1,0,0
8036,0,1,0,0,0,0,0,0
5940,1,0,0,0,0,0,0,0
19421,1,0,0,0,0,0,0,0
12349,1,0,0,0,0,0,0,0
16197,0,0,0,0,1,0,0,0
3340,1,0,0,0,0,0,0,0
25366,0,1,0,0,0,0,0,0
20772,1,0,0,0,0,0,0,0
19437,1,0,0,0,0,0,0,0
3373,0,0,0,0,0,1,0,0
23235,1,0,0,0,0,0,0,0
5951,0,0,0,0,1,0,0,0
5954,0,0,0,0,0,1,0,0
16217,0,0,0,0,1,0,0,0
10227,0,0,0,0,0,1,0,0
8043,1,0,0,0,0,0,0,0
3379,0,0,0,0,1,0,0,0
8050,1,0,0,0,0,0,0,0
16231,1,0,0,0,0,0,0,0
727,0,0,0,0,0,1,0,0
5958,0,0,0,1,0,0,0,0
8054,0,0,0,0,1,0,0,0
10231,0,0,0,0,0,1,0,0
16235,0,0,0,1,0,0,0,0
5968,1,0,0,0,0,0,0,0
12365,1,0,0,0,0,0,0,0
24396,1,0,0,0,0,0,0,0
10241,0,0,0,0,1,0,0,0
14407,0,0,0,0,0,1,0,0
12383,1,0,0,0,0,0,0,0
6020,0,0,0,0,0,1,0,0
3387,0,0,0,0,1,0,0,0
23247,1,0,0,0,0,0,0,0
20776,1,0,0,0,0,0,0,0
23253,1,0,0,0,0,0,0,0
25369,1,0,0,0,0,0,0,0
17900,1,0,0,0,0,0,0,0
8071,1,0,0,0,0,0,0,0
23252,1,0,0,0,0,0,0,0
23761,1,0,0,0,0,0,0,0
21868,1,0,0,0,0,0,0,0
10245,1,0,0,0,0,0,0,0
3391,0,0,1,0,0,0,0,0
16242,0,0,0,0,1,0,0,0
23255,1,0,0,0,0,0,0,0
21871,1,0,0,0,0,0,0,0
10248,1,0,0,0,0,0,0,0
10256,1,0,0,0,0,0,0,0
10250,1,0,0,0,0,0,0,0
17910,0,0,0,0,1,0,0,0
10258,1,0,0,0,0,0,0,0
24673,1,0,0,0,0,0,0,0
14417,1,0,0,0,0,0,0,0
10262,1,0,0,0,0,0,0,0
20788,0,0,0,0,1,0,0,0
20793,0,0,1,0,0,0,0,0
3411,0,1,0,0,0,0,0,0
12387,1,0,0,0,0,0,0,0
5981,0,0,0,0,1,0,0,0
3408,0,0,0,0,0,1,0,0
3414,1,0,0,0,0,0,0,0
10,1,0,0,0,0,0,0,0
23257,1,0,0,0,0,0,0,0
3423,0,0,0,0,0,1,0,0
10275,0,0,0,0,1,0,0,0
17917,0,0,0,0,1,0,0,0
16261,0,0,1,0,0,0,0,0
19471,0,0,0,1,0,0,0,0
8114,1,0,0,0,0,0,0,0
10278,1,0,0,0,0,0,0,0
5993,0,0,0,0,1,0,0,0
3434,0,0,0,0,1,0,0,0
775,0,0,0,0,1,0,0,0
8127,1,0,0,0,0,0,0,0
16267,0,0,0,0,1,0,0,0
24402,1,0,0,0,0,0,0,0
21875,0,1,0,0,0,0,0,0
24682,1,0,0,0,0,0,0,0
19487,1,0,0,0,0,0,0,0
8141,0,0,1,0,0,0,0,0
19492,0,0,1,0,0,0,0,0
17959,0,1,0,0,0,0,0,0
12397,0,0,0,0,1,0,0,0
19496,0,0,0,0,1,0,0,0
19503,1,0,0,0,0,0,0,0
24869,0,0,0,1,0,0,0,0
783,0,0,0,0,1,0,0,0
12401,0,0,0,0,0,1,0,0
17963,0,1,0,0,0,0,0,0
3453,0,0,0,0,0,1,0,0
16277,0,0,0,0,0,1,0,0
8151,0,1,0,0,0,0,0,0
21889,1,0,0,0,0,0,0,0
789,0,0,0,0,0,1,0,0
10318,0,0,0,0,0,1,0,0
20810,0,0,0,0,0,1,0,0
3459,0,0,0,0,0,1,0,0
6046,0,1,0,0,0,0,0,0
21891,0,0,0,1,0,0,0,0
24874,0,0,0,0,0,0,1,0
8166,0,0,0,1,0,0,0,0
8172,0,0,0,1,0,0,0,0
23264,0,0,0,0,1,0,0,0
17982,0,1,0,0,0,0,0,0
20820,0,0,0,0,0,1,0,0
830,0,0,0,0,1,0,0,0
24429,1,0,0,0,0,0,0,0
21901,0,0,1,0,0,0,0,0
8190,0,0,0,0,1,0,0,0
836,0,1,0,0,0,0,0,0
3486,0,0,0,0,1,0,0,0
14500,0,0,0,0,0,0,0,1
17994,1,0,0,0,0,0,0,0
20832,0,0,1,0,0,0,0,0
25541,0,0,0,0,1,0,0,0
838,0,0,0,0,1,0,0,0
10340,0,0,0,1,0,0,0,0
6081,0,0,0,0,0,1,0,0
16310,0,0,0,0,0,1,0,0
17999,0,0,0,0,0,1,0,0
18006,1,0,0,0,0,0,0,0
10357,0,0,0,0,0,1,0,0
14507,1,0,0,0,0,0,0,0
18012,0,0,0,0,0,1,0,0
6093,0,0,0,0,0,1,0,0
18018,0,0,0,0,1,0,0,0
8195,0,0,0,0,1,0,0,0
16325,0,0,0,0,0,1,0,0
10377,1,0,0,0,0,0,0,0
8200,0,0,1,0,0,0,0,0
3504,0,1,0,0,0,0,0,0
14517,0,0,0,1,0,0,0,0
8205,0,0,0,0,0,1,0,0
10398,0,0,0,0,1,0,0,0
12478,0,0,0,1,0,0,0,0
18020,0,0,0,0,1,0,0,0
10380,0,0,0,0,1,0,0,0
10384,0,0,0,0,1,0,0,0
6098,0,0,0,0,1,0,0,0
6100,0,0,0,1,0,0,0,0
23775,1,0,0,0,0,0,0,0
14520,0,0,0,0,1,0,0,0
12468,0,0,0,0,1,0,0,0
12474,0,0,0,0,1,0,0,0
6106,0,0,0,1,0,0,0,0
863,0,0,0,0,1,0,0,0
16333,0,0,0,0,1,0,0,0
3525,0,0,0,0,1,0,0,0
865,0,0,0,0,1,0,0,0
12483,0,0,0,0,1,0,0,0
10402,0,0,0,0,1,0,0,0
12488,0,0,0,0,1,0,0,0
8225,1,0,0,0,0,0,0,0
6117,0,0,0,0,0,1,0,0
18041,0,0,0,0,1,0,0,0
3533,0,0,0,0,0,1,0,0
6122,0,0,0,0,0,1,0,0
22713,1,0,0,0,0,0,0,0
12492,1,0,0,0,0,0,0,0
14527,0,0,0,0,1,0,0,0
23282,1,0,0,0,0,0,0,0
18050,1,0,0,0,0,0,0,0
19556,1,0,0,0,0,0,0,0
21923,1,0,0,0,0,0,0,0
16359,0,0,0,0,0,1,0,0
18053,0,0,0,1,0,0,0,0
18054,0,0,0,1,0,0,0,0
6152,0,0,0,0,1,0,0,0
12502,0,0,0,0,1,0,0,0
25165,1,0,0,0,0,0,0,0
6148,0,0,0,1,0,0,0,0
19565,0,0,0,0,1,0,0,0
3563,0,0,0,0,0,1,0,0
897,0,0,1,0,0,0,0,0
20858,0,0,0,0,1,0,0,0
14545,0,0,0,0,1,0,0,0
18086,0,0,0,0,0,1,0,0
12528,1,0,0,0,0,0,0,0
18095,0,0,1,0,0,0,0,0
911,0,0,0,0,0,0,0,1
918,0,0,0,1,0,0,0,0
10421,0,0,0,1,0,0,0,0
919,0,0,0,0,1,0,0,0
14549,0,0,0,0,1,0,0,0
6173,0,0,0,0,0,1,0,0
16381,0,0,0,0,0,1,0,0
8261,0,0,0,0,0,1,0,0
19572,0,0,0,0,1,0,0,0
21931,1,0,0,0,0,0,0,0
3588,0,0,0,0,0,1,0,0
928,0,0,0,0,0,0,0,1
14555,0,0,0,0,1,0,0,0
935,0,0,0,0,1,0,0,0
16392,0,0,0,0,0,1,0,0
12548,0,0,0,0,1,0,0,0
8278,0,0,0,0,0,1,0,0
8282,1,0,0,0,0,0,0,0
24430,1,0,0,0,0,0,0,0
18115,1,0,0,0,0,0,0,0
16414,1,0,0,0,0,0,0,0
19601,1,0,0,0,0,0,0,0
10464,1,0,0,0,0,0,0,0
20882,0,0,0,0,0,1,0,0
21945,0,0,0,0,1,0,0,0
20885,0,0,0,0,1,0,0,0
19582,0,0,0,0,1,0,0,0
21948,1,0,0,0,0,0,0,0
23287,1,0,0,0,0,0,0,0
25169,0,1,0,0,0,0,0,0
20888,0,1,0,0,0,0,0,0
21954,0,0,0,0,0,1,0,0
23781,1,0,0,0,0,0,0,0
10437,1,0,0,0,0,0,0,0
20890,0,0,0,0,1,0,0,0
16403,1,0,0,0,0,0,0,0
24877,0,0,0,0,1,0,0,0
963,0,0,0,0,0,1,0,0
16407,1,0,0,0,0,0,0,0
6191,1,0,0,0,0,0,0,0
19594,0,0,0,0,0,1,0,0
965,0,0,1,0,0,0,0,0
3601,0,1,0,0,0,0,0,0
8293,0,0,0,0,1,0,0,0
19608,0,1,0,0,0,0,0,0
16421,0,0,0,1,0,0,0,0
20896,0,0,0,0,1,0,0,0
991,0,0,0,0,1,0,0,0
6192,0,0,0,0,1,0,0,0
6196,0,0,0,0,1,0,0,0
3614,0,0,0,1,0,0,0,0
14572,0,0,0,0,1,0,0,0
24433,0,0,0,0,1,0,0,0
10481,0,0,0,0,0,1,0,0
10501,0,0,0,0,1,0,0,0
20905,0,0,0,1,0,0,0,0
16434,1,0,0,0,0,0,0,0
10493,0,1,0,0,0,0,0,0
21964,1,0,0,0,0,0,0,0
8311,0,0,0,0,1,0,0,0
10508,0,0,0,0,0,1,0,0
10513,0,0,0,0,1,0,0,0
10522,0,0,0,0,1,0,0,0
24436,1,0,0,0,0,0,0,0
23791,0,1,0,0,0,0,0,0
20918,1,0,0,0,0,0,0,0
10536,0,0,0,0,0,1,0,0
6207,0,0,0,0,1,0,0,0
1014,0,0,0,0,0,1,0,0
19619,0,0,0,0,0,1,0,0
22748,1,0,0,0,0,0,0,0
1026,1,0,0,0,0,0,0,0
1032,1,0,0,0,0,0,0,0
25813,1,0,0,0,0,0,0,0
1043,1,0,0,0,0,0,0,0
8336,1,0,0,0,0,0,0,0
10561,1,0,0,0,0,0,0,0
12573,1,0,0,0,0,0,0,0
25543,1,0,0,0,0,0,0,0
16466,0,0,0,0,0,1,0,0
25856,1,0,0,0,0,0,0,0
20925,1,0,0,0,0,0,0,0
16472,1,0,0,0,0,0,0,0
3679,1,0,0,0,0,0,0,0
25034,1,0,0,0,0,0,0,0
8338,1,0,0,0,0,0,0,0
22752,1,0,0,0,0,0,0,0
12576,1,0,0,0,0,0,0,0
25267,1,0,0,0,0,0,0,0
25632,1,0,0,0,0,0,0,0
6217,1,0,0,0,0,0,0,0
25719,1,0,0,0,0,0,0,0
24689,1,0,0,0,0,0,0,0
16475,1,0,0,0,0,0,0,0
6219,1,0,0,0,0,0,0,0
21976,0,1,0,0,0,0,0,0
16476,1,0,0,0,0,0,0,0
14613,1,0,0,0,0,0,0,0
18137,1,0,0,0,0,0,0,0
12583,0,0,0,0,1,0,0,0
3701,0,0,0,0,0,0,1,0
25544,1,0,0,0,0,0,0,0
22755,1,0,0,0,0,0,0,0
24882,1,0,0,0,0,0,0,0
10575,1,0,0,0,0,0,0,0
8358,1,0,0,0,0,0,0,0
16484,0,1,0,0,0,0,0,0
14627,0,0,0,0,1,0,0,0
10577,0,0,0,0,1,0,0,0
6230,0,0,0,0,1,0,0,0
18179,0,0,0,0,1,0,0,0
14629,0,0,0,0,1,0,0,0
8360,0,0,0,0,1,0,0,0
16487,0,0,1,0,0,0,0,0
10579,0,0,0,0,1,0,0,0
10584,0,0,0,0,0,1,0,0
25739,1,0,0,0,0,0,0,0
10587,1,0,0,0,0,0,0,0
25172,1,0,0,0,0,0,0,0
14641,0,0,0,0,1,0,0,0
6235,0,0,0,1,0,0,0,0
12,1,0,0,0,0,0,0,0
19625,0,0,0,0,1,0,0,0
18192,0,0,0,0,0,1,0,0
18197,0,0,1,0,0,0,0,0
3712,0,0,0,0,0,1,0,0
1078,0,0,0,0,0,1,0,0
10589,0,1,0,0,0,0,0,0
8379,0,0,0,0,1,0,0,0
23800,1,0,0,0,0,0,0,0
1089,0,0,1,0,0,0,0,0
20949,0,0,0,0,1,0,0,0
16503,0,0,0,0,0,1,0,0
6245,0,0,0,0,0,1,0,0
6252,1,0,0,0,0,0,0,0
18204,0,0,0,1,0,0,0,0
8387,0,0,0,0,0,1,0,0
6270,0,0,0,0,1,0,0,0
8396,0,0,0,0,0,1,0,0
22758,0,1,0,0,0,0,0,0
6279,1,0,0,0,0,0,0,0
18220,0,0,0,0,1,0,0,0
1108,1,0,0,0,0,0,0,0
8402,0,0,0,0,0,0,0,1
12676,0,0,0,0,0,1,0,0
18223,0,0,0,1,0,0,0,0
25860,1,0,0,0,0,0,0,0
20957,0,0,0,0,0,1,0,0
21985,1,0,0,0,0,0,0,0
18225,1,0,0,0,0,0,0,0
14675,0,0,0,1,0,0,0,0
12691,0,0,0,0,1,0,0,0
8411,0,0,0,0,0,1,0,0
19646,1,0,0,0,0,0,0,0
3731,0,0,1,0,0,0,0,0
12697,0,0,0,0,1,0,0,0
14677,0,0,0,0,1,0,0,0
3734,0,0,0,1,0,0,0,0
14688,0,0,0,0,1,0,0,0
6304,0,0,0,1,0,0,0,0
6406,0,0,0,0,1,0,0,0
14695,1,0,0,0,0,0,0,0
25273,1,0,0,0,0,0,0,0
8439,1,0,0,0,0,0,0,0
1154,0,0,0,0,1,0,0,0
25278,1,0,0,0,0,0,0,0
12708,0,0,0,0,1,0,0,0
19671,0,0,0,1,0,0,0,0
3747,0,0,0,0,1,0,0,0
1164,0,0,0,0,0,0,0,1
20971,1,0,0,0,0,0,0,0
14712,0,0,0,0,1,0,0,0
14720,0,0,0,1,0,0,0,0
16536,0,0,1,0,0,0,0,0
23820,1,0,0,0,0,0,0,0
25802,1,0,0,0,0,0,0,0
22773,0,0,0,0,0,1,0,0
22776,0,0,1,0,0,0,0,0
10643,0,0,0,0,0,1,0,0
6322,0,0,0,0,0,1,0,0
22781,0,0,0,0,0,1,0,0
14736,1,0,0,0,0,0,0,0
1255,1,0,0,0,0,0,0,0
8446,1,0,0,0,0,0,0,0
1258,0,0,0,0,0,1,0,0
3755,1,0,0,0,0,0,0,0
12725,0,1,0,0,0,0,0,0
1268,0,0,0,1,0,0,0,0
14740,0,0,0,0,1,0,0,0
8461,1,0,0,0,0,0,0,0
1300,1,0,0,0,0,0,0,0
6347,0,0,1,0,0,0,0,0
25741,1,0,0,0,0,0,0,0
20988,1,0,0,0,0,0,0,0
24454,1,0,0,0,0,0,0,0
1311,0,0,0,0,1,0,0,0
10659,0,0,0,0,1,0,0,0
16543,0,0,0,0,1,0,0,0
14763,0,0,0,0,1,0,0,0
6384,0,0,0,0,1,0,0,0
3777,1,0,0,0,0,0,0,0
3780,0,0,0,0,1,0,0,0
10663,0,1,0,0,0,0,0,0
8477,0,0,1,0,0,0,0,0
23309,1,0,0,0,0,0,0,0
14767,0,0,0,0,1,0,0,0
22791,1,0,0,0,0,0,0,0
1315,0,0,0,0,0,1,0,0
25548,1,0,0,0,0,0,0,0
16561,0,1,0,0,0,0,0,0
6400,0,0,0,1,0,0,0,0
1319,0,0,0,0,1,0,0,0
22796,0,0,0,0,1,0,0,0
1323,0,0,1,0,0,0,0,0
10668,0,0,0,0,0,1,0,0
12769,0,0,0,0,0,1,0,0
12766,0,0,0,0,0,1,0,0
10682,0,0,0,0,0,1,0,0
3810,0,0,0,0,1,0,0,0
12775,0,0,0,0,0,1,0,0
1350,1,0,0,0,0,0,0,0
18277,1,0,0,0,0,0,0,0
22797,1,0,0,0,0,0,0,0
19716,1,0,0,0,0,0,0,0
22015,1,0,0,0,0,0,0,0
21000,1,0,0,0,0,0,0,0
22799,1,0,0,0,0,0,0,0
22804,0,0,0,0,1,0,0,0
14774,0,0,0,0,1,0,0,0
12795,0,0,0,1,0,0,0,0
23311,0,0,1,0,0,0,0,0
18281,0,0,1,0,0,0,0,0
1359,0,0,0,0,0,1,0,0
18287,0,0,0,0,1,0,0,0
12799,1,0,0,0,0,0,0,0
8498,1,0,0,0,0,0,0,0
23316,1,0,0,0,0,0,0,0
16579,0,0,0,0,0,1,0,0
16588,0,0,0,0,1,0,0,0
18299,0,0,0,0,1,0,0,0
10700,0,0,0,1,0,0,0,0
23320,1,0,0,0,0,0,0,0
22807,1,0,0,0,0,0,0,0
43,1,0,0,0,0,0,0,0
24892,1,0,0,0,0,0,0,0
16606,1,0,0,0,0,0,0,0
16608,0,0,0,0,0,1,0,0
10708,0,0,0,0,1,0,0,0
21021,0,0,0,0,0,1,0,0
22031,0,0,0,0,0,1,0,0
16615,0,0,0,0,0,1,0,0
10735,0,0,0,0,0,1,0,0
8541,0,0,0,0,1,0,0,0
16617,1,0,0,0,0,0,0,0
24696,1,0,0,0,0,0,0,0
8547,0,0,0,0,1,0,0,0
14828,0,0,0,0,0,1,0,0
19738,0,0,0,0,0,1,0,0
24467,1,0,0,0,0,0,0,0
23825,1,0,0,0,0,0,0,0
14834,0,0,0,0,0,1,0,0
19745,0,0,0,0,1,0,0,0
10758,0,0,0,0,1,0,0,0
21032,0,0,0,0,0,1,0,0
6492,1,0,0,0,0,0,0,0
12834,1,0,0,0,0,0,0,0
10764,0,0,0,0,1,0,0,0
12837,1,0,0,0,0,0,0,0
12827,0,0,0,0,1,0,0,0
19748,1,0,0,0,0,0,0,0
6496,1,0,0,0,0,0,0,0
19760,0,0,0,0,0,1,0,0
6500,0,0,0,1,0,0,0,0
21039,0,1,0,0,0,0,0,0
8573,0,0,0,0,1,0,0,0
6514,0,0,0,0,1,0,0,0
12847,0,0,0,0,0,1,0,0
18331,0,0,0,0,0,1,0,0
12849,0,0,0,0,0,0,1,0
8576,0,0,0,0,1,0,0,0
12853,0,0,0,0,1,0,0,0
12855,0,0,0,0,1,0,0,0
12861,0,0,0,0,1,0,0,0
18340,0,0,0,0,1,0,0,0
22062,1,0,0,0,0,0,0,0
21049,1,0,0,0,0,0,0,0
6519,1,0,0,0,0,0,0,0
16657,1,0,0,0,0,0,0,0
24178,1,0,0,0,0,0,0,0
10781,1,0,0,0,0,0,0,0
3946,1,0,0,0,0,0,0,0
1427,1,0,0,0,0,0,0,0
6545,1,0,0,0,0,0,0,0
19781,1,0,0,0,0,0,0,0
16660,1,0,0,0,0,0,0,0
18354,1,0,0,0,0,0,0,0
10783,0,0,0,0,1,0,0,0
18364,1,0,0,0,0,0,0,0
10785,0,0,0,0,0,1,0,0
1432,0,0,0,0,0,1,0,0
19789,1,0,0,0,0,0,0,0
1438,0,0,0,0,1,0,0,0
22074,1,0,0,0,0,0,0,0
14880,0,0,0,1,0,0,0,0
8598,0,0,0,0,1,0,0,0
24705,0,0,0,0,1,0,0,0
12904,0,0,0,0,0,1,0,0
3959,0,1,0,0,0,0,0,0
23344,0,1,0,0,0,0,0,0
10795,0,0,0,0,0,1,0,0
12908,0,0,0,1,0,0,0,0
3974,0,0,0,0,1,0,0,0
22825,0,0,1,0,0,0,0,0
6570,0,0,0,0,0,1,0,0
10804,0,0,0,0,0,1,0,0
10819,0,0,0,0,1,0,0,0
18404,0,0,0,1,0,0,0,0
22077,0,0,0,1,0,0,0,0
14897,0,0,0,0,0,1,0,0
21106,0,0,0,0,1,0,0,0
12922,0,0,0,0,0,1,0,0
25681,1,0,0,0,0,0,0,0
22834,1,0,0,0,0,0,0,0
21114,1,0,0,0,0,0,0,0
3980,0,0,0,0,0,1,0,0
10830,0,0,0,0,0,1,0,0
4021,1,0,0,0,0,0,0,0
19841,0,0,0,0,1,0,0,0
21118,1,0,0,0,0,0,0,0
24706,1,0,0,0,0,0,0,0
25042,1,0,0,0,0,0,0,0
24897,1,0,0,0,0,0,0,0
23836,1,0,0,0,0,0,0,0
22839,0,0,0,0,1,0,0,0
47,1,0,0,0,0,0,0,0
1462,1,0,0,0,0,0,0,0
1466,1,0,0,0,0,0,0,0
1473,1,0,0,0,0,0,0,0
16740,0,0,0,0,0,1,0,0
6594,0,0,0,0,0,1,0,0
14928,1,0,0,0,0,0,0,0
12959,0,0,0,0,0,1,0,0
1486,1,0,0,0,0,0,0,0
4026,1,0,0,0,0,0,0,0
16751,1,0,0,0,0,0,0,0
18437,1,0,0,0,0,0,0,0
8636,1,0,0,0,0,0,0,0
14935,0,0,1,0,0,0,0,0
16758,0,0,0,0,1,0,0,0
4035,0,0,0,0,1,0,0,0
21134,0,0,0,0,0,1,0,0
4037,0,0,0,0,1,0,0,0
12973,0,0,0,0,0,0,0,1
18447,0,0,0,1,0,0,0,0
4041,1,0,0,0,0,0,0,0
10840,1,0,0,0,0,0,0,0
8663,1,0,0,0,0,0,0,0
12977,1,0,0,0,0,0,0,0
10848,1,0,0,0,0,0,0,0
12978,1,0,0,0,0,0,0,0
16765,1,0,0,0,0,0,0,0
21140,1,0,0,0,0,0,0,0
1496,1,0,0,0,0,0,0,0
4043,1,0,0,0,0,0,0,0
6610,1,0,0,0,0,0,0,0
23361,1,0,0,0,0,0,0,0
22106,1,0,0,0,0,0,0,0
23851,1,0,0,0,0,0,0,0
21142,1,0,0,0,0,0,0,0
22846,1,0,0,0,0,0,0,0
23845,1,0,0,0,0,0,0,0
24188,1,0,0,0,0,0,0,0
23357,1,0,0,0,0,0,0,0
22109,0,0,0,0,0,1,0,0
23853,1,0,0,0,0,0,0,0
14970,1,0,0,0,0,0,0,0
23863,1,0,0,0,0,0,0,0
12983,1,0,0,0,0,0,0,0
8676,0,0,0,0,1,0,0,0
8679,1,0,0,0,0,0,0,0
24903,1,0,0,0,0,0,0,0
25181,1,0,0,0,0,0,0,0
25555,1,0,0,0,0,0,0,0
19870,1,0,0,0,0,0,0,0
18459,1,0,0,0,0,0,0,0
14983,1,0,0,0,0,0,0,0
16771,1,0,0,0,0,0,0,0
18462,1,0,0,0,0,0,0,0
10885,0,0,0,0,0,1,0,0
4070,0,0,0,0,1,0,0,0
24710,1,0,0,0,0,0,0,0
24190,1,0,0,0,0,0,0,0
8686,1,0,0,0,0,0,0,0
25479,1,0,0,0,0,0,0,0
12991,0,0,0,0,0,1,0,0
8695,0,0,0,0,0,1,0,0
4072,1,0,0,0,0,0,0,0
8697,0,0,0,0,0,1,0,0
1514,1,0,0,0,0,0,0,0
19888,0,0,1,0,0,0,0,0
25047,0,0,0,0,1,0,0,0
4079,0,0,0,0,0,1,0,0
6639,0,0,0,0,0,1,0,0
18465,0,0,0,0,0,1,0,0
23380,0,1,0,0,0,0,0,0
4088,0,0,0,1,0,0,0,0
1534,0,0,0,0,0,1,0,0
21157,0,0,0,0,0,1,0,0
18467,1,0,0,0,0,0,0,0
19898,1,0,0,0,0,0,0,0
16804,1,0,0,0,0,0,0,0
22125,0,0,0,0,1,0,0,0
12999,0,0,0,0,0,1,0,0
6655,0,0,0,0,0,1,0,0
24910,1,0,0,0,0,0,0,0
21162,0,0,0,1,0,0,0,0
8731,0,0,0,0,0,1,0,0
16824,1,0,0,0,0,0,0,0
23398,0,1,0,0,0,0,0,0
1563,1,0,0,0,0,0,0,0
1550,1,0,0,0,0,0,0,0
24914,1,0,0,0,0,0,0,0
25286,1,0,0,0,0,0,0,0
25184,1,0,0,0,0,0,0,0
25483,1,0,0,0,0,0,0,0
4121,1,0,0,0,0,0,0,0
8736,1,0,0,0,0,0,0,0
6662,1,0,0,0,0,0,0,0
13003,1,0,0,0,0,0,0,0
10891,1,0,0,0,0,0,0,0
16832,1,0,0,0,0,0,0,0
15002,1,0,0,0,0,0,0,0
19910,1,0,0,0,0,0,0,0
21166,1,0,0,0,0,0,0,0
23402,1,0,0,0,0,0,0,0
22866,1,0,0,0,0,0,0,0
8740,1,0,0,0,0,0,0,0
24712,1,0,0,0,0,0,0,0
24485,1,0,0,0,0,0,0,0
25052,1,0,0,0,0,0,0,0
25188,1,0,0,0,0,0,0,0
25484,1,0,0,0,0,0,0,0
25380,1,0,0,0,0,0,0,0
18472,1,0,0,0,0,0,0,0
21172,1,0,0,0,0,0,0,0
22867,1,0,0,0,0,0,0,0
24194,1,0,0,0,0,0,0,0
23880,1,0,0,0,0,0,0,0
24489,1,0,0,0,0,0,0,0
4125,1,0,0,0,0,0,0,0
1562,1,0,0,0,0,0,0,0
22871,1,0,0,0,0,0,0,0
24918,1,0,0,0,0,0,0,0
25382,1,0,0,0,0,0,0,0
25486,1,0,0,0,0,0,0,0
10894,1,0,0,0,0,0,0,0
16834,1,0,0,0,0,0,0,0
18479,1,0,0,0,0,0,0,0
15018,1,0,0,0,0,0,0,0
13007,1,0,0,0,0,0,0,0
22869,1,0,0,0,0,0,0,0
15023,1,0,0,0,0,0,0,0
6670,1,0,0,0,0,0,0,0
10900,1,0,0,0,0,0,0,0
15026,1,0,0,0,0,0,0,0
21178,1,0,0,0,0,0,0,0
25720,1,0,0,0,0,0,0,0
1574,1,0,0,0,0,0,0,0
4129,1,0,0,0,0,0,0,0
19914,0,0,0,0,1,0,0,0
8747,0,0,0,0,1,0,0,0
13011,0,0,0,0,1,0,0,0
19924,1,0,0,0,0,0,0,0
6677,0,0,0,0,1,0,0,0
6684,0,0,0,0,1,0,0,0
16843,0,0,0,0,0,0,0,1
8759,1,0,0,0,0,0,0,0
10907,1,0,0,0,0,0,0,0
16852,1,0,0,0,0,0,0,0
23408,1,0,0,0,0,0,0,0
24497,1,0,0,0,0,0,0,0
4177,0,0,0,0,0,1,0,0
19933,0,0,0,0,1,0,0,0
15042,0,0,0,0,1,0,0,0
10908,0,0,0,0,0,1,0,0
8768,0,0,0,0,1,0,0,0
18488,0,0,0,1,0,0,0,0
8766,0,0,0,0,1,0,0,0
15044,0,0,0,0,0,1,0,0
16853,0,0,0,0,1,0,0,0
1596,0,0,0,0,0,1,0,0
13021,0,0,0,0,0,0,0,1
8774,0,0,0,0,1,0,0,0
22151,0,0,0,0,1,0,0,0
25557,1,0,0,0,0,0,0,0
10915,1,0,0,0,0,0,0,0
19958,1,0,0,0,0,0,0,0
24199,1,0,0,0,0,0,0,0
15049,0,0,1,0,0,0,0,0
4195,0,0,0,0,0,1,0,0
22155,0,0,0,0,0,1,0,0
1741,1,0,0,0,0,0,0,0
25807,1,0,0,0,0,0,0,0
19963,0,0,0,0,0,1,0,0
1826,0,0,0,0,1,0,0,0
10935,0,0,1,0,0,0,0,0
10939,0,0,0,1,0,0,0,0
10948,0,0,0,0,0,1,0,0
8856,0,0,0,0,0,1,0,0
16876,0,0,0,0,0,1,0,0
23893,1,0,0,0,0,0,0,0
1854,1,0,0,0,0,0,0,0
19987,1,0,0,0,0,0,0,0
21216,1,0,0,0,0,0,0,0
22170,1,0,0,0,0,0,0,0
23418,1,0,0,0,0,0,0,0
23905,1,0,0,0,0,0,0,0
24202,1,0,0,0,0,0,0,0
4321,1,0,0,0,0,0,0,0
4319,1,0,0,0,0,0,0,0
6727,1,0,0,0,0,0,0,0
10952,1,0,0,0,0,0,0,0
13072,1,0,0,0,0,0,0,0
13070,1,0,0,0,0,0,0,0
16882,1,0,0,0,0,0,0,0
24726,1,0,0,0,0,0,0,0
24208,1,0,0,0,0,0,0,0
25744,1,0,0,0,0,0,0,0
10962,1,0,0,0,0,0,0,0
15076,0,1,0,0,0,0,0,0
15088,1,0,0,0,0,0,0,0
21222,0,0,0,0,0,1,0,0
23908,0,0,0,0,0,1,0,0
6745,0,0,0,0,1,0,0,0
13090,0,0,0,0,1,0,0,0
25560,1,0,0,0,0,0,0,0
8866,1,0,0,0,0,0,0,0
15091,0,0,0,0,1,0,0,0
8874,1,0,0,0,0,0,0,0
23914,1,0,0,0,0,0,0,0
18540,1,0,0,0,0,0,0,0
21242,1,0,0,0,0,0,0,0
8881,0,0,0,0,1,0,0,0
23916,0,1,0,0,0,0,0,0
21244,0,1,0,0,0,0,0,0
18542,0,0,0,0,1,0,0,0
21249,0,0,1,0,0,0,0,0
15101,1,0,0,0,0,0,0,0
24733,0,1,0,0,0,0,0,0
25754,1,0,0,0,0,0,0,0
22183,0,0,0,0,0,1,0,0
6759,0,0,0,0,1,0,0,0
4372,0,0,0,0,1,0,0,0
6765,0,0,0,0,1,0,0,0
8885,1,0,0,0,0,0,0,0
25296,1,0,0,0,0,0,0,0
25722,1,0,0,0,0,0,0,0
20012,1,0,0,0,0,0,0,0
4377,1,0,0,0,0,0,0,0
1886,1,0,0,0,0,0,0,0
6771,1,0,0,0,0,0,0,0
21260,1,0,0,0,0,0,0,0
4380,0,0,0,0,0,1,0,0
22188,0,0,0,0,1,0,0,0
13114,0,0,0,0,1,0,0,0
22189,1,0,0,0,0,0,0,0
4384,0,0,0,1,0,0,0,0
21268,0,0,0,0,1,0,0,0
23919,0,0,1,0,0,0,0,0
4390,0,0,0,0,1,0,0,0
13119,0,0,0,0,1,0,0,0
8893,0,0,0,0,1,0,0,0
8901,1,0,0,0,0,0,0,0
24210,1,0,0,0,0,0,0,0
23922,1,0,0,0,0,0,0,0
25489,1,0,0,0,0,0,0,0
25298,1,0,0,0,0,0,0,0
20033,0,0,0,0,1,0,0,0
1930,1,0,0,0,0,0,0,0
24920,1,0,0,0,0,0,0,0
18567,1,0,0,0,0,0,0,0
24737,1,0,0,0,0,0,0,0
8916,1,0,0,0,0,0,0,0
20043,1,0,0,0,0,0,0,0
20044,1,0,0,0,0,0,0,0
8921,1,0,0,0,0,0,0,0
8922,0,0,0,0,0,1,0,0
13149,0,0,0,0,1,0,0,0
13157,0,0,0,0,1,0,0,0
1975,0,0,0,0,1,0,0,0
13162,0,0,0,1,0,0,0,0
22202,1,0,0,0,0,0,0,0
18574,0,0,0,0,0,1,0,0
4430,1,0,0,0,0,0,0,0
11047,0,0,0,0,1,0,0,0
24922,1,0,0,0,0,0,0,0
23924,0,0,1,0,0,0,0,0
21295,1,0,0,0,0,0,0,0
11052,0,0,0,0,1,0,0,0
6789,0,0,0,0,0,1,0,0
15142,0,0,0,0,1,0,0,0
18583,1,0,0,0,0,0,0,0
4446,0,0,1,0,0,0,0,0
11056,0,0,0,0,0,1,0,0
13172,0,0,0,1,0,0,0,0
8947,1,0,0,0,0,0,0,0
20074,1,0,0,0,0,0,0,0
13176,0,0,0,0,0,1,0,0
8954,1,0,0,0,0,0,0,0
22911,0,0,0,1,0,0,0,0
15158,0,0,0,0,1,0,0,0
11071,1,0,0,0,0,0,0,0
8979,1,0,0,0,0,0,0,0
11076,1,0,0,0,0,0,0,0
6840,1,0,0,0,0,0,0,0
1987,1,0,0,0,0,0,0,0
13198,1,0,0,0,0,0,0,0
8992,0,1,0,0,0,0,0,0
11088,0,0,0,0,1,0,0,0
6854,1,0,0,0,0,0,0,0
2003,0,0,0,0,1,0,0,0
13215,0,0,0,0,1,0,0,0
18596,0,1,0,0,0,0,0,0
16970,0,0,0,1,0,0,0,0
13219,1,0,0,0,0,0,0,0
21298,0,0,0,0,1,0,0,0
9002,0,0,1,0,0,0,0,0
6875,0,0,0,0,1,0,0,0
11105,0,0,0,0,0,1,0,0
9025,0,0,0,0,1,0,0,0
4474,0,0,0,0,1,0,0,0
18600,0,0,0,1,0,0,0,0
9028,0,0,0,0,0,1,0,0
17000,1,0,0,0,0,0,0,0
2017,1,0,0,0,0,0,0,0
21303,1,0,0,0,0,0,0,0
11116,0,0,0,0,1,0,0,0
23437,0,0,0,0,0,1,0,0
9040,0,0,0,0,0,1,0,0
20093,0,0,0,0,1,0,0,0
15185,0,1,0,0,0,0,0,0
9057,0,0,0,0,0,1,0,0
6904,0,0,0,0,1,0,0,0
15192,0,0,0,0,0,0,0,1
18613,0,0,0,0,0,1,0,0
24931,0,1,0,0,0,0,0,0
18621,0,0,0,0,1,0,0,0
18617,0,0,0,0,0,1,0,0
25756,1,0,0,0,0,0,0,0
18625,0,0,0,0,0,1,0,0
25059,0,0,0,0,1,0,0,0
24932,0,0,0,0,1,0,0,0
25201,0,0,0,0,1,0,0,0
11145,0,0,0,0,1,0,0,0
20109,0,1,0,0,0,0,0,0
17017,0,0,1,0,0,0,0,0
11157,0,0,0,0,1,0,0,0
24738,0,1,0,0,0,0,0,0
20114,0,0,0,0,0,1,0,0
9082,0,0,1,0,0,0,0,0
17028,0,0,0,0,1,0,0,0
15223,1,0,0,0,0,0,0,0
6925,0,0,0,0,1,0,0,0
20118,0,0,1,0,0,0,0,0
13249,0,1,0,0,0,0,0,0
4497,0,0,0,0,1,0,0,0
4506,0,0,0,0,0,1,0,0
18631,0,0,0,0,0,1,0,0
4513,1,0,0,0,0,0,0,0
6946,0,0,0,0,0,1,0,0
11173,1,0,0,0,0,0,0,0
13260,1,0,0,0,0,0,0,0
25406,0,0,0,0,1,0,0,0
17057,0,0,0,0,1,0,0,0
15224,0,0,0,0,1,0,0,0
9095,0,0,0,0,0,1,0,0
24227,1,0,0,0,0,0,0,0
4521,1,0,0,0,0,0,0,0
6956,1,0,0,0,0,0,0,0
11183,1,0,0,0,0,0,0,0
2046,1,0,0,0,0,0,0,0
9100,1,0,0,0,0,0,0,0
22236,1,0,0,0,0,0,0,0
20130,1,0,0,0,0,0,0,0
21330,1,0,0,0,0,0,0,0
15232,1,0,0,0,0,0,0,0
13278,1,0,0,0,0,0,0,0
18653,1,0,0,0,0,0,0,0
22242,1,0,0,0,0,0,0,0
21332,1,0,0,0,0,0,0,0
24229,1,0,0,0,0,0,0,0
24514,1,0,0,0,0,0,0,0
25066,1,0,0,0,0,0,0,0
25305,1,0,0,0,0,0,0,0
25205,1,0,0,0,0,0,0,0
25643,1,0,0,0,0,0,0,0
25495,1,0,0,0,0,0,0,0
25412,1,0,0,0,0,0,0,0
2048,1,0,0,0,0,0,0,0
13282,1,0,0,0,0,0,0,0
17068,1,0,0,0,0,0,0,0
15237,1,0,0,0,0,0,0,0
18658,1,0,0,0,0,0,0,0
17063,1,0,0,0,0,0,0,0
23454,1,0,0,0,0,0,0,0
22246,1,0,0,0,0,0,0,0
22250,1,0,0,0,0,0,0,0
20141,1,0,0,0,0,0,0,0
20138,1,0,0,0,0,0,0,0
21334,1,0,0,0,0,0,0,0
6960,1,0,0,0,0,0,0,0
4528,1,0,0,0,0,0,0,0
24244,1,0,0,0,0,0,0,0
23469,1,0,0,0,0,0,0,0
22949,1,0,0,0,0,0,0,0
23959,1,0,0,0,0,0,0,0
24240,1,0,0,0,0,0,0,0
23467,1,0,0,0,0,0,0,0
15252,1,0,0,0,0,0,0,0
11213,1,0,0,0,0,0,0,0
13295,1,0,0,0,0,0,0,0
24248,1,0,0,0,0,0,0,0
23470,1,0,0,0,0,0,0,0
13302,1,0,0,0,0,0,0,0
23961,1,0,0,0,0,0,0,0
21343,1,0,0,0,0,0,0,0
18675,1,0,0,0,0,0,0,0
4577,1,0,0,0,0,0,0,0
4580,1,0,0,0,0,0,0,0
9136,1,0,0,0,0,0,0,0
6979,1,0,0,0,0,0,0,0
6982,1,0,0,0,0,0,0,0
2107,1,0,0,0,0,0,0,0
22956,1,0,0,0,0,0,0,0
13308,1,0,0,0,0,0,0,0
18681,1,0,0,0,0,0,0,0
15257,1,0,0,0,0,0,0,0
17074,1,0,0,0,0,0,0,0
24938,1,0,0,0,0,0,0,0
21345,1,0,0,0,0,0,0,0
17076,1,0,0,0,0,0,0,0
20149,1,0,0,0,0,0,0,0
18685,1,0,0,0,0,0,0,0
24743,1,0,0,0,0,0,0,0
24941,1,0,0,0,0,0,0,0
25208,1,0,0,0,0,0,0,0
25307,1,0,0,0,0,0,0,0
25417,1,0,0,0,0,0,0,0
13311,1,0,0,0,0,0,0,0
9139,1,0,0,0,0,0,0,0
15238,1,0,0,0,0,0,0,0
13285,1,0,0,0,0,0,0,0
13291,1,0,0,0,0,0,0,0
23939,1,0,0,0,0,0,0,0
22938,1,0,0,0,0,0,0,0
23457,1,0,0,0,0,0,0,0
4533,1,0,0,0,0,0,0,0
9115,1,0,0,0,0,0,0,0
2059,1,0,0,0,0,0,0,0
9117,1,0,0,0,0,0,0,0
4541,1,0,0,0,0,0,0,0
6967,1,0,0,0,0,0,0,0
23946,1,0,0,0,0,0,0,0
24516,1,0,0,0,0,0,0,0
22946,1,0,0,0,0,0,0,0
22255,1,0,0,0,0,0,0,0
21338,1,0,0,0,0,0,0,0
2072,1,0,0,0,0,0,0,0
18663,1,0,0,0,0,0,0,0
15248,1,0,0,0,0,0,0,0
18671,0,1,0,0,0,0,0,0
4563,1,0,0,0,0,0,0,0
2080,1,0,0,0,0,0,0,0
4564,1,0,0,0,0,0,0,0
4587,1,0,0,0,0,0,0,0
11219,1,0,0,0,0,0,0,0
4590,1,0,0,0,0,0,0,0
18690,0,0,0,1,0,0,0,0
4592,1,0,0,0,0,0,0,0
13346,0,0,0,0,1,0,0,0
4604,1,0,0,0,0,0,0,0
24256,1,0,0,0,0,0,0,0
4614,1,0,0,0,0,0,0,0
2118,0,0,0,0,1,0,0,0
24755,0,0,0,0,1,0,0,0
7013,0,1,0,0,0,0,0,0
18707,1,0,0,0,0,0,0,0
11226,0,0,0,1,0,0,0,0
22969,1,0,0,0,0,0,0,0
23488,1,0,0,0,0,0,0,0
13388,0,0,0,1,0,0,0,0
18717,0,0,0,1,0,0,0,0
22971,0,0,0,0,0,1,0,0
11234,0,0,0,0,0,1,0,0
9153,1,0,0,0,0,0,0,0
15281,0,0,0,0,0,1,0,0
23968,0,0,0,0,1,0,0,0
24265,0,0,0,0,1,0,0,0
24524,0,0,0,0,1,0,0,0
18721,0,0,0,0,1,0,0,0
4627,0,0,0,0,1,0,0,0
18727,0,0,0,0,0,1,0,0
2211,0,0,0,0,1,0,0,0
15288,1,0,0,0,0,0,0,0
9157,0,0,0,0,1,0,0,0
11269,0,0,0,1,0,0,0,0
7016,0,0,0,0,0,1,0,0
13396,0,0,0,1,0,0,0,0
2226,0,0,0,0,0,0,1,0
9171,1,0,0,0,0,0,0,0
15302,0,0,0,0,0,1,0,0
7026,0,0,0,0,0,1,0,0
4644,0,0,0,0,1,0,0,0
4650,0,0,0,0,1,0,0,0
9180,0,0,1,0,0,0,0,0
4654,0,0,0,0,0,1,0,0
11290,0,0,0,0,1,0,0,0
22978,0,0,0,0,0,1,0,0
20160,1,0,0,0,0,0,0,0
4657,0,0,0,0,0,1,0,0
15320,1,0,0,0,0,0,0,0
13417,0,1,0,0,0,0,0,0
7047,1,0,0,0,0,0,0,0
13421,1,0,0,0,0,0,0,0
11308,1,0,0,0,0,0,0,0
9191,1,0,0,0,0,0,0,0
17115,1,0,0,0,0,0,0,0
18763,1,0,0,0,0,0,0,0
21365,1,0,0,0,0,0,0,0
15328,1,0,0,0,0,0,0,0
20171,1,0,0,0,0,0,0,0
4667,1,0,0,0,0,0,0,0
11314,1,0,0,0,0,0,0,0
7050,1,0,0,0,0,0,0,0
13424,1,0,0,0,0,0,0,0
2241,1,0,0,0,0,0,0,0
9194,1,0,0,0,0,0,0,0
21374,1,0,0,0,0,0,0,0
18768,1,0,0,0,0,0,0,0
22283,1,0,0,0,0,0,0,0
15339,1,0,0,0,0,0,0,0
20179,1,0,0,0,0,0,0,0
17135,1,0,0,0,0,0,0,0
22988,1,0,0,0,0,0,0,0
20186,1,0,0,0,0,0,0,0
23504,1,0,0,0,0,0,0,0
24532,1,0,0,0,0,0,0,0
23985,1,0,0,0,0,0,0,0
24946,1,0,0,0,0,0,0,0
24761,1,0,0,0,0,0,0,0
4670,1,0,0,0,0,0,0,0
9205,1,0,0,0,0,0,0,0
25078,1,0,0,0,0,0,0,0
25504,1,0,0,0,0,0,0,0
25420,1,0,0,0,0,0,0,0
25571,1,0,0,0,0,0,0,0
25314,1,0,0,0,0,0,0,0
23989,1,0,0,0,0,0,0,0
24280,1,0,0,0,0,0,0,0
24764,1,0,0,0,0,0,0,0
22992,1,0,0,0,0,0,0,0
23516,1,0,0,0,0,0,0,0
23994,1,0,0,0,0,0,0,0
24538,1,0,0,0,0,0,0,0
24768,1,0,0,0,0,0,0,0
22994,1,0,0,0,0,0,0,0
24284,1,0,0,0,0,0,0,0
11317,1,0,0,0,0,0,0,0
17121,1,0,0,0,0,0,0,0
23982,1,0,0,0,0,0,0,0
24944,1,0,0,0,0,0,0,0
7053,1,0,0,0,0,0,0,0
25758,1,0,0,0,0,0,0,0
25723,1,0,0,0,0,0,0,0
17129,1,0,0,0,0,0,0,0
23503,1,0,0,0,0,0,0,0
21371,1,0,0,0,0,0,0,0
4669,1,0,0,0,0,0,0,0
9198,1,0,0,0,0,0,0,0
7064,1,0,0,0,0,0,0,0
25418,1,0,0,0,0,0,0,0
25569,1,0,0,0,0,0,0,0
25506,1,0,0,0,0,0,0,0
21381,1,0,0,0,0,0,0,0
22288,1,0,0,0,0,0,0,0
9207,0,0,0,0,0,0,0,1
22290,0,0,1,0,0,0,0,0
13436,0,0,0,0,1,0,0,0
25211,0,1,0,0,0,0,0,0
23998,0,0,0,1,0,0,0,0
2264,0,0,0,0,0,1,0,0
2291,0,0,0,1,0,0,0,0
4686,1,0,0,0,0,0,0,0
18780,0,0,0,0,0,1,0,0
18787,1,0,0,0,0,0,0,0
17152,0,0,0,0,1,0,0,0
4689,0,0,0,0,1,0,0,0
7085,0,0,0,0,1,0,0,0
2292,0,0,0,0,0,1,0,0
2315,1,0,0,0,0,0,0,0
7088,0,0,1,0,0,0,0,0
2321,0,0,0,0,1,0,0,0
25216,1,0,0,0,0,0,0,0
17156,0,0,1,0,0,0,0,0
25782,1,0,0,0,0,0,0,0
7093,0,0,0,0,1,0,0,0
24772,1,0,0,0,0,0,0,0
7103,0,0,0,0,0,1,0,0
4692,0,0,0,0,0,1,0,0
9223,0,0,0,0,0,1,0,0
18799,0,0,0,0,0,1,0,0
2334,0,0,0,0,0,1,0,0
9264,0,0,0,0,0,1,0,0
9374,0,0,0,0,1,0,0,0
17176,0,0,0,0,0,1,0,0
20194,0,0,0,0,0,1,0,0
11374,0,0,0,0,0,1,0,0
13453,0,0,0,0,0,1,0,0
11382,0,0,0,0,1,0,0,0
13460,0,0,0,0,0,1,0,0
25787,1,0,0,0,0,0,0,0
23020,1,0,0,0,0,0,0,0
20205,0,0,0,0,0,1,0,0
24542,1,0,0,0,0,0,0,0
20206,0,0,0,0,1,0,0,0
13471,0,0,0,0,0,1,0,0
2355,0,0,0,0,1,0,0,0
7131,0,0,0,0,0,1,0,0
4723,1,0,0,0,0,0,0,0
11396,0,0,0,0,1,0,0,0
13479,0,0,0,0,0,1,0,0
18822,0,0,0,0,1,0,0,0
4729,0,1,0,0,0,0,0,0
17183,1,0,0,0,0,0,0,0
15378,1,0,0,0,0,0,0,0
20216,0,0,0,0,1,0,0,0
11401,0,0,1,0,0,0,0,0
18829,1,0,0,0,0,0,0,0
21406,0,0,0,0,1,0,0,0
23026,0,0,0,0,0,1,0,0
4743,1,0,0,0,0,0,0,0
25081,1,0,0,0,0,0,0,0
11414,0,0,0,0,0,1,0,0
18835,0,0,0,0,0,1,0,0
13482,0,0,0,0,1,0,0,0
4753,1,0,0,0,0,0,0,0
23529,1,0,0,0,0,0,0,0
22316,1,0,0,0,0,0,0,0
25830,1,0,0,0,0,0,0,0
23050,0,1,0,0,0,0,0,0
2372,0,0,0,0,1,0,0,0
7150,0,0,0,0,1,0,0,0
18859,0,0,0,0,1,0,0,0
15400,0,0,1,0,0,0,0,0
22320,0,1,0,0,0,0,0,0
20233,1,0,0,0,0,0,0,0
17241,1,0,0,0,0,0,0,0
25222,1,0,0,0,0,0,0,0
15417,0,0,0,0,0,1,0,0
11425,1,0,0,0,0,0,0,0
20246,0,0,0,0,1,0,0,0
17263,1,0,0,0,0,0,0,0
4765,1,0,0,0,0,0,0,0
18886,0,0,0,0,1,0,0,0
2385,0,0,0,0,1,0,0,0
25848,1,0,0,0,0,0,0,0
25854,1,0,0,0,0,0,0,0
11435,0,0,0,0,0,1,0,0
7185,0,0,0,0,1,0,0,0
4766,1,0,0,0,0,0,0,0
4783,1,0,0,0,0,0,0,0
23532,0,0,0,0,0,1,0,0
22335,0,0,0,0,0,1,0,0
7189,0,0,0,0,0,1,0,0
13509,1,0,0,0,0,0,0,0
23061,1,0,0,0,0,0,0,0
7195,0,0,0,0,0,1,0,0
20262,0,0,0,0,1,0,0,0
23535,1,0,0,0,0,0,0,0
23031,0,0,0,0,1,0,0,0
25218,0,0,0,0,0,1,0,0
17231,0,0,0,0,0,1,0,0
25422,1,0,0,0,0,0,0,0
23057,0,0,0,0,1,0,0,0
4803,0,0,0,0,1,0,0,0
22338,0,0,0,1,0,0,0,0
17287,1,0,0,0,0,0,0,0
4815,0,0,0,1,0,0,0,0
21474,0,0,0,0,1,0,0,0
7202,0,0,0,1,0,0,0,0
9336,0,0,0,0,1,0,0,0
9339,0,0,0,0,0,1,0,0
18894,0,0,0,0,1,0,0,0
4826,0,0,0,0,1,0,0,0
13532,1,0,0,0,0,0,0,0
24006,0,0,0,0,1,0,0,0
2410,1,0,0,0,0,0,0,0
23083,0,0,1,0,0,0,0,0
2446,0,0,1,0,0,0,0,0
23552,0,0,0,1,0,0,0,0
24558,1,0,0,0,0,0,0,0
11460,0,0,0,0,0,1,0,0
23086,0,0,1,0,0,0,0,0
2461,1,0,0,0,0,0,0,0
13542,1,0,0,0,0,0,0,0
21478,1,0,0,0,0,0,0,0
24955,1,0,0,0,0,0,0,0
22349,1,0,0,0,0,0,0,0
4828,1,0,0,0,0,0,0,0
18916,1,0,0,0,0,0,0,0
2468,1,0,0,0,0,0,0,0
24957,1,0,0,0,0,0,0,0
15449,1,0,0,0,0,0,0,0
4836,0,0,0,0,0,1,0,0
21485,0,0,0,0,1,0,0,0
15468,0,0,0,0,0,1,0,0
22356,0,0,1,0,0,0,0,0
7231,0,0,1,0,0,0,0,0
15481,0,0,0,0,0,1,0,0
25090,0,1,0,0,0,0,0,0
23554,0,0,0,0,0,1,0,0
7237,0,0,0,0,0,1,0,0
4839,0,0,0,0,0,1,0,0
24304,0,0,0,0,0,1,0,0
22364,0,0,0,0,0,1,0,0
4852,0,0,0,0,1,0,0,0
24019,0,0,0,0,0,1,0,0
17326,0,0,0,0,0,1,0,0
4857,0,0,0,0,0,1,0,0
25094,1,0,0,0,0,0,0,0
4864,1,0,0,0,0,0,0,0
2519,1,0,0,0,0,0,0,0
7255,1,0,0,0,0,0,0,0
20296,1,0,0,0,0,0,0,0
17340,1,0,0,0,0,0,0,0
18920,1,0,0,0,0,0,0,0
23089,0,0,0,0,1,0,0,0
25692,1,0,0,0,0,0,0,0
9371,1,0,0,0,0,0,0,0
22373,0,0,0,0,0,1,0,0
2530,1,0,0,0,0,0,0,0
11479,1,0,0,0,0,0,0,0
17347,0,0,0,0,1,0,0,0
20305,0,0,0,0,1,0,0,0
9378,0,0,1,0,0,0,0,0
23092,1,0,0,0,0,0,0,0
7272,0,0,0,1,0,0,0,0
13562,0,0,0,0,0,1,0,0
22383,1,0,0,0,0,0,0,0
11488,0,0,1,0,0,0,0,0
22384,0,1,0,0,0,0,0,0
22390,0,0,0,0,0,1,0,0
23094,0,0,0,0,0,1,0,0
9393,1,0,0,0,0,0,0,0
50,0,0,0,0,1,0,0,0
21512,0,0,0,0,0,1,0,0
15519,0,0,0,0,0,1,0,0
18943,0,0,0,0,1,0,0,0
13572,0,0,0,0,1,0,0,0
4981,0,0,0,0,0,1,0,0
7285,0,0,0,0,1,0,0,0
20333,0,0,0,0,0,1,0,0
22394,0,0,0,0,0,1,0,0
24025,1,0,0,0,0,0,0,0
7289,0,0,0,0,0,1,0,0
11496,1,0,0,0,0,0,0,0
24578,1,0,0,0,0,0,0,0
15540,0,0,0,0,0,0,0,1
11501,1,0,0,0,0,0,0,0
22398,1,0,0,0,0,0,0,0
7300,0,0,1,0,0,0,0,0
13578,1,0,0,0,0,0,0,0
4994,1,0,0,0,0,0,0,0
21517,1,0,0,0,0,0,0,0
23098,1,0,0,0,0,0,0,0
23568,1,0,0,0,0,0,0,0
24027,1,0,0,0,0,0,0,0
24585,1,0,0,0,0,0,0,0
24780,1,0,0,0,0,0,0,0
24964,1,0,0,0,0,0,0,0
25226,1,0,0,0,0,0,0,0
25508,1,0,0,0,0,0,0,0
25660,1,0,0,0,0,0,0,0
25696,1,0,0,0,0,0,0,0
25728,1,0,0,0,0,0,0,0
9418,1,0,0,0,0,0,0,0
25809,1,0,0,0,0,0,0,0
18973,1,0,0,0,0,0,0,0
20338,1,0,0,0,0,0,0,0
18976,0,0,0,0,1,0,0,0
9429,0,0,0,0,1,0,0,0
24587,0,0,1,0,0,0,0,0
24590,1,0,0,0,0,0,0,0
25229,1,0,0,0,0,0,0,0
11512,1,0,0,0,0,0,0,0
24966,1,0,0,0,0,0,0,0
13592,1,0,0,0,0,0,0,0
25585,1,0,0,0,0,0,0,0
4999,1,0,0,0,0,0,0,0
15571,0,0,0,0,1,0,0,0
24783,1,0,0,0,0,0,0,0
2608,1,0,0,0,0,0,0,0
5041,1,0,0,0,0,0,0,0
7345,1,0,0,0,0,0,0,0
7367,0,0,0,0,1,0,0,0
15637,0,0,0,0,0,1,0,0
5006,0,0,0,0,0,1,0,0
11517,0,0,0,0,0,1,0,0
5018,0,0,0,0,1,0,0,0
9443,0,0,1,0,0,0,0,0
2575,0,0,0,0,1,0,0,0
20360,0,0,0,0,0,1,0,0
2584,1,0,0,0,0,0,0,0
5022,1,0,0,0,0,0,0,0
11528,0,0,0,0,0,1,0,0
7323,0,0,0,0,0,1,0,0
2586,0,0,0,0,1,0,0,0
23576,0,0,1,0,0,0,0,0
13624,0,0,1,0,0,0,0,0
13621,0,0,1,0,0,0,0,0
15590,0,0,0,0,0,1,0,0
9460,0,0,0,0,1,0,0,0
25101,0,1,0,0,0,0,0,0
20380,0,0,0,0,1,0,0,0
17431,0,0,0,0,1,0,0,0
25233,1,0,0,0,0,0,0,0
24786,0,0,0,0,0,1,0,0
5032,0,0,0,0,0,1,0,0
15598,0,0,0,0,0,1,0,0
13637,0,0,0,0,1,0,0,0
2593,1,0,0,0,0,0,0,0
13641,1,0,0,0,0,0,0,0
2600,1,0,0,0,0,0,0,0
2605,0,0,0,0,1,0,0,0
5038,0,0,0,0,1,0,0,0
15605,0,0,1,0,0,0,0,0
2607,0,0,0,0,1,0,0,0
5049,0,0,0,1,0,0,0,0
25104,1,0,0,0,0,0,0,0
11552,0,0,0,0,1,0,0,0
5053,0,0,1,0,0,0,0,0
17454,0,0,0,0,0,1,0,0
11556,0,0,1,0,0,0,0,0
21529,0,0,0,0,0,1,0,0
25511,0,1,0,0,0,0,0,0
13653,0,0,0,1,0,0,0,0
23587,0,0,0,0,1,0,0,0
21536,0,0,0,0,1,0,0,0
13661,0,0,0,0,1,0,0,0
17457,0,0,0,0,0,1,0,0
15618,0,0,0,0,0,1,0,0
2634,0,0,0,0,0,1,0,0
5073,0,0,1,0,0,0,0,0
13674,0,0,0,1,0,0,0,0
19031,1,0,0,0,0,0,0,0
15633,0,0,0,0,1,0,0,0
22428,0,0,0,0,1,0,0,0
5120,0,1,0,0,0,0,0,0
7373,0,0,1,0,0,0,0,0
2651,0,0,1,0,0,0,0,0
22439,0,0,1,0,0,0,0,0
15645,0,0,0,0,1,0,0,0
5127,0,0,0,0,1,0,0,0
7380,0,0,0,1,0,0,0,0
13682,0,0,0,1,0,0,0,0
17480,0,0,0,1,0,0,0,0
11598,1,0,0,0,0,0,0,0
22454,0,1,0,0,0,0,0,0
23603,0,0,0,0,0,0,1,0
19056,0,0,0,1,0,0,0,0
20414,0,0,1,0,0,0,0,0
7406,0,0,0,0,0,1,0,0
21608,0,0,0,0,0,1,0,0
5220,0,0,1,0,0,0,0,0
9665,0,0,1,0,0,0,0,0
5546,0,0,0,0,0,1,0,0
24841,1,0,0,0,0,0,0,0
20687,0,0,0,0,0,1,0,0
23205,0,0,0,0,0,1,0,0
19376,0,0,0,0,0,1,0,0
17880,0,0,0,0,0,1,0,0
17890,0,0,0,0,1,0,0,0
3375,0,0,0,0,0,1,0,0
24427,0,0,0,0,1,0,0,0
10344,0,0,0,0,0,1,0,0
19567,0,0,0,0,0,1,0,0
18097,0,0,0,0,0,1,0,0
20863,0,0,1,0,0,0,0,0
20911,0,0,0,0,0,1,0,0
20943,0,0,0,0,0,1,0,0
8428,0,0,1,0,0,0,0,0
12785,0,0,1,0,0,0,0,0
14780,0,0,0,0,1,0,0,0
22122,0,0,0,0,0,1,0,0
22855,0,0,0,0,0,1,0,0
20006,0,0,1,0,0,0,0,0
4388,0,0,0,0,0,1,0,0
11028,0,0,0,0,0,1,0,0
16949,1,0,0,0,0,0,0,0
16978,0,0,1,0,0,0,0,0
9086,0,0,0,0,0,1,0,0
17049,0,0,0,0,0,1,0,0
4734,0,0,0,0,0,1,0,0
15432,0,0,0,0,0,1,0,0
13537,0,0,0,0,1,0,0,0
2457,0,0,0,0,0,1,0,0
17363,0,0,0,0,1,0,0,0
13597,1,0,0,0,0,0,0,0
9433,1,0,0,0,0,0,0,0
2579,0,0,1,0,0,0,0,0
15587,0,0,0,0,0,1,0,0
19000,0,0,1,0,0,0,0,0
