clip_id,classical,country,jazz,pop,rock,techno,blues,dance
41797,0,0,0,0,1,0,0,0
38338,1,0,0,0,0,0,0,0
34335,0,0,0,0,1,0,0,0
25542,1,0,0,0,0,0,0,0
38344,0,0,0,0,0,1,0,0
5850,1,0,0,0,0,0,0,0
38352,1,0,0,0,0,0,0,0
41802,1,0,0,0,0,0,0,0
16219,1,0,0,0,0,0,0,0
25564,1,0,0,0,0,0,0,0
34341,1,0,0,0,0,0,0,0
11247,0,0,0,0,1,0,0,0
34347,0,0,1,0,0,0,0,0
34359,1,0,0,0,0,0,0,0
38362,0,0,0,0,1,0,0,0
16232,0,0,0,0,1,0,0,0
16242,1,0,0,0,0,0,0,0
5867,0,0,0,0,0,1,0,0
16246,0,0,0,0,0,1,0,0
25598,0,0,0,0,1,0,0,0
20914,1,0,0,0,0,0,0,0
41814,1,0,0,0,0,0,0,0
52334,1,0,0,0,0,0,0,0
47428,1,0,0,0,0,0,0,0
51056,1,0,0,0,0,0,0,0
11305,1,0,0,0,0,0,0,0
5881,1,0,0,0,0,0,0,0
11314,1,0,0,0,0,0,0,0
54232,1,0,0,0,0,0,0,0
5885,0,0,0,0,0,1,0,0
5903,0,0,0,0,1,0,0,0
38370,1,0,0,0,0,0,0,0
53428,1,0,0,0,0,0,0,0
54245,1,0,0,0,0,0,0,0
54995,1,0,0,0,0,0,0,0
55555,1,0,0,0,0,0,0,0
34389,1,0,0,0,0,0,0,0
30113,1,0,0,0,0,0,0,0
25631,1,0,0,0,0,0,0,0
16280,1,0,0,0,0,0,0,0
11322,1,0,0,0,0,0,0,0
57236,1,0,0,0,0,0,0,0
56528,1,0,0,0,0,0,0,0
20953,1,0,0,0,0,0,0,0
25636,1,0,0,0,0,0,0,0
30124,1,0,0,0,0,0,0,0
38391,1,0,0,0,0,0,0,0
20970,0,0,0,1,0,0,0,0
16306,0,0,0,0,0,1,0,0
30153,1,0,0,0,0,0,0,0
38414,1,0,0,0,0,0,0,0
41835,1,0,0,0,0,0,0,0
44938,1,0,0,0,0,0,0,0
20986,0,0,0,0,0,1,0,0
25662,0,0,1,0,0,0,0,0
25670,0,0,0,0,0,1,0,0
44944,1,0,0,0,0,0,0,0
139,1,0,0,0,0,0,0,0
21006,0,0,0,0,0,1,0,0
172,0,0,0,0,0,1,0,0
41841,0,0,0,0,0,1,0,0
11340,1,0,0,0,0,0,0,0
16335,1,0,0,0,0,0,0,0
21013,1,0,0,0,0,0,0,0
25698,1,0,0,0,0,0,0,0
30175,1,0,0,0,0,0,0,0
184,0,0,0,0,1,0,0,0
44951,0,1,0,0,0,0,0,0
56545,1,0,0,0,0,0,0,0
47461,1,0,0,0,0,0,0,0
30204,0,0,0,1,0,0,0,0
34451,1,0,0,0,0,0,0,0
198,0,0,0,0,1,0,0,0
47490,0,0,0,0,1,0,0,0
58214,1,0,0,0,0,0,0,0
21064,1,0,0,0,0,0,0,0
49476,1,0,0,0,0,0,0,0
47471,0,0,0,0,1,0,0,0
56102,1,0,0,0,0,0,0,0
30225,0,0,0,0,1,0,0,0
44972,1,0,0,0,0,0,0,0
21067,0,0,0,0,0,1,0,0
41905,0,0,1,0,0,0,0,0
21077,0,1,0,0,0,0,0,0
25737,0,0,1,0,0,0,0,0
44977,1,0,0,0,0,0,0,0
224,0,0,0,0,1,0,0,0
21090,1,0,0,0,0,0,0,0
58346,1,0,0,0,0,0,0,0
16390,1,0,0,0,0,0,0,0
41928,0,0,1,0,0,0,0,0
38456,0,0,0,0,1,0,0,0
54257,1,0,0,0,0,0,0,0
38461,0,0,0,0,0,1,0,0
51092,1,0,0,0,0,0,0,0
45009,1,0,0,0,0,0,0,0
6002,1,0,0,0,0,0,0,0
53460,1,0,0,0,0,0,0,0
30240,1,0,0,0,0,0,0,0
58526,1,0,0,0,0,0,0,0
41961,1,0,0,0,0,0,0,0
34484,1,0,0,0,0,0,0,0
16401,0,0,0,0,0,1,0,0
253,0,0,0,0,1,0,0,0
11426,0,0,1,0,0,0,0,0
41979,0,0,1,0,0,0,0,0
16417,0,0,0,0,0,1,0,0
30318,0,0,0,0,1,0,0,0
11455,0,0,0,0,0,0,1,0
45022,0,0,0,1,0,0,0,0
6051,1,0,0,0,0,0,0,0
16435,1,0,0,0,0,0,0,0
42018,1,0,0,0,0,0,0,0
34564,1,0,0,0,0,0,0,0
51114,1,0,0,0,0,0,0,0
34574,1,0,0,0,0,0,0,0
53484,1,0,0,0,0,0,0,0
11487,1,0,0,0,0,0,0,0
30377,1,0,0,0,0,0,0,0
293,0,0,0,0,0,1,0,0
34620,0,0,0,0,0,1,0,0
25858,0,0,0,0,0,1,0,0
34629,1,0,0,0,0,0,0,0
38514,1,0,0,0,0,0,0,0
30404,0,0,0,1,0,0,0,0
25872,0,0,0,0,1,0,0,0
58530,1,0,0,0,0,0,0,0
38526,1,0,0,0,0,0,0,0
56910,0,0,0,0,1,0,0,0
11579,1,0,0,0,0,0,0,0
42032,1,0,0,0,0,0,0,0
16463,1,0,0,0,0,0,0,0
333,1,0,0,0,0,0,0,0
25891,0,0,0,0,0,1,0,0
42049,1,0,0,0,0,0,0,0
25899,0,0,0,0,0,1,0,0
6101,1,0,0,0,0,0,0,0
21224,0,0,0,0,1,0,0,0
11618,0,0,0,1,0,0,0,0
11636,0,0,0,0,1,0,0,0
42056,1,0,0,0,0,0,0,0
55581,1,0,0,0,0,0,0,0
34657,0,0,0,0,0,1,0,0
21246,0,1,0,0,0,0,0,0
21257,0,0,0,0,1,0,0,0
49547,1,0,0,0,0,0,0,0
53506,1,0,0,0,0,0,0,0
38586,1,0,0,0,0,0,0,0
54278,1,0,0,0,0,0,0,0
45102,1,0,0,0,0,0,0,0
34693,1,0,0,0,0,0,0,0
6126,1,0,0,0,0,0,0,0
38602,1,0,0,0,0,0,0,0
6134,1,0,0,0,0,0,0,0
38614,0,0,1,0,0,0,0,0
30536,0,0,0,0,1,0,0,0
25972,0,0,0,0,0,1,0,0
21276,0,0,0,0,1,0,0,0
51140,1,0,0,0,0,0,0,0
11670,1,0,0,0,0,0,0,0
25987,1,0,0,0,0,0,0,0
16511,1,0,0,0,0,0,0,0
16515,1,0,0,0,0,0,0,0
21336,1,0,0,0,0,0,0,0
30544,0,0,0,1,0,0,0,0
6162,1,0,0,0,0,0,0,0
6170,1,0,0,0,0,0,0,0
2,1,0,0,0,0,0,0,0
53523,0,0,0,0,0,0,1,0
34739,0,0,0,0,1,0,0,0
26058,0,0,0,0,1,0,0,0
52417,0,0,0,0,0,1,0,0
16555,0,0,0,0,1,0,0,0
11740,1,0,0,0,0,0,0,0
11745,1,0,0,0,0,0,0,0
55054,1,0,0,0,0,0,0,0
30552,1,0,0,0,0,0,0,0
16580,1,0,0,0,0,0,0,0
11754,1,0,0,0,0,0,0,0
11756,1,0,0,0,0,0,0,0
47631,0,1,0,0,0,0,0,0
11764,0,0,0,0,0,0,1,0
45180,0,1,0,0,0,0,0,0
34770,0,0,0,0,1,0,0,0
45186,1,0,0,0,0,0,0,0
6184,0,0,0,0,0,1,0,0
21363,0,0,0,0,0,1,0,0
26079,0,0,0,0,0,1,0,0
6193,1,0,0,0,0,0,0,0
537,0,0,0,0,0,1,0,0
16602,1,0,0,0,0,0,0,0
42100,1,0,0,0,0,0,0,0
16613,0,0,0,1,0,0,0,0
45192,0,0,0,1,0,0,0,0
559,1,0,0,0,0,0,0,0
21404,1,0,0,0,0,0,0,0
57254,1,0,0,0,0,0,0,0
45218,1,0,0,0,0,0,0,0
51158,0,0,0,0,0,1,0,0
30597,1,0,0,0,0,0,0,0
34849,0,0,1,0,0,0,0,0
52438,1,0,0,0,0,0,0,0
42136,1,0,0,0,0,0,0,0
47675,1,0,0,0,0,0,0,0
38685,1,0,0,0,0,0,0,0
38697,0,0,0,1,0,0,0,0
21416,0,0,0,1,0,0,0,0
38710,1,0,0,0,0,0,0,0
26156,1,0,0,0,0,0,0,0
34871,1,0,0,0,0,0,0,0
30613,1,0,0,0,0,0,0,0
30624,1,0,0,0,0,0,0,0
38715,1,0,0,0,0,0,0,0
21428,1,0,0,0,0,0,0,0
11818,1,0,0,0,0,0,0,0
26159,0,0,0,0,0,1,0,0
54310,1,0,0,0,0,0,0,0
38731,0,0,0,0,0,1,0,0
53536,1,0,0,0,0,0,0,0
11837,0,0,0,0,0,1,0,0
26168,0,0,0,0,0,1,0,0
51171,0,0,0,0,0,1,0,0
38756,1,0,0,0,0,0,0,0
16777,1,0,0,0,0,0,0,0
21450,1,0,0,0,0,0,0,0
30655,0,0,0,0,1,0,0,0
16788,0,0,0,0,1,0,0,0
6280,0,0,1,0,0,0,0,0
732,0,0,0,0,0,1,0,0
53544,1,0,0,0,0,0,0,0
21484,0,0,0,0,0,1,0,0
26187,0,1,0,0,0,0,0,0
21505,0,0,0,1,0,0,0,0
21512,0,0,0,0,1,0,0,0
6301,0,0,0,0,0,1,0,0
21517,1,0,0,0,0,0,0,0
52461,1,0,0,0,0,0,0,0
6350,1,0,0,0,0,0,0,0
54327,1,0,0,0,0,0,0,0
30670,1,0,0,0,0,0,0,0
56578,1,0,0,0,0,0,0,0
52459,1,0,0,0,0,0,0,0
16822,0,0,0,0,1,0,0,0
42175,1,0,0,0,0,0,0,0
53557,1,0,0,0,0,0,0,0
804,0,0,0,0,0,1,0,0
45251,0,0,1,0,0,0,0,0
6365,0,0,0,0,1,0,0,0
21560,0,0,0,1,0,0,0,0
6375,0,0,0,0,1,0,0,0
49632,1,0,0,0,0,0,0,0
21571,0,1,0,0,0,0,0,0
38785,0,0,0,0,1,0,0,0
21576,0,0,0,0,1,0,0,0
47713,0,1,0,0,0,0,0,0
16868,0,0,0,0,1,0,0,0
53560,0,0,0,0,1,0,0,0
6386,0,1,0,0,0,0,0,0
34914,1,0,0,0,0,0,0,0
51190,1,0,0,0,0,0,0,0
47718,1,0,0,0,0,0,0,0
55063,1,0,0,0,0,0,0,0
55614,1,0,0,0,0,0,0,0
56128,1,0,0,0,0,0,0,0
56580,1,0,0,0,0,0,0,0
16875,1,0,0,0,0,0,0,0
21586,1,0,0,0,0,0,0,0
830,0,0,0,0,1,0,0,0
42203,1,0,0,0,0,0,0,0
30699,0,0,0,0,0,1,0,0
6540,0,0,0,0,0,1,0,0
56585,1,0,0,0,0,0,0,0
11997,0,0,0,0,1,0,0,0
853,0,0,0,0,0,1,0,0
863,0,0,0,0,0,1,0,0
6417,1,0,0,0,0,0,0,0
30750,0,0,0,0,1,0,0,0
47729,1,0,0,0,0,0,0,0
34938,1,0,0,0,0,0,0,0
53567,1,0,0,0,0,0,0,0
56941,1,0,0,0,0,0,0,0
51196,1,0,0,0,0,0,0,0
30754,0,1,0,0,0,0,0,0
55628,1,0,0,0,0,0,0,0
21680,1,0,0,0,0,0,0,0
26248,1,0,0,0,0,0,0,0
34943,1,0,0,0,0,0,0,0
12060,0,0,0,0,0,1,0,0
904,1,0,0,0,0,0,0,0
21709,1,0,0,0,0,0,0,0
42219,0,0,0,0,1,0,0,0
6435,0,0,0,0,0,1,0,0
55635,0,0,0,0,0,1,0,0
47757,0,0,1,0,0,0,0,0
907,1,0,0,0,0,0,0,0
26254,1,0,0,0,0,0,0,0
56144,1,0,0,0,0,0,0,0
38837,1,0,0,0,0,0,0,0
58757,1,0,0,0,0,0,0,0
42242,1,0,0,0,0,0,0,0
21711,1,0,0,0,0,0,0,0
34963,1,0,0,0,0,0,0,0
6475,1,0,0,0,0,0,0,0
16944,1,0,0,0,0,0,0,0
915,1,0,0,0,0,0,0,0
12081,1,0,0,0,0,0,0,0
26275,1,0,0,0,0,0,0,0
30765,1,0,0,0,0,0,0,0
45293,0,0,0,0,0,1,0,0
6480,0,0,0,0,0,1,0,0
51203,1,0,0,0,0,0,0,0
45315,0,0,0,0,1,0,0,0
51216,0,1,0,0,0,0,0,0
49678,0,0,0,1,0,0,0,0
26317,0,0,0,1,0,0,0,0
21737,0,0,0,0,0,1,0,0
55667,1,0,0,0,0,0,0,0
16974,1,0,0,0,0,0,0,0
52499,1,0,0,0,0,0,0,0
53586,0,0,1,0,0,0,0,0
45320,1,0,0,0,0,0,0,0
6532,1,0,0,0,0,0,0,0
38875,0,0,0,0,0,1,0,0
57574,1,0,0,0,0,0,0,0
42271,0,0,0,0,1,0,0,0
51227,1,0,0,0,0,0,0,0
34998,0,0,0,0,1,0,0,0
49687,0,1,0,0,0,0,0,0
30817,0,1,0,0,0,0,0,0
931,0,0,0,0,1,0,0,0
47763,0,0,0,1,0,0,0,0
38889,0,0,0,0,1,0,0,0
38895,0,0,0,0,0,1,0,0
16986,0,0,0,0,0,1,0,0
16997,0,0,0,0,1,0,0,0
35034,1,0,0,0,0,0,0,0
56949,1,0,0,0,0,0,0,0
21759,0,0,0,0,1,0,0,0
52515,1,0,0,0,0,0,0,0
6594,0,0,0,0,0,0,0,1
57578,1,0,0,0,0,0,0,0
57815,1,0,0,0,0,0,0,0
1066,1,0,0,0,0,0,0,0
6701,1,0,0,0,0,0,0,0
17098,1,0,0,0,0,0,0,0
26425,1,0,0,0,0,0,0,0
35086,1,0,0,0,0,0,0,0
30937,1,0,0,0,0,0,0,0
47789,1,0,0,0,0,0,0,0
45347,1,0,0,0,0,0,0,0
21801,1,0,0,0,0,0,0,0
26349,1,0,0,0,0,0,0,0
30884,1,0,0,0,0,0,0,0
6631,1,0,0,0,0,0,0,0
12243,1,0,0,0,0,0,0,0
17030,1,0,0,0,0,0,0,0
49703,1,0,0,0,0,0,0,0
45340,1,0,0,0,0,0,0,0
47776,1,0,0,0,0,0,0,0
35071,1,0,0,0,0,0,0,0
26394,1,0,0,0,0,0,0,0
30928,1,0,0,0,0,0,0,0
30932,1,0,0,0,0,0,0,0
26403,1,0,0,0,0,0,0,0
1074,1,0,0,0,0,0,0,0
17109,0,0,0,0,0,1,0,0
17118,0,0,0,0,0,1,0,0
14,0,0,0,0,0,1,0,0
17131,1,0,0,0,0,0,0,0
45351,0,1,0,0,0,0,0,0
42315,0,0,0,0,1,0,0,0
35097,1,0,0,0,0,0,0,0
56192,1,0,0,0,0,0,0,0
42331,1,0,0,0,0,0,0,0
45364,1,0,0,0,0,0,0,0
30958,1,0,0,0,0,0,0,0
56198,1,0,0,0,0,0,0,0
30970,1,0,0,0,0,0,0,0
53622,1,0,0,0,0,0,0,0
12319,1,0,0,0,0,0,0,0
38960,1,0,0,0,0,0,0,0
52541,1,0,0,0,0,0,0,0
38966,1,0,0,0,0,0,0,0
17148,0,0,0,0,1,0,0,0
1083,0,0,0,0,1,0,0,0
21907,1,0,0,0,0,0,0,0
52546,1,0,0,0,0,0,0,0
1092,1,0,0,0,0,0,0,0
26460,0,0,0,0,1,0,0,0
21921,1,0,0,0,0,0,0,0
26474,0,0,0,0,0,1,0,0
26504,0,0,0,1,0,0,0,0
47806,1,0,0,0,0,0,0,0
12339,0,0,0,0,1,0,0,0
30998,1,0,0,0,0,0,0,0
1102,0,0,0,0,1,0,0,0
47813,0,0,0,0,1,0,0,0
12357,1,0,0,0,0,0,0,0
45421,1,0,0,0,0,0,0,0
21944,1,0,0,0,0,0,0,0
35125,1,0,0,0,0,0,0,0
12418,0,0,0,1,0,0,0,0
12409,0,0,0,0,1,0,0,0
6747,1,0,0,0,0,0,0,0
56958,0,1,0,0,0,0,0,0
56962,1,0,0,0,0,0,0,0
39030,0,0,0,0,0,1,0,0
51258,1,0,0,0,0,0,0,0
47824,1,0,0,0,0,0,0,0
22017,0,0,0,0,0,1,0,0
42369,0,0,0,1,0,0,0,0
22028,0,0,0,0,1,0,0,0
17230,0,0,1,0,0,0,0,0
26638,0,0,0,0,0,1,0,0
22034,0,0,0,0,0,1,0,0
26643,0,0,0,0,1,0,0,0
26654,0,0,0,0,0,1,0,0
22079,1,0,0,0,0,0,0,0
42380,0,1,0,0,0,0,0,0
1215,0,0,0,0,0,1,0,0
6822,0,0,0,0,0,1,0,0
26666,0,0,0,0,1,0,0,0
6838,0,0,0,0,1,0,0,0
42388,0,0,0,0,0,1,0,0
31062,0,0,0,0,0,1,0,0
31075,0,0,0,0,1,0,0,0
6847,1,0,0,0,0,0,0,0
35164,0,0,1,0,0,0,0,0
6868,0,0,0,0,0,1,0,0
6876,0,0,0,0,1,0,0,0
45444,0,0,0,0,0,1,0,0
26672,1,0,0,0,0,0,0,0
26685,1,0,0,0,0,0,0,0
22092,1,0,0,0,0,0,0,0
17257,1,0,0,0,0,0,0,0
31082,1,0,0,0,0,0,0,0
26694,0,0,0,0,1,0,0,0
1239,0,0,0,0,0,0,0,1
39063,0,0,0,0,0,1,0,0
39078,0,0,0,0,1,0,0,0
31098,1,0,0,0,0,0,0,0
42406,0,0,0,0,1,0,0,0
51282,0,0,0,0,1,0,0,0
49805,1,0,0,0,0,0,0,0
26741,1,0,0,0,0,0,0,0
31100,0,0,0,0,0,1,0,0
26751,1,0,0,0,0,0,0,0
39086,0,0,0,0,0,1,0,0
12583,1,0,0,0,0,0,0,0
26766,0,0,0,0,1,0,0,0
39106,0,0,0,0,1,0,0,0
54355,0,0,0,0,0,0,1,0
17305,0,0,1,0,0,0,0,0
35224,1,0,0,0,0,0,0,0
17323,0,0,0,1,0,0,0,0
17328,0,0,0,1,0,0,0,0
26774,0,0,0,0,0,1,0,0
31117,0,0,0,1,0,0,0,0
47852,1,0,0,0,0,0,0,0
45493,0,0,0,0,1,0,0,0
39109,1,0,0,0,0,0,0,0
17335,0,0,0,0,0,1,0,0
47856,0,0,0,0,0,1,0,0
1271,0,0,0,0,0,1,0,0
1283,0,0,0,0,0,1,0,0
6928,0,0,0,0,1,0,0,0
6938,1,0,0,0,0,0,0,0
12630,0,0,0,0,1,0,0,0
42442,0,0,0,0,0,1,0,0
31125,0,0,0,1,0,0,0,0
31149,0,0,0,0,0,1,0,0
42460,0,0,0,0,0,1,0,0
31168,0,1,0,0,0,0,0,0
52590,0,0,0,0,1,0,0,0
26786,0,0,0,1,0,0,0,0
47874,0,0,0,0,1,0,0,0
6992,0,0,0,0,0,1,0,0
35275,1,0,0,0,0,0,0,0
31191,1,0,0,0,0,0,0,0
12710,0,0,0,0,0,1,0,0
31216,0,0,0,0,1,0,0,0
31244,1,0,0,0,0,0,0,0
49858,1,0,0,0,0,0,0,0
42506,0,0,0,0,0,1,0,0
42489,0,0,0,0,0,1,0,0
39159,0,0,0,0,1,0,0,0
1380,1,0,0,0,0,0,0,0
31248,1,0,0,0,0,0,0,0
31272,0,0,0,0,1,0,0,0
35332,0,0,0,0,1,0,0,0
7100,0,0,0,0,1,0,0,0
1401,0,0,0,0,0,1,0,0
17471,0,0,0,0,0,1,0,0
45546,0,0,0,0,0,1,0,0
17485,0,0,0,0,0,1,0,0
31288,0,0,0,0,0,1,0,0
49868,0,0,0,0,0,1,0,0
7146,1,0,0,0,0,0,0,0
17499,0,0,0,0,0,1,0,0
56985,1,0,0,0,0,0,0,0
12750,1,0,0,0,0,0,0,0
17509,1,0,0,0,0,0,0,0
7170,1,0,0,0,0,0,0,0
22222,1,0,0,0,0,0,0,0
51336,1,0,0,0,0,0,0,0
52645,1,0,0,0,0,0,0,0
1430,1,0,0,0,0,0,0,0
7181,1,0,0,0,0,0,0,0
12758,1,0,0,0,0,0,0,0
1462,0,0,0,0,0,1,0,0
1470,1,0,0,0,0,0,0,0
7197,1,0,0,0,0,0,0,0
12782,1,0,0,0,0,0,0,0
31395,0,0,0,0,0,1,0,0
35352,0,1,0,0,0,0,0,0
12825,1,0,0,0,0,0,0,0
31419,1,0,0,0,0,0,0,0
22250,0,0,0,0,1,0,0,0
22252,0,0,0,0,0,1,0,0
12841,1,0,0,0,0,0,0,0
12864,0,0,1,0,0,0,0,0
26997,0,0,0,0,0,1,0,0
45584,0,0,0,0,1,0,0,0
47955,0,0,0,0,1,0,0,0
17550,0,0,0,0,1,0,0,0
27016,0,0,0,0,1,0,0,0
17566,0,0,0,1,0,0,0,0
1541,0,1,0,0,0,0,0,0
47963,0,0,0,0,0,1,0,0
13070,0,0,0,0,1,0,0,0
31443,0,0,0,0,1,0,0,0
35426,0,0,0,0,1,0,0,0
7249,0,0,0,0,0,1,0,0
22283,0,0,0,0,1,0,0,0
57297,1,0,0,0,0,0,0,0
58606,1,0,0,0,0,0,0,0
35436,1,0,0,0,0,0,0,0
55145,1,0,0,0,0,0,0,0
1548,1,0,0,0,0,0,0,0
49885,1,0,0,0,0,0,0,0
57005,1,0,0,0,0,0,0,0
45612,1,0,0,0,0,0,0,0
7266,1,0,0,0,0,0,0,0
35447,1,0,0,0,0,0,0,0
51359,1,0,0,0,0,0,0,0
1555,1,0,0,0,0,0,0,0
12916,1,0,0,0,0,0,0,0
47982,1,0,0,0,0,0,0,0
27075,1,0,0,0,0,0,0,0
27081,1,0,0,0,0,0,0,0
31453,1,0,0,0,0,0,0,0
58048,1,0,0,0,0,0,0,0
35452,1,0,0,0,0,0,0,0
56210,1,0,0,0,0,0,0,0
51366,1,0,0,0,0,0,0,0
49890,1,0,0,0,0,0,0,0
55166,1,0,0,0,0,0,0,0
56213,1,0,0,0,0,0,0,0
27094,1,0,0,0,0,0,0,0
49899,1,0,0,0,0,0,0,0
42609,1,0,0,0,0,0,0,0
39203,1,0,0,0,0,0,0,0
22328,1,0,0,0,0,0,0,0
31464,1,0,0,0,0,0,0,0
27101,1,0,0,0,0,0,0,0
22346,0,0,0,0,0,1,0,0
54379,1,0,0,0,0,0,0,0
27109,1,0,0,0,0,0,0,0
42628,0,0,0,0,1,0,0,0
35475,0,0,0,0,1,0,0,0
7311,0,0,0,0,1,0,0,0
42633,1,0,0,0,0,0,0,0
22357,1,0,0,0,0,0,0,0
12944,0,0,0,0,1,0,0,0
12954,0,0,0,0,1,0,0,0
42661,0,0,0,0,0,1,0,0
1596,0,0,0,0,0,0,0,1
12961,1,0,0,0,0,0,0,0
17643,0,0,0,0,1,0,0,0
48004,0,0,0,0,1,0,0,0
54391,1,0,0,0,0,0,0,0
55722,1,0,0,0,0,0,0,0
52681,1,0,0,0,0,0,0,0
53676,1,0,0,0,0,0,0,0
51383,1,0,0,0,0,0,0,0
55182,1,0,0,0,0,0,0,0
39230,0,0,0,1,0,0,0,0
35483,0,0,0,0,0,1,0,0
45659,1,0,0,0,0,0,0,0
45663,0,0,0,0,0,1,0,0
13007,0,0,0,1,0,0,0,0
1620,0,0,0,0,1,0,0,0
17675,0,0,0,0,0,1,0,0
49958,0,0,0,0,1,0,0,0
35496,0,0,0,0,1,0,0,0
1626,0,0,0,0,1,0,0,0
27136,1,0,0,0,0,0,0,0
31547,1,0,0,0,0,0,0,0
39257,0,0,1,0,0,0,0,0
1651,1,0,0,0,0,0,0,0
7362,1,0,0,0,0,0,0,0
42699,1,0,0,0,0,0,0,0
13014,0,0,0,0,0,1,0,0
22447,0,0,0,0,1,0,0,0
17685,0,0,1,0,0,0,0,0
7394,0,0,0,0,1,0,0,0
1676,0,0,0,0,0,1,0,0
17694,0,1,0,0,0,0,0,0
13025,1,0,0,0,0,0,0,0
42708,1,0,0,0,0,0,0,0
27155,1,0,0,0,0,0,0,0
35514,0,0,0,0,1,0,0,0
7400,1,0,0,0,0,0,0,0
57299,0,1,0,0,0,0,0,0
45685,1,0,0,0,0,0,0,0
42738,1,0,0,0,0,0,0,0
7459,0,0,0,0,0,1,0,0
51404,1,0,0,0,0,0,0,0
13050,0,0,0,0,1,0,0,0
13057,0,0,0,0,0,1,0,0
35557,0,0,0,0,1,0,0,0
22453,0,0,0,0,0,1,0,0
17708,1,0,0,0,0,0,0,0
7473,0,0,0,0,1,0,0,0
17717,1,0,0,0,0,0,0,0
35588,1,0,0,0,0,0,0,0
1706,0,0,0,0,0,1,0,0
13062,0,0,0,1,0,0,0,0
17724,0,0,0,0,1,0,0,0
22487,0,0,0,0,0,1,0,0
35593,0,0,0,1,0,0,0,0
13080,1,0,0,0,0,0,0,0
27185,1,0,0,0,0,0,0,0
54414,1,0,0,0,0,0,0,0
22508,0,0,0,0,1,0,0,0
31614,0,0,0,0,0,1,0,0
27223,1,0,0,0,0,0,0,0
13180,0,0,0,0,0,1,0,0
7496,0,0,0,0,1,0,0,0
51430,1,0,0,0,0,0,0,0
45695,1,0,0,0,0,0,0,0
51440,1,0,0,0,0,0,0,0
57303,1,0,0,0,0,0,0,0
39286,1,0,0,0,0,0,0,0
17760,1,0,0,0,0,0,0,0
51437,1,0,0,0,0,0,0,0
52701,1,0,0,0,0,0,0,0
48041,1,0,0,0,0,0,0,0
22516,1,0,0,0,0,0,0,0
7505,0,0,1,0,0,0,0,0
35630,0,0,0,0,1,0,0,0
51442,1,0,0,0,0,0,0,0
48044,1,0,0,0,0,0,0,0
22524,1,0,0,0,0,0,0,0
22541,1,0,0,0,0,0,0,0
22528,1,0,0,0,0,0,0,0
39309,0,0,0,0,1,0,0,0
22553,1,0,0,0,0,0,0,0
55195,1,0,0,0,0,0,0,0
31636,1,0,0,0,0,0,0,0
22561,1,0,0,0,0,0,0,0
45722,0,0,0,0,1,0,0,0
45727,0,0,1,0,0,0,0,0
7550,0,1,0,0,0,0,0,0
27230,1,0,0,0,0,0,0,0
13106,0,0,0,0,1,0,0,0
7543,0,0,0,0,0,1,0,0
7563,1,0,0,0,0,0,0,0
29,1,0,0,0,0,0,0,0
51450,1,0,0,0,0,0,0,0
7577,0,0,0,0,0,1,0,0
22590,0,0,0,0,1,0,0,0
39321,0,0,0,0,1,0,0,0
35657,0,0,1,0,0,0,0,0
42802,0,0,0,1,0,0,0,0
17844,1,0,0,0,0,0,0,0
22606,1,0,0,0,0,0,0,0
13136,0,0,0,0,1,0,0,0
7589,0,0,0,0,1,0,0,0
1802,0,0,0,0,1,0,0,0
17865,1,0,0,0,0,0,0,0
35667,0,0,0,0,1,0,0,0
54426,1,0,0,0,0,0,0,0
48055,0,1,0,0,0,0,0,0
55212,1,0,0,0,0,0,0,0
42839,1,0,0,0,0,0,0,0
17886,0,0,1,0,0,0,0,0
42847,0,0,1,0,0,0,0,0
39392,0,1,0,0,0,0,0,0
27256,0,0,0,0,1,0,0,0
42853,0,0,0,0,1,0,0,0
42862,1,0,0,0,0,0,0,0
55761,0,0,0,1,0,0,0,0
1824,0,0,0,0,1,0,0,0
27264,0,0,0,0,0,1,0,0
39400,0,1,0,0,0,0,0,0
7641,0,0,0,0,0,1,0,0
35689,0,0,0,0,0,1,0,0
17914,0,1,0,0,0,0,0,0
48089,1,0,0,0,0,0,0,0
1857,0,0,0,0,0,1,0,0
22686,0,0,0,0,0,1,0,0
45772,0,0,0,0,0,1,0,0
7651,0,0,0,0,0,1,0,0
13223,0,1,0,0,0,0,0,0
48091,0,0,0,1,0,0,0,0
55772,0,0,0,0,0,0,1,0
17942,0,0,0,1,0,0,0,0
17952,0,0,0,1,0,0,0,0
51458,0,0,0,0,1,0,0,0
39427,0,1,0,0,0,0,0,0
45803,0,0,0,0,0,1,0,0
1933,0,0,0,0,1,0,0,0
54483,1,0,0,0,0,0,0,0
48102,0,0,1,0,0,0,0,0
17988,0,0,0,0,1,0,0,0
1943,0,1,0,0,0,0,0,0
7699,0,0,0,0,1,0,0,0
31786,0,0,0,0,0,0,0,1
39454,1,0,0,0,0,0,0,0
45823,0,0,1,0,0,0,0,0
57871,0,0,0,0,1,0,0,0
1947,0,0,0,0,1,0,0,0
22725,0,0,0,1,0,0,0,0
13277,0,0,0,0,0,1,0,0
35753,0,0,0,0,0,1,0,0
39475,0,0,0,0,0,1,0,0
39485,1,0,0,0,0,0,0,0
22755,0,0,0,0,0,1,0,0
31797,1,0,0,0,0,0,0,0
39496,0,0,0,0,0,1,0,0
13301,0,0,0,0,0,1,0,0
39508,0,0,0,0,1,0,0,0
18014,0,0,0,0,1,0,0,0
35799,0,0,0,0,0,1,0,0
22792,1,0,0,0,0,0,0,0
18023,0,0,1,0,0,0,0,0
7727,0,1,0,0,0,0,0,0
31816,0,0,0,1,0,0,0,0
18034,0,0,0,0,0,1,0,0
22831,0,0,0,0,1,0,0,0
27380,0,0,0,1,0,0,0,0
39515,0,0,0,0,1,0,0,0
22803,0,0,0,0,1,0,0,0
22809,0,0,0,0,1,0,0,0
13309,0,0,0,0,1,0,0,0
13311,0,0,0,1,0,0,0,0
52742,1,0,0,0,0,0,0,0
31821,0,0,0,0,1,0,0,0
27367,0,0,0,0,1,0,0,0
27374,0,0,0,0,1,0,0,0
13320,0,0,0,1,0,0,0,0
1991,0,0,0,0,1,0,0,0
35821,0,0,0,0,1,0,0,0
7765,0,0,0,0,1,0,0,0
1993,0,0,0,0,1,0,0,0
27389,0,0,0,0,1,0,0,0
22837,0,0,0,0,1,0,0,0
27396,0,0,0,0,1,0,0,0
18065,1,0,0,0,0,0,0,0
13342,0,0,0,0,0,1,0,0
39555,0,0,0,0,1,0,0,0
7779,0,0,0,0,0,1,0,0
13351,0,0,0,0,0,1,0,0
50067,1,0,0,0,0,0,0,0
27403,1,0,0,0,0,0,0,0
31837,0,0,0,0,1,0,0,0
51507,1,0,0,0,0,0,0,0
39568,1,0,0,0,0,0,0,0
42962,1,0,0,0,0,0,0,0
48156,1,0,0,0,0,0,0,0
35884,0,0,0,0,0,1,0,0
39575,0,0,0,1,0,0,0,0
39587,0,0,0,1,0,0,0,0
13401,0,0,0,0,1,0,0,0
27417,0,0,0,0,1,0,0,0
56675,1,0,0,0,0,0,0,0
13393,0,0,0,1,0,0,0,0
42994,0,0,0,0,1,0,0,0
7840,0,0,0,0,0,1,0,0
2053,0,0,1,0,0,0,0,0
45893,0,0,0,0,1,0,0,0
31890,0,0,0,0,1,0,0,0
39649,0,0,0,0,0,1,0,0
27474,1,0,0,0,0,0,0,0
39664,0,0,1,0,0,0,0,0
2082,0,0,0,0,0,0,0,1
2095,0,0,0,1,0,0,0,0
22875,0,0,0,1,0,0,0,0
2098,0,0,0,0,1,0,0,0
31897,0,0,0,0,1,0,0,0
13443,0,0,0,0,0,1,0,0
35970,0,0,0,0,0,1,0,0
18142,0,0,0,0,0,1,0,0
43010,0,0,0,0,1,0,0,0
48175,1,0,0,0,0,0,0,0
7881,0,0,0,0,0,1,0,0
2115,0,0,0,0,0,0,0,1
31905,0,0,0,0,1,0,0,0
2123,0,0,0,0,1,0,0,0
35987,0,0,0,0,0,1,0,0
27514,0,0,0,0,1,0,0,0
18174,0,0,0,0,0,1,0,0
18180,1,0,0,0,0,0,0,0
54489,1,0,0,0,0,0,0,0
39718,1,0,0,0,0,0,0,0
36037,1,0,0,0,0,0,0,0
43082,1,0,0,0,0,0,0,0
22942,1,0,0,0,0,0,0,0
45930,0,0,0,0,0,1,0,0
48198,0,0,0,0,1,0,0,0
45935,0,0,0,0,1,0,0,0
43032,0,0,0,0,1,0,0,0
48202,1,0,0,0,0,0,0,0
51527,1,0,0,0,0,0,0,0
56681,0,1,0,0,0,0,0,0
45943,0,1,0,0,0,0,0,0
48218,0,0,0,0,0,1,0,0
52759,1,0,0,0,0,0,0,0
22898,1,0,0,0,0,0,0,0
45946,0,0,0,0,1,0,0,0
36002,1,0,0,0,0,0,0,0
55776,0,0,0,0,1,0,0,0
2177,0,0,0,0,0,1,0,0
36025,1,0,0,0,0,0,0,0
13476,1,0,0,0,0,0,0,0
43074,0,0,0,0,0,1,0,0
2182,0,0,1,0,0,0,0,0
7923,0,1,0,0,0,0,0,0
18206,0,0,0,0,1,0,0,0
43098,0,1,0,0,0,0,0,0
36056,0,0,0,1,0,0,0,0
45961,0,0,0,0,1,0,0,0
2229,0,0,0,0,1,0,0,0
13492,0,0,0,0,1,0,0,0
13499,0,0,0,0,1,0,0,0
7944,0,0,0,1,0,0,0,0
31946,0,0,0,0,1,0,0,0
54503,0,0,0,0,1,0,0,0
22976,0,0,0,0,0,1,0,0
23009,0,0,0,0,1,0,0,0
45985,0,0,0,1,0,0,0,0
36078,1,0,0,0,0,0,0,0
22997,0,1,0,0,0,0,0,0
48237,1,0,0,0,0,0,0,0
18235,0,0,0,0,1,0,0,0
23019,0,0,0,0,0,1,0,0
23032,0,0,0,0,1,0,0,0
23050,0,0,0,0,1,0,0,0
54507,1,0,0,0,0,0,0,0
52813,0,1,0,0,0,0,0,0
46007,1,0,0,0,0,0,0,0
23076,0,0,0,0,0,1,0,0
13531,0,0,0,0,1,0,0,0
2281,0,0,0,0,0,1,0,0
43113,0,0,0,0,0,1,0,0
50134,1,0,0,0,0,0,0,0
2304,1,0,0,0,0,0,0,0
2314,1,0,0,0,0,0,0,0
58644,1,0,0,0,0,0,0,0
2336,1,0,0,0,0,0,0,0
18285,1,0,0,0,0,0,0,0
23124,1,0,0,0,0,0,0,0
27593,1,0,0,0,0,0,0,0
57877,1,0,0,0,0,0,0,0
36147,0,0,0,0,0,1,0,0
58897,1,0,0,0,0,0,0,0
46014,1,0,0,0,0,0,0,0
36154,1,0,0,0,0,0,0,0
8107,1,0,0,0,0,0,0,0
56264,1,0,0,0,0,0,0,0
18288,1,0,0,0,0,0,0,0
50139,1,0,0,0,0,0,0,0
27597,1,0,0,0,0,0,0,0
57019,1,0,0,0,0,0,0,0
58093,1,0,0,0,0,0,0,0
13567,1,0,0,0,0,0,0,0
58378,1,0,0,0,0,0,0,0
55245,1,0,0,0,0,0,0,0
36162,1,0,0,0,0,0,0,0
13570,1,0,0,0,0,0,0,0
48278,0,1,0,0,0,0,0,0
36165,1,0,0,0,0,0,0,0
32027,1,0,0,0,0,0,0,0
39781,1,0,0,0,0,0,0,0
27613,0,0,0,0,1,0,0,0
8160,0,0,0,0,0,0,1,0
57879,1,0,0,0,0,0,0,0
50145,1,0,0,0,0,0,0,0
55784,1,0,0,0,0,0,0,0
23160,1,0,0,0,0,0,0,0
18330,1,0,0,0,0,0,0,0
36202,0,1,0,0,0,0,0,0
32064,0,0,0,0,1,0,0,0
23167,0,0,0,0,1,0,0,0
13603,0,0,0,0,1,0,0,0
39855,0,0,0,0,1,0,0,0
32067,0,0,0,0,1,0,0,0
18342,0,0,0,0,1,0,0,0
36217,0,0,1,0,0,0,0,0
23178,0,0,0,0,1,0,0,0
23191,0,0,0,0,0,1,0,0
58454,1,0,0,0,0,0,0,0
23240,1,0,0,0,0,0,0,0
56689,1,0,0,0,0,0,0,0
32094,0,0,0,0,1,0,0,0
13611,0,0,0,1,0,0,0,0
33,1,0,0,0,0,0,0,0
43133,0,0,0,0,1,0,0,0
39889,0,0,0,0,0,1,0,0
39903,0,0,1,0,0,0,0,0
8186,0,0,0,0,0,1,0,0
2417,0,0,0,0,0,1,0,0
23255,0,1,0,0,0,0,0,0
18385,0,0,0,0,1,0,0,0
52826,1,0,0,0,0,0,0,0
2441,0,0,1,0,0,0,0,0
46067,0,0,0,0,1,0,0,0
36242,0,0,0,0,0,1,0,0
13628,0,0,0,0,0,1,0,0
13637,1,0,0,0,0,0,0,0
39935,0,0,0,1,0,0,0,0
18409,0,0,0,0,0,1,0,0
13668,0,0,0,0,1,0,0,0
18423,0,0,0,0,0,1,0,0
50151,0,1,0,0,0,0,0,0
13687,1,0,0,0,0,0,0,0
39964,0,0,0,0,1,0,0,0
2474,1,0,0,0,0,0,0,0
18433,0,0,0,0,0,0,0,1
27867,0,0,0,0,0,1,0,0
39971,0,0,0,1,0,0,0,0
58907,1,0,0,0,0,0,0,0
46080,0,0,0,0,0,1,0,0
48313,1,0,0,0,0,0,0,0
39977,1,0,0,0,0,0,0,0
32174,0,0,0,1,0,0,0,0
27887,0,0,0,0,1,0,0,0
18443,0,0,0,0,0,1,0,0
43191,1,0,0,0,0,0,0,0
8219,0,0,1,0,0,0,0,0
27897,0,0,0,0,1,0,0,0
32182,0,0,0,0,1,0,0,0
8230,0,0,0,1,0,0,0,0
32207,0,0,0,0,1,0,0,0
13734,0,0,0,1,0,0,0,0
13928,0,0,0,0,1,0,0,0
32218,1,0,0,0,0,0,0,0
57032,1,0,0,0,0,0,0,0
18491,1,0,0,0,0,0,0,0
2558,0,0,0,0,1,0,0,0
57045,1,0,0,0,0,0,0,0
27917,0,0,0,0,1,0,0,0
43238,0,0,0,1,0,0,0,0
8256,0,0,0,0,1,0,0,0
2574,0,0,0,0,0,0,0,1
46112,1,0,0,0,0,0,0,0
32250,0,0,0,0,1,0,0,0
32264,0,0,0,1,0,0,0,0
36322,0,0,1,0,0,0,0,0
52872,1,0,0,0,0,0,0,0
58610,1,0,0,0,0,0,0,0
50182,0,0,0,0,0,1,0,0
50192,0,0,1,0,0,0,0,0
23380,0,0,0,0,0,1,0,0
13772,0,0,0,0,0,1,0,0
50201,0,0,0,0,0,1,0,0
32304,1,0,0,0,0,0,0,0
2723,1,0,0,0,0,0,0,0
18510,1,0,0,0,0,0,0,0
2729,0,0,0,0,0,1,0,0
8272,1,0,0,0,0,0,0,0
27946,0,1,0,0,0,0,0,0
2744,0,0,0,1,0,0,0,0
32313,0,0,0,0,1,0,0,0
18538,1,0,0,0,0,0,0,0
2798,1,0,0,0,0,0,0,0
13810,0,0,1,0,0,0,0,0
58459,1,0,0,0,0,0,0,0
46142,1,0,0,0,0,0,0,0
54541,1,0,0,0,0,0,0,0
2821,0,0,0,0,1,0,0,0
23415,0,0,0,0,1,0,0,0
36330,0,0,0,0,1,0,0,0
32361,0,0,0,0,1,0,0,0
13872,0,0,0,0,1,0,0,0
8321,1,0,0,0,0,0,0,0
8327,0,0,0,0,1,0,0,0
23424,0,1,0,0,0,0,0,0
18575,0,0,1,0,0,0,0,0
51570,1,0,0,0,0,0,0,0
32365,0,0,0,0,1,0,0,0
50231,1,0,0,0,0,0,0,0
2828,0,0,0,0,0,1,0,0
57884,1,0,0,0,0,0,0,0
36364,0,1,0,0,0,0,0,0
13919,0,0,0,1,0,0,0,0
2835,0,0,0,0,1,0,0,0
50237,0,0,0,0,1,0,0,0
2839,0,0,1,0,0,0,0,0
23449,0,0,0,0,0,1,0,0
28031,0,0,0,0,0,1,0,0
28020,0,0,0,0,0,1,0,0
23480,0,0,0,0,0,1,0,0
8389,0,0,0,0,1,0,0,0
28045,0,0,0,0,0,1,0,0
2897,1,0,0,0,0,0,0,0
40087,1,0,0,0,0,0,0,0
50242,1,0,0,0,0,0,0,0
43346,1,0,0,0,0,0,0,0
48392,1,0,0,0,0,0,0,0
46161,1,0,0,0,0,0,0,0
50244,1,0,0,0,0,0,0,0
50250,0,0,0,0,1,0,0,0
32377,0,0,0,0,1,0,0,0
28085,0,0,0,1,0,0,0,0
51583,0,0,1,0,0,0,0,0
40112,0,0,1,0,0,0,0,0
2914,0,0,0,0,0,1,0,0
40121,0,0,0,0,1,0,0,0
28096,1,0,0,0,0,0,0,0
18656,1,0,0,0,0,0,0,0
51589,1,0,0,0,0,0,0,0
36416,0,0,0,0,0,1,0,0
36430,0,0,0,0,1,0,0,0
40143,0,0,0,0,1,0,0,0
23517,0,0,0,1,0,0,0,0
51598,1,0,0,0,0,0,0,0
50260,1,0,0,0,0,0,0,0
90,1,0,0,0,0,0,0,0
55807,1,0,0,0,0,0,0,0
36467,1,0,0,0,0,0,0,0
36471,0,0,0,0,0,1,0,0
23535,0,0,0,0,1,0,0,0
46194,0,0,0,0,0,1,0,0
48423,0,0,0,0,0,1,0,0
36481,0,0,0,0,0,1,0,0
23605,0,0,0,0,0,1,0,0
18722,0,0,0,0,1,0,0,0
36488,1,0,0,0,0,0,0,0
55257,1,0,0,0,0,0,0,0
18735,0,0,0,0,1,0,0,0
32467,0,0,0,0,0,1,0,0
43396,0,0,0,0,0,1,0,0
54569,1,0,0,0,0,0,0,0
52906,1,0,0,0,0,0,0,0
32478,0,0,0,0,0,1,0,0
43409,0,0,0,0,1,0,0,0
23655,0,0,0,0,1,0,0,0
46215,0,0,0,0,0,1,0,0
14125,1,0,0,0,0,0,0,0
28162,1,0,0,0,0,0,0,0
23664,0,0,0,0,1,0,0,0
28169,1,0,0,0,0,0,0,0
28146,0,0,0,0,1,0,0,0
43415,1,0,0,0,0,0,0,0
14131,1,0,0,0,0,0,0,0
43435,0,0,0,0,0,1,0,0
14139,0,0,0,1,0,0,0,0
46228,0,1,0,0,0,0,0,0
18781,0,0,0,0,1,0,0,0
14167,0,0,0,0,1,0,0,0
28190,0,0,0,0,0,1,0,0
40202,0,0,0,0,0,1,0,0
28195,0,0,0,0,0,0,1,0
18801,0,0,0,0,1,0,0,0
28215,0,0,0,0,1,0,0,0
28219,0,0,0,0,1,0,0,0
28228,0,0,0,0,1,0,0,0
40220,0,0,0,0,1,0,0,0
48500,1,0,0,0,0,0,0,0
46242,1,0,0,0,0,0,0,0
14177,1,0,0,0,0,0,0,0
36592,1,0,0,0,0,0,0,0
53811,1,0,0,0,0,0,0,0
23715,1,0,0,0,0,0,0,0
8641,1,0,0,0,0,0,0,0
3050,1,0,0,0,0,0,0,0
14232,1,0,0,0,0,0,0,0
43498,1,0,0,0,0,0,0,0
36602,1,0,0,0,0,0,0,0
40243,1,0,0,0,0,0,0,0
23721,0,0,0,0,1,0,0,0
40259,1,0,0,0,0,0,0,0
23729,0,0,0,0,0,1,0,0
3062,0,0,0,0,0,1,0,0
43510,1,0,0,0,0,0,0,0
3071,0,0,0,0,1,0,0,0
48519,1,0,0,0,0,0,0,0
32571,0,0,0,1,0,0,0,0
18851,0,0,0,0,1,0,0,0
55272,0,0,0,0,1,0,0,0
28304,0,0,0,0,0,1,0,0
8668,0,1,0,0,0,0,0,0
51646,0,1,0,0,0,0,0,0
23744,0,0,0,0,0,1,0,0
28312,0,0,0,1,0,0,0,0
8686,0,0,0,0,1,0,0,0
50305,0,0,1,0,0,0,0,0
14278,0,0,0,0,0,1,0,0
23758,0,0,0,0,0,1,0,0
23788,0,0,0,0,1,0,0,0
40327,0,0,0,1,0,0,0,0
48525,0,0,0,1,0,0,0,0
32597,0,0,0,0,0,1,0,0
46351,0,0,0,0,1,0,0,0
28336,0,0,0,0,0,1,0,0
58254,1,0,0,0,0,0,0,0
50326,1,0,0,0,0,0,0,0
46363,1,0,0,0,0,0,0,0
8707,0,0,0,0,0,1,0,0
23809,0,0,0,0,0,1,0,0
8786,1,0,0,0,0,0,0,0
43604,0,0,0,0,1,0,0,0
46368,1,0,0,0,0,0,0,0
55275,1,0,0,0,0,0,0,0
56306,1,0,0,0,0,0,0,0
55837,1,0,0,0,0,0,0,0
52928,1,0,0,0,0,0,0,0
50341,0,0,0,0,1,0,0,0
97,1,0,0,0,0,0,0,0
3139,1,0,0,0,0,0,0,0
3143,1,0,0,0,0,0,0,0
3155,1,0,0,0,0,0,0,0
36752,0,0,0,0,0,1,0,0
14328,0,0,0,0,0,1,0,0
32654,1,0,0,0,0,0,0,0
28404,0,0,0,0,0,1,0,0
3172,1,0,0,0,0,0,0,0
8798,1,0,0,0,0,0,0,0
36775,1,0,0,0,0,0,0,0
40392,1,0,0,0,0,0,0,0
18915,1,0,0,0,0,0,0,0
32675,0,0,1,0,0,0,0,0
36791,0,0,0,0,1,0,0,0
8818,0,0,0,0,1,0,0,0
46401,0,0,0,0,0,1,0,0
8822,0,0,0,0,1,0,0,0
28430,0,0,0,0,0,0,0,1
40415,0,0,0,1,0,0,0,0
8828,1,0,0,0,0,0,0,0
23838,1,0,0,0,0,0,0,0
18952,1,0,0,0,0,0,0,0
28434,1,0,0,0,0,0,0,0
23851,1,0,0,0,0,0,0,0
28440,1,0,0,0,0,0,0,0
36809,1,0,0,0,0,0,0,0
46411,1,0,0,0,0,0,0,0
3231,1,0,0,0,0,0,0,0
8831,1,0,0,0,0,0,0,0
14364,1,0,0,0,0,0,0,0
51680,1,0,0,0,0,0,0,0
48583,1,0,0,0,0,0,0,0
52952,1,0,0,0,0,0,0,0
46416,1,0,0,0,0,0,0,0
50354,1,0,0,0,0,0,0,0
52945,1,0,0,0,0,0,0,0
53832,1,0,0,0,0,0,0,0
51674,1,0,0,0,0,0,0,0
48587,0,0,0,0,0,1,0,0
52955,1,0,0,0,0,0,0,0
32727,1,0,0,0,0,0,0,0
52979,1,0,0,0,0,0,0,0
28450,1,0,0,0,0,0,0,0
18975,0,0,0,0,1,0,0,0
18997,1,0,0,0,0,0,0,0
55878,1,0,0,0,0,0,0,0
56718,1,0,0,0,0,0,0,0
57901,1,0,0,0,0,0,0,0
43670,1,0,0,0,0,0,0,0
40448,1,0,0,0,0,0,0,0
32775,1,0,0,0,0,0,0,0
36824,1,0,0,0,0,0,0,0
40468,1,0,0,0,0,0,0,0
23908,0,0,0,0,0,1,0,0
8880,0,0,0,0,1,0,0,0
55280,1,0,0,0,0,0,0,0
53837,1,0,0,0,0,0,0,0
19010,1,0,0,0,0,0,0,0
57683,1,0,0,0,0,0,0,0
28463,0,0,0,0,0,1,0,0
19021,0,0,0,0,0,1,0,0
8884,1,0,0,0,0,0,0,0
19029,0,0,0,0,0,1,0,0
3331,1,0,0,0,0,0,0,0
43706,0,0,1,0,0,0,0,0
56325,0,0,0,0,1,0,0,0
8906,0,0,0,0,0,1,0,0
14412,0,0,0,0,0,1,0,0
40484,0,0,0,0,0,1,0,0
51745,0,1,0,0,0,0,0,0
8920,0,0,0,1,0,0,0,0
3369,0,0,0,0,0,1,0,0
46468,0,0,0,0,0,1,0,0
40498,1,0,0,0,0,0,0,0
43732,1,0,0,0,0,0,0,0
36895,1,0,0,0,0,0,0,0
48629,0,0,0,0,1,0,0,0
28478,0,0,0,0,0,1,0,0
14450,0,0,0,0,0,1,0,0
55901,1,0,0,0,0,0,0,0
46486,0,0,0,1,0,0,0,0
19098,0,0,0,0,0,1,0,0
36923,1,0,0,0,0,0,0,0
51776,0,1,0,0,0,0,0,0
3429,1,0,0,0,0,0,0,0
3397,1,0,0,0,0,0,0,0
55913,1,0,0,0,0,0,0,0
57075,1,0,0,0,0,0,0,0
56722,1,0,0,0,0,0,0,0
57694,1,0,0,0,0,0,0,0
8973,1,0,0,0,0,0,0,0
19110,1,0,0,0,0,0,0,0
14463,1,0,0,0,0,0,0,0
28487,1,0,0,0,0,0,0,0
23920,1,0,0,0,0,0,0,0
36940,1,0,0,0,0,0,0,0
32812,1,0,0,0,0,0,0,0
43749,1,0,0,0,0,0,0,0
46503,1,0,0,0,0,0,0,0
51780,1,0,0,0,0,0,0,0
50414,1,0,0,0,0,0,0,0
19119,1,0,0,0,0,0,0,0
55292,1,0,0,0,0,0,0,0
54626,1,0,0,0,0,0,0,0
56337,1,0,0,0,0,0,0,0
56728,1,0,0,0,0,0,0,0
57698,1,0,0,0,0,0,0,0
57362,1,0,0,0,0,0,0,0
40515,1,0,0,0,0,0,0,0
46513,1,0,0,0,0,0,0,0
50425,1,0,0,0,0,0,0,0
53855,1,0,0,0,0,0,0,0
53021,1,0,0,0,0,0,0,0
54637,1,0,0,0,0,0,0,0
8977,1,0,0,0,0,0,0,0
3426,1,0,0,0,0,0,0,0
50443,1,0,0,0,0,0,0,0
55928,1,0,0,0,0,0,0,0
57376,1,0,0,0,0,0,0,0
57717,1,0,0,0,0,0,0,0
23930,1,0,0,0,0,0,0,0
36961,1,0,0,0,0,0,0,0
40528,1,0,0,0,0,0,0,0
32850,1,0,0,0,0,0,0,0
28506,1,0,0,0,0,0,0,0
50438,1,0,0,0,0,0,0,0
32861,1,0,0,0,0,0,0,0
14481,1,0,0,0,0,0,0,0
23938,1,0,0,0,0,0,0,0
32864,1,0,0,0,0,0,0,0
46527,1,0,0,0,0,0,0,0
58382,1,0,0,0,0,0,0,0
3450,1,0,0,0,0,0,0,0
8986,1,0,0,0,0,0,0,0
43774,0,0,0,0,1,0,0,0
19138,0,0,0,0,1,0,0,0
28515,0,0,0,0,1,0,0,0
43791,1,0,0,0,0,0,0,0
14503,0,0,0,0,1,0,0,0
14516,0,0,0,0,1,0,0,0
36980,0,0,0,0,0,0,0,1
19159,1,0,0,0,0,0,0,0
23953,1,0,0,0,0,0,0,0
36997,1,0,0,0,0,0,0,0
51796,1,0,0,0,0,0,0,0
54668,1,0,0,0,0,0,0,0
9079,0,0,0,0,0,1,0,0
43810,0,0,0,0,1,0,0,0
32900,0,0,0,0,1,0,0,0
23956,0,0,0,0,0,1,0,0
19199,0,0,0,0,1,0,0,0
40551,0,0,0,1,0,0,0,0
19194,0,0,0,0,1,0,0,0
32902,0,0,0,0,0,1,0,0
36999,0,0,0,0,1,0,0,0
3490,0,0,0,0,0,1,0,0
28538,0,0,0,0,0,0,0,1
19207,0,0,0,0,1,0,0,0
48702,0,0,0,0,1,0,0,0
57917,1,0,0,0,0,0,0,0
23977,1,0,0,0,0,0,0,0
43854,1,0,0,0,0,0,0,0
53891,1,0,0,0,0,0,0,0
32922,0,0,1,0,0,0,0,0
9137,0,0,0,0,0,1,0,0
48710,0,0,0,0,0,1,0,0
3790,1,0,0,0,0,0,0,0
58618,1,0,0,0,0,0,0,0
43863,0,0,0,0,0,1,0,0
3952,0,0,0,0,1,0,0,0
24018,0,0,1,0,0,0,0,0
24033,0,0,0,1,0,0,0,0
24053,0,0,0,0,0,1,0,0
19374,0,0,0,0,0,1,0,0
37075,0,0,0,0,0,1,0,0
53053,1,0,0,0,0,0,0,0
3999,1,0,0,0,0,0,0,0
43909,1,0,0,0,0,0,0,0
46584,1,0,0,0,0,0,0,0
48738,1,0,0,0,0,0,0,0
51814,1,0,0,0,0,0,0,0
53069,1,0,0,0,0,0,0,0
53898,1,0,0,0,0,0,0,0
9389,1,0,0,0,0,0,0,0
9387,1,0,0,0,0,0,0,0
14618,1,0,0,0,0,0,0,0
24066,1,0,0,0,0,0,0,0
28633,1,0,0,0,0,0,0,0
28630,1,0,0,0,0,0,0,0
37086,1,0,0,0,0,0,0,0
55321,1,0,0,0,0,0,0,0
53909,1,0,0,0,0,0,0,0
58470,1,0,0,0,0,0,0,0
24092,1,0,0,0,0,0,0,0
32975,0,1,0,0,0,0,0,0
32996,1,0,0,0,0,0,0,0
46595,0,0,0,0,0,1,0,0
53075,0,0,0,0,0,1,0,0
14644,0,0,0,0,1,0,0,0
28663,0,0,0,0,1,0,0,0
57922,1,0,0,0,0,0,0,0
19390,1,0,0,0,0,0,0,0
33004,0,0,0,0,1,0,0,0
19403,1,0,0,0,0,0,0,0
53084,1,0,0,0,0,0,0,0
40665,1,0,0,0,0,0,0,0
46625,1,0,0,0,0,0,0,0
19416,0,0,0,0,1,0,0,0
53090,0,1,0,0,0,0,0,0
46646,0,1,0,0,0,0,0,0
40670,0,0,0,0,1,0,0,0
46653,0,0,1,0,0,0,0,0
33017,1,0,0,0,0,0,0,0
55334,0,1,0,0,0,0,0,0
58486,1,0,0,0,0,0,0,0
48774,0,0,0,0,0,1,0,0
14669,0,0,0,0,1,0,0,0
9482,0,0,0,0,1,0,0,0
14680,0,0,0,0,1,0,0,0
19422,1,0,0,0,0,0,0,0
57095,1,0,0,0,0,0,0,0
58386,1,0,0,0,0,0,0,0
43965,1,0,0,0,0,0,0,0
9494,1,0,0,0,0,0,0,0
4061,1,0,0,0,0,0,0,0
14692,1,0,0,0,0,0,0,0
46677,1,0,0,0,0,0,0,0
9498,0,0,0,0,0,1,0,0
48782,0,0,0,0,1,0,0,0
28712,0,0,0,0,1,0,0,0
48784,1,0,0,0,0,0,0,0
9509,0,0,0,1,0,0,0,0
46689,0,0,0,0,1,0,0,0
53094,0,0,1,0,0,0,0,0
9524,0,0,0,0,1,0,0,0
28724,0,0,0,0,1,0,0,0
19451,0,0,0,0,1,0,0,0
19465,1,0,0,0,0,0,0,0
53915,1,0,0,0,0,0,0,0
53100,1,0,0,0,0,0,0,0
57724,1,0,0,0,0,0,0,0
57099,1,0,0,0,0,0,0,0
43995,0,0,0,0,1,0,0,0
4149,1,0,0,0,0,0,0,0
55947,1,0,0,0,0,0,0,0
40733,1,0,0,0,0,0,0,0
55341,1,0,0,0,0,0,0,0
19483,1,0,0,0,0,0,0,0
44016,1,0,0,0,0,0,0,0
44021,1,0,0,0,0,0,0,0
19493,1,0,0,0,0,0,0,0
19496,0,0,0,0,0,1,0,0
28792,0,0,0,0,1,0,0,0
28801,0,0,0,0,1,0,0,0
4248,0,0,0,0,1,0,0,0
28813,0,0,0,1,0,0,0,0
48821,1,0,0,0,0,0,0,0
40751,0,0,0,0,0,1,0,0
9621,1,0,0,0,0,0,0,0
24286,0,0,0,0,1,0,0,0
55957,1,0,0,0,0,0,0,0
53105,0,0,1,0,0,0,0,0
46744,1,0,0,0,0,0,0,0
24293,0,0,0,0,1,0,0,0
14751,0,0,0,0,0,1,0,0
33081,0,0,0,0,1,0,0,0
40765,1,0,0,0,0,0,0,0
9659,0,0,1,0,0,0,0,0
24300,0,0,0,0,0,1,0,0
28830,0,0,0,1,0,0,0,0
19544,1,0,0,0,0,0,0,0
44073,1,0,0,0,0,0,0,0
28845,0,0,0,0,0,1,0,0
19562,1,0,0,0,0,0,0,0
50571,0,0,0,1,0,0,0,0
33122,0,0,0,0,1,0,0,0
24337,1,0,0,0,0,0,0,0
19618,1,0,0,0,0,0,0,0
24347,1,0,0,0,0,0,0,0
14853,1,0,0,0,0,0,0,0
4283,1,0,0,0,0,0,0,0
28891,1,0,0,0,0,0,0,0
19636,0,1,0,0,0,0,0,0
24371,0,0,0,0,1,0,0,0
14878,1,0,0,0,0,0,0,0
4314,0,0,0,0,1,0,0,0
28928,0,0,0,0,1,0,0,0
40792,0,1,0,0,0,0,0,0
37233,0,0,0,1,0,0,0,0
28936,1,0,0,0,0,0,0,0
46750,0,0,0,0,1,0,0,0
19677,0,0,1,0,0,0,0,0
14919,0,0,0,0,1,0,0,0
24405,0,0,0,0,0,1,0,0
19714,0,0,0,0,1,0,0,0
9714,0,0,0,0,1,0,0,0
40800,0,0,0,1,0,0,0,0
19722,0,0,0,0,0,1,0,0
37294,1,0,0,0,0,0,0,0
4341,1,0,0,0,0,0,0,0
46767,1,0,0,0,0,0,0,0
24428,0,0,0,0,1,0,0,0
51871,0,0,0,0,0,1,0,0
19742,0,0,0,0,0,1,0,0
44143,0,0,0,0,1,0,0,0
33168,0,1,0,0,0,0,0,0
19770,0,0,0,0,0,1,0,0
14976,0,0,0,0,1,0,0,0
33177,0,0,0,0,0,0,0,1
40818,0,0,0,0,0,1,0,0
55973,0,1,0,0,0,0,0,0
40835,0,0,0,0,1,0,0,0
40824,0,0,0,0,0,1,0,0
58490,1,0,0,0,0,0,0,0
40845,0,0,0,0,0,1,0,0
56372,0,0,0,0,1,0,0,0
55978,0,0,0,0,1,0,0,0
56769,0,0,0,0,1,0,0,0
24502,0,0,0,0,1,0,0,0
44174,0,1,0,0,0,0,0,0
37322,0,0,1,0,0,0,0,0
24522,0,0,0,0,1,0,0,0
55362,0,1,0,0,0,0,0,0
44184,0,0,0,0,0,1,0,0
19831,0,0,1,0,0,0,0,0
37347,0,0,0,0,1,0,0,0
33230,1,0,0,0,0,0,0,0
15038,0,0,0,0,1,0,0,0
44189,0,0,1,0,0,0,0,0
29011,0,1,0,0,0,0,0,0
9776,0,0,0,0,1,0,0,0
9798,0,0,0,0,0,1,0,0
40860,0,0,0,0,0,1,0,0
9809,1,0,0,0,0,0,0,0
15084,0,0,0,0,0,1,0,0
24545,1,0,0,0,0,0,0,0
29027,1,0,0,0,0,0,0,0
57422,0,0,0,0,1,0,0,0
37397,0,0,0,0,1,0,0,0
33232,0,0,0,0,1,0,0,0
19859,0,0,0,0,0,1,0,0
53959,1,0,0,0,0,0,0,0
9835,1,0,0,0,0,0,0,0
15102,1,0,0,0,0,0,0,0
24557,1,0,0,0,0,0,0,0
4440,1,0,0,0,0,0,0,0
19869,1,0,0,0,0,0,0,0
48897,1,0,0,0,0,0,0,0
44214,1,0,0,0,0,0,0,0
46819,1,0,0,0,0,0,0,0
33247,1,0,0,0,0,0,0,0
29083,1,0,0,0,0,0,0,0
40911,1,0,0,0,0,0,0,0
48905,1,0,0,0,0,0,0,0
46822,1,0,0,0,0,0,0,0
53966,1,0,0,0,0,0,0,0
54722,1,0,0,0,0,0,0,0
56380,1,0,0,0,0,0,0,0
57117,1,0,0,0,0,0,0,0
56775,1,0,0,0,0,0,0,0
58124,1,0,0,0,0,0,0,0
57733,1,0,0,0,0,0,0,0
57431,1,0,0,0,0,0,0,0
4490,1,0,0,0,0,0,0,0
29116,1,0,0,0,0,0,0,0
37430,1,0,0,0,0,0,0,0
33292,1,0,0,0,0,0,0,0
40936,1,0,0,0,0,0,0,0
37424,1,0,0,0,0,0,0,0
51902,1,0,0,0,0,0,0,0
48913,1,0,0,0,0,0,0,0
48921,1,0,0,0,0,0,0,0
44237,1,0,0,0,0,0,0,0
44229,1,0,0,0,0,0,0,0
46825,1,0,0,0,0,0,0,0
15154,1,0,0,0,0,0,0,0
9885,1,0,0,0,0,0,0,0
53998,1,0,0,0,0,0,0,0
51951,1,0,0,0,0,0,0,0
50645,1,0,0,0,0,0,0,0
53183,1,0,0,0,0,0,0,0
53994,1,0,0,0,0,0,0,0
51947,1,0,0,0,0,0,0,0
33346,1,0,0,0,0,0,0,0
24678,1,0,0,0,0,0,0,0
29147,1,0,0,0,0,0,0,0
54005,1,0,0,0,0,0,0,0
51954,1,0,0,0,0,0,0,0
29158,1,0,0,0,0,0,0,0
53188,1,0,0,0,0,0,0,0
46860,1,0,0,0,0,0,0,0
40985,1,0,0,0,0,0,0,0
10011,1,0,0,0,0,0,0,0
10022,1,0,0,0,0,0,0,0
20027,1,0,0,0,0,0,0,0
15230,1,0,0,0,0,0,0,0
15236,1,0,0,0,0,0,0,0
4648,1,0,0,0,0,0,0,0
50673,1,0,0,0,0,0,0,0
29178,1,0,0,0,0,0,0,0
40994,1,0,0,0,0,0,0,0
33370,1,0,0,0,0,0,0,0
37478,1,0,0,0,0,0,0,0
56015,1,0,0,0,0,0,0,0
46874,1,0,0,0,0,0,0,0
37482,1,0,0,0,0,0,0,0
44283,1,0,0,0,0,0,0,0
41004,1,0,0,0,0,0,0,0
55403,1,0,0,0,0,0,0,0
56020,1,0,0,0,0,0,0,0
56793,1,0,0,0,0,0,0,0
57139,1,0,0,0,0,0,0,0
57460,1,0,0,0,0,0,0,0
29186,1,0,0,0,0,0,0,0
20033,1,0,0,0,0,0,0,0
33295,1,0,0,0,0,0,0,0
29121,1,0,0,0,0,0,0,0
29129,1,0,0,0,0,0,0,0
53137,1,0,0,0,0,0,0,0
50618,1,0,0,0,0,0,0,0
51907,1,0,0,0,0,0,0,0
9895,1,0,0,0,0,0,0,0
19945,1,0,0,0,0,0,0,0
4516,1,0,0,0,0,0,0,0
19948,1,0,0,0,0,0,0,0
9910,1,0,0,0,0,0,0,0
15167,1,0,0,0,0,0,0,0
53154,1,0,0,0,0,0,0,0
54728,1,0,0,0,0,0,0,0
50641,1,0,0,0,0,0,0,0
48939,1,0,0,0,0,0,0,0
46853,1,0,0,0,0,0,0,0
4546,1,0,0,0,0,0,0,0
40957,1,0,0,0,0,0,0,0
33325,1,0,0,0,0,0,0,0
40968,0,1,0,0,0,0,0,0
9968,1,0,0,0,0,0,0,0
4579,1,0,0,0,0,0,0,0
9982,1,0,0,0,0,0,0,0
10034,1,0,0,0,0,0,0,0
24714,1,0,0,0,0,0,0,0
10042,1,0,0,0,0,0,0,0
41012,0,0,0,1,0,0,0,0
10048,1,0,0,0,0,0,0,0
29255,0,0,0,0,1,0,0,0
10069,1,0,0,0,0,0,0,0
54044,1,0,0,0,0,0,0,0
10092,1,0,0,0,0,0,0,0
4688,0,0,0,0,1,0,0,0
55421,0,0,0,0,1,0,0,0
15299,0,1,0,0,0,0,0,0
41042,1,0,0,0,0,0,0,0
24731,0,0,0,1,0,0,0,0
50692,1,0,0,0,0,0,0,0
51998,1,0,0,0,0,0,0,0
29339,0,0,0,1,0,0,0,0
41059,0,0,0,1,0,0,0,0
50695,0,0,0,0,0,1,0,0
24742,0,0,0,0,0,1,0,0
20064,1,0,0,0,0,0,0,0
33413,0,0,0,0,0,1,0,0
53216,0,0,0,0,1,0,0,0
54059,0,0,0,0,1,0,0,0
54760,0,0,0,0,1,0,0,0
41067,0,0,0,0,1,0,0,0
10122,0,0,0,0,1,0,0,0
41077,0,0,0,0,0,1,0,0
4846,0,0,0,0,1,0,0,0
33437,1,0,0,0,0,0,0,0
20069,0,0,0,0,1,0,0,0
24812,0,0,0,1,0,0,0,0
15307,0,0,0,0,0,1,0,0
29363,0,0,0,1,0,0,0,0
4869,0,0,0,0,0,0,1,0
20094,1,0,0,0,0,0,0,0
33462,0,0,0,0,0,1,0,0
15318,0,0,0,0,0,1,0,0
10148,0,0,0,0,1,0,0,0
10160,0,0,0,0,1,0,0,0
20117,0,0,1,0,0,0,0,0
10167,0,0,0,0,0,1,0,0
24843,0,0,0,0,1,0,0,0
50711,0,0,0,0,0,1,0,0
44311,1,0,0,0,0,0,0,0
10177,0,0,0,0,0,1,0,0
33503,1,0,0,0,0,0,0,0
29402,0,1,0,0,0,0,0,0
15379,1,0,0,0,0,0,0,0
29418,1,0,0,0,0,0,0,0
24899,1,0,0,0,0,0,0,0
20147,1,0,0,0,0,0,0,0
37587,1,0,0,0,0,0,0,0
41159,1,0,0,0,0,0,0,0
46934,1,0,0,0,0,0,0,0
33534,1,0,0,0,0,0,0,0
44350,1,0,0,0,0,0,0,0
10211,1,0,0,0,0,0,0,0
24906,1,0,0,0,0,0,0,0
15385,1,0,0,0,0,0,0,0
29421,1,0,0,0,0,0,0,0
4909,1,0,0,0,0,0,0,0
20153,1,0,0,0,0,0,0,0
46947,1,0,0,0,0,0,0,0
41175,1,0,0,0,0,0,0,0
49024,1,0,0,0,0,0,0,0
33559,1,0,0,0,0,0,0,0
44364,1,0,0,0,0,0,0,0
37625,1,0,0,0,0,0,0,0
50754,1,0,0,0,0,0,0,0
44385,1,0,0,0,0,0,0,0
52051,1,0,0,0,0,0,0,0
54799,1,0,0,0,0,0,0,0
53259,1,0,0,0,0,0,0,0
56029,1,0,0,0,0,0,0,0
55448,1,0,0,0,0,0,0,0
10221,1,0,0,0,0,0,0,0
20177,1,0,0,0,0,0,0,0
56434,1,0,0,0,0,0,0,0
57763,1,0,0,0,0,0,0,0
57466,1,0,0,0,0,0,0,0
57969,1,0,0,0,0,0,0,0
57157,1,0,0,0,0,0,0,0
53279,1,0,0,0,0,0,0,0
54119,1,0,0,0,0,0,0,0
55471,1,0,0,0,0,0,0,0
50778,1,0,0,0,0,0,0,0
52094,1,0,0,0,0,0,0,0
53288,1,0,0,0,0,0,0,0
54824,1,0,0,0,0,0,0,0
55480,1,0,0,0,0,0,0,0
50781,1,0,0,0,0,0,0,0
54124,1,0,0,0,0,0,0,0
24914,1,0,0,0,0,0,0,0
37594,1,0,0,0,0,0,0,0
53255,1,0,0,0,0,0,0,0
56025,1,0,0,0,0,0,0,0
15391,1,0,0,0,0,0,0,0
58502,1,0,0,0,0,0,0,0
58405,1,0,0,0,0,0,0,0
37615,1,0,0,0,0,0,0,0
52047,1,0,0,0,0,0,0,0
46942,1,0,0,0,0,0,0,0
10217,1,0,0,0,0,0,0,0
20162,1,0,0,0,0,0,0,0
15409,1,0,0,0,0,0,0,0
57462,1,0,0,0,0,0,0,0
57964,1,0,0,0,0,0,0,0
57769,1,0,0,0,0,0,0,0
46989,1,0,0,0,0,0,0,0
49043,1,0,0,0,0,0,0,0
20197,0,0,0,0,0,0,0,1
49048,0,0,1,0,0,0,0,0
29462,0,0,0,0,1,0,0,0
56809,0,1,0,0,0,0,0,0
53294,0,0,0,1,0,0,0,0
4961,0,0,0,0,0,1,0,0
5019,0,0,0,1,0,0,0,0
10278,1,0,0,0,0,0,0,0
41204,0,0,0,0,0,1,0,0
41216,1,0,0,0,0,0,0,0
37667,0,0,0,0,1,0,0,0
10291,0,0,0,0,1,0,0,0
15450,0,0,0,0,1,0,0,0
5024,0,0,0,0,0,1,0,0
5074,1,0,0,0,0,0,0,0
15455,0,0,1,0,0,0,0,0
5088,0,0,0,0,1,0,0,0
56815,1,0,0,0,0,0,0,0
37679,0,0,1,0,0,0,0,0
58560,1,0,0,0,0,0,0,0
15470,0,0,0,0,1,0,0,0
55488,1,0,0,0,0,0,0,0
15487,0,0,0,0,0,1,0,0
10308,0,0,0,0,0,1,0,0
20227,0,0,0,0,0,1,0,0
41238,0,0,0,0,0,1,0,0
5110,0,0,0,0,0,1,0,0
20314,0,0,0,0,0,1,0,0
20569,0,0,0,0,1,0,0,0
37723,0,0,0,0,0,1,0,0
44419,0,0,0,0,0,1,0,0
25047,0,0,0,0,0,1,0,0
29492,0,0,0,0,0,1,0,0
25073,0,0,0,0,1,0,0,0
29525,0,0,0,0,0,1,0,0
58572,1,0,0,0,0,0,0,0
50849,1,0,0,0,0,0,0,0
44466,0,0,0,0,0,1,0,0
54860,1,0,0,0,0,0,0,0
44473,0,0,0,0,1,0,0,0
29536,0,0,0,0,0,1,0,0
5157,0,0,0,0,1,0,0,0
15548,0,0,0,0,0,1,0,0
10391,1,0,0,0,0,0,0,0
25091,0,0,0,0,1,0,0,0
29549,0,0,0,0,0,1,0,0
41292,0,0,0,0,1,0,0,0
10403,0,1,0,0,0,0,0,0
37751,1,0,0,0,0,0,0,0
33669,1,0,0,0,0,0,0,0
44489,0,0,0,0,1,0,0,0
25100,0,0,1,0,0,0,0,0
41311,1,0,0,0,0,0,0,0
47074,0,0,0,0,1,0,0,0
50857,0,0,0,0,0,1,0,0
10425,1,0,0,0,0,0,0,0
56455,1,0,0,0,0,0,0,0
25138,0,0,0,0,0,1,0,0
41326,0,0,0,0,0,1,0,0
29561,0,0,0,0,1,0,0,0
10446,1,0,0,0,0,0,0,0
52158,1,0,0,0,0,0,0,0
49145,1,0,0,0,0,0,0,0
58737,1,0,0,0,0,0,0,0
50899,0,1,0,0,0,0,0,0
5190,0,0,0,0,1,0,0,0
15583,0,0,0,0,1,0,0,0
41365,0,0,0,0,1,0,0,0
33735,0,0,1,0,0,0,0,0
49151,0,1,0,0,0,0,0,0
44527,1,0,0,0,0,0,0,0
37850,1,0,0,0,0,0,0,0
56856,1,0,0,0,0,0,0,0
33790,0,0,0,0,0,1,0,0
25157,1,0,0,0,0,0,0,0
44544,0,0,0,0,1,0,0,0
37892,1,0,0,0,0,0,0,0
10483,1,0,0,0,0,0,0,0
41417,0,0,0,0,1,0,0,0
5217,0,0,0,0,1,0,0,0
58868,1,0,0,0,0,0,0,0
58890,1,0,0,0,0,0,0,0
25173,0,0,0,0,0,1,0,0
15666,0,0,0,0,1,0,0,0
10487,1,0,0,0,0,0,0,0
10516,1,0,0,0,0,0,0,0
52171,0,0,0,0,0,1,0,0
49176,0,0,0,0,0,1,0,0
15674,0,0,0,0,0,1,0,0
29637,1,0,0,0,0,0,0,0
50926,1,0,0,0,0,0,0,0
15687,0,0,0,0,0,1,0,0
44573,0,0,0,0,1,0,0,0
52177,1,0,0,0,0,0,0,0
50865,0,0,0,0,1,0,0,0
56842,0,0,0,0,0,1,0,0
37832,0,0,0,0,0,1,0,0
57506,1,0,0,0,0,0,0,0
50919,0,0,0,0,1,0,0,0
10562,0,0,0,0,1,0,0,0
49185,0,0,0,1,0,0,0,0
37939,1,0,0,0,0,0,0,0
10608,0,0,0,1,0,0,0,0
47223,0,0,0,0,1,0,0,0
15702,0,0,0,1,0,0,0,0
20492,0,0,0,0,1,0,0,0
20499,0,0,0,0,0,1,0,0
41449,0,0,0,0,1,0,0,0
10624,0,0,0,0,1,0,0,0
29680,1,0,0,0,0,0,0,0
53346,0,0,0,0,1,0,0,0
5271,1,0,0,0,0,0,0,0
50958,0,0,1,0,0,0,0,0
5328,0,0,1,0,0,0,0,0
52207,0,0,0,1,0,0,0,0
54896,1,0,0,0,0,0,0,0
25217,0,0,0,0,0,1,0,0
50963,0,0,1,0,0,0,0,0
5355,1,0,0,0,0,0,0,0
29700,1,0,0,0,0,0,0,0
47231,1,0,0,0,0,0,0,0
56065,1,0,0,0,0,0,0,0
49214,1,0,0,0,0,0,0,0
10639,1,0,0,0,0,0,0,0
41490,1,0,0,0,0,0,0,0
5368,1,0,0,0,0,0,0,0
56068,1,0,0,0,0,0,0,0
33889,1,0,0,0,0,0,0,0
10654,0,0,0,0,0,1,0,0
47239,0,0,0,0,1,0,0,0
33923,0,0,0,0,0,1,0,0
49223,0,0,1,0,0,0,0,0
15804,0,0,1,0,0,0,0,0
33941,0,0,0,0,0,1,0,0
56476,0,1,0,0,0,0,0,0
52210,0,0,0,0,0,1,0,0
15813,0,0,0,0,0,1,0,0
10658,0,0,0,0,0,1,0,0
54180,0,0,0,0,0,1,0,0
49238,0,0,0,0,0,1,0,0
10675,0,0,0,0,1,0,0,0
53362,0,0,0,0,0,1,0,0
38026,0,0,0,0,0,1,0,0
10684,0,0,0,0,0,1,0,0
56485,1,0,0,0,0,0,0,0
10698,1,0,0,0,0,0,0,0
5462,1,0,0,0,0,0,0,0
15849,1,0,0,0,0,0,0,0
44645,1,0,0,0,0,0,0,0
38052,1,0,0,0,0,0,0,0
41518,1,0,0,0,0,0,0,0
50972,0,0,0,0,1,0,0,0
58295,1,0,0,0,0,0,0,0
20563,1,0,0,0,0,0,0,0
49254,0,0,0,0,0,1,0,0
5477,1,0,0,0,0,0,0,0
25245,1,0,0,0,0,0,0,0
38064,0,0,0,0,1,0,0,0
44668,0,0,0,0,1,0,0,0
20578,0,0,1,0,0,0,0,0
50977,1,0,0,0,0,0,0,0
15879,0,0,0,1,0,0,0,0
29744,0,0,0,0,0,1,0,0
49281,1,0,0,0,0,0,0,0
25256,0,0,1,0,0,0,0,0
49283,0,1,0,0,0,0,0,0
49291,0,0,0,0,0,1,0,0
50979,0,0,0,0,0,1,0,0
20603,1,0,0,0,0,0,0,0
101,0,0,0,0,1,0,0,0
47286,0,0,0,0,0,1,0,0
34017,0,0,0,0,0,1,0,0
41552,0,0,0,0,1,0,0,0
29766,0,0,0,0,1,0,0,0
10905,0,0,0,0,0,1,0,0
15914,0,0,0,0,1,0,0,0
44710,0,0,0,0,0,1,0,0
49297,0,0,0,0,0,1,0,0
53372,1,0,0,0,0,0,0,0
15922,0,0,0,0,0,1,0,0
25275,1,0,0,0,0,0,0,0
54934,1,0,0,0,0,0,0,0
34059,0,0,0,0,0,0,0,1
25283,1,0,0,0,0,0,0,0
49307,1,0,0,0,0,0,0,0
15945,0,0,1,0,0,0,0,0
29788,1,0,0,0,0,0,0,0
10930,1,0,0,0,0,0,0,0
47293,1,0,0,0,0,0,0,0
50986,1,0,0,0,0,0,0,0
52235,1,0,0,0,0,0,0,0
53375,1,0,0,0,0,0,0,0
54955,1,0,0,0,0,0,0,0
55525,1,0,0,0,0,0,0,0
56082,1,0,0,0,0,0,0,0
56865,1,0,0,0,0,0,0,0
57780,1,0,0,0,0,0,0,0
58169,1,0,0,0,0,0,0,0
58306,1,0,0,0,0,0,0,0
58421,1,0,0,0,0,0,0,0
20647,1,0,0,0,0,0,0,0
58630,1,0,0,0,0,0,0,0
41613,1,0,0,0,0,0,0,0
44722,1,0,0,0,0,0,0,0
41616,0,0,0,0,1,0,0,0
20670,0,0,0,0,1,0,0,0
54961,0,0,1,0,0,0,0,0
54965,1,0,0,0,0,0,0,0
56869,1,0,0,0,0,0,0,0
25304,1,0,0,0,0,0,0,0
56085,1,0,0,0,0,0,0,0
29836,1,0,0,0,0,0,0,0
58005,1,0,0,0,0,0,0,0
10975,1,0,0,0,0,0,0,0
34149,0,0,0,0,1,0,0,0
55529,1,0,0,0,0,0,0,0
5712,1,0,0,0,0,0,0,0
11041,1,0,0,0,0,0,0,0
16095,1,0,0,0,0,0,0,0
16125,0,0,0,0,1,0,0,0
34280,0,0,0,0,0,1,0,0
10988,0,0,0,0,0,1,0,0
25354,0,0,0,0,0,1,0,0
11004,0,0,0,0,1,0,0,0
20734,0,0,1,0,0,0,0,0
5632,0,0,0,0,1,0,0,0
44775,0,0,0,0,0,1,0,0
5656,1,0,0,0,0,0,0,0
11011,1,0,0,0,0,0,0,0
25378,0,0,0,0,0,1,0,0
16035,0,0,0,0,0,1,0,0
5660,0,0,0,0,1,0,0,0
52265,0,0,1,0,0,0,0,0
29888,0,0,1,0,0,0,0,0
29882,0,0,1,0,0,0,0,0
34187,0,0,0,0,0,1,0,0
20765,0,0,0,0,1,0,0,0
56507,0,1,0,0,0,0,0,0
44803,0,0,0,0,1,0,0,0
38223,0,0,0,0,1,0,0,0
56883,1,0,0,0,0,0,0,0
55535,0,0,0,0,0,1,0,0
11027,0,0,0,0,0,1,0,0
34205,0,0,0,0,0,1,0,0
29928,0,0,0,0,1,0,0,0
5677,1,0,0,0,0,0,0,0
29938,1,0,0,0,0,0,0,0
5691,1,0,0,0,0,0,0,0
5706,0,0,0,0,1,0,0,0
11037,0,0,0,0,1,0,0,0
34229,0,0,1,0,0,0,0,0
5710,0,0,0,0,1,0,0,0
11050,0,0,0,1,0,0,0,0
56511,1,0,0,0,0,0,0,0
25441,0,0,0,0,1,0,0,0
11058,0,0,1,0,0,0,0,0
38266,0,0,0,0,0,1,0,0
25447,0,0,1,0,0,0,0,0
47322,0,0,0,0,0,1,0,0
57791,0,1,0,0,0,0,0,0
29962,0,0,0,1,0,0,0,0
52286,0,0,0,0,1,0,0,0
47343,0,0,0,0,1,0,0,0
29975,0,0,0,0,1,0,0,0
38273,0,0,0,0,0,1,0,0
34247,0,0,0,0,0,1,0,0
5763,0,0,0,0,0,1,0,0
11101,0,0,1,0,0,0,0,0
29995,0,0,0,1,0,0,0,0
41732,1,0,0,0,0,0,0,0
34272,0,0,0,0,1,0,0,0
49366,0,0,0,0,1,0,0,0
11181,0,1,0,0,0,0,0,0
16136,0,0,1,0,0,0,0,0
5789,0,0,1,0,0,0,0,0
49390,0,0,1,0,0,0,0,0
34296,0,0,0,0,1,0,0,0
11201,0,0,0,0,1,0,0,0
16160,0,0,0,1,0,0,0,0
30024,0,0,0,1,0,0,0,0
38323,0,0,0,1,0,0,0,0
25522,1,0,0,0,0,0,0,0
49419,0,1,0,0,0,0,0,0
52328,0,0,0,0,0,0,1,0
41768,0,0,0,1,0,0,0,0
44869,0,0,1,0,0,0,0,0
16203,0,0,0,0,0,1,0,0
47481,0,0,0,0,0,1,0,0
11382,0,0,1,0,0,0,0,0
21197,0,0,1,0,0,0,0,0
12070,0,0,0,0,0,1,0,0
55689,1,0,0,0,0,0,0,0
45455,0,0,0,0,0,1,0,0
51341,0,0,0,0,0,1,0,0
42619,0,0,0,0,0,1,0,0
39243,0,0,0,0,0,1,0,0
39262,0,0,0,0,1,0,0,0
7464,0,0,0,0,0,1,0,0
54481,0,0,0,0,1,0,0,0
22734,0,0,0,0,0,1,0,0
42996,0,0,0,0,0,1,0,0
39669,0,0,0,0,0,1,0,0
45905,0,0,1,0,0,0,0,0
45995,0,0,0,0,0,1,0,0
46059,0,0,0,0,0,1,0,0
18470,0,0,1,0,0,0,0,0
28071,0,0,1,0,0,0,0,0
32387,0,0,0,0,1,0,0,0
48621,0,0,0,0,0,1,0,0
50386,0,0,0,0,0,1,0,0
43940,0,0,1,0,0,0,0,0
9519,0,0,0,0,0,1,0,0
24237,0,0,0,0,0,1,0,0
37201,1,0,0,0,0,0,0,0
37246,0,0,1,0,0,0,0,0
19840,0,0,0,0,0,1,0,0
37385,0,0,0,0,0,1,0,0
10411,0,0,0,0,0,1,0,0
33862,0,0,0,0,0,1,0,0
29692,0,0,0,0,1,0,0,0
5346,0,0,0,0,0,1,0,0
38094,0,0,0,0,1,0,0,0
29845,1,0,0,0,0,0,0,0
20711,1,0,0,0,0,0,0,0
5644,0,0,1,0,0,0,0,0
34175,0,0,0,0,0,1,0,0
41667,0,0,1,0,0,0,0,0
